parent,child
._reference,a_great_institution
33bienal,a_great_institution
accessible,a_great_institution
audible_traffic_lights,a_great_institution
bar,a_great_institution
bells,a_great_institution
birds,a_great_institution
blindwiki,a_great_institution
bridges,a_great_institution
car,a_great_institution
carnevale,a_great_institution
caution,a_great_institution
crowded_environment,a_great_institution
culture,a_great_institution
dangerous,a_great_institution
dead,a_great_institution
description,a_great_institution
door,a_great_institution
easter,a_great_institution
fish,a_great_institution
foundations,a_great_institution
friendship,a_great_institution
fruits,a_great_institution
garden,a_great_institution
girls,a_great_institution
he_lives_together,a_great_institution
headquarters,a_great_institution
hiking,a_great_institution
hospital,a_great_institution
iglesia,a_great_institution
lande,a_great_institution
library,a_great_institution
luci,a_great_institution
machine,a_great_institution
market,a_great_institution
meeting,a_great_institution
memorial,a_great_institution
mislata,a_great_institution
museum,a_great_institution
music,a_great_institution
neighborhood,a_great_institution
night,a_great_institution
obstacle,a_great_institution
perfumes,a_great_institution
project,a_great_institution
rain,a_great_institution
restaurant,a_great_institution
sculpture,a_great_institution
sculptures,a_great_institution
sole,a_great_institution
sorocaba,a_great_institution
streets,a_great_institution
tactile,a_great_institution
temporary,a_great_institution
test,a_great_institution
theater,a_great_institution
touch,a_great_institution
tranquillity,a_great_institution
tree,a_great_institution
university,a_great_institution
vaporetto,a_great_institution
venice,a_great_institution
vento,a_great_institution
vision,a_great_institution
voices,a_great_institution
wall,a_great_institution
water,a_great_institution
wells,a_great_institution
words_and_more,a_great_institution
work,a_great_institution
._reference,a_humming_puzzle
33bienal,a_humming_puzzle
accessible,a_humming_puzzle
audible_traffic_lights,a_humming_puzzle
bar,a_humming_puzzle
bells,a_humming_puzzle
bike,a_humming_puzzle
birds,a_humming_puzzle
blindwiki,a_humming_puzzle
bridges,a_humming_puzzle
calle_closed,a_humming_puzzle
car,a_humming_puzzle
carnevale,a_humming_puzzle
crowded_environment,a_humming_puzzle
culture,a_humming_puzzle
dangerous,a_humming_puzzle
dead,a_humming_puzzle
description,a_humming_puzzle
easter,a_humming_puzzle
foundations,a_humming_puzzle
friendship,a_humming_puzzle
garden,a_humming_puzzle
girls,a_humming_puzzle
he_lives_together,a_humming_puzzle
headquarters,a_humming_puzzle
hello,a_humming_puzzle
hiking,a_humming_puzzle
history,a_humming_puzzle
hospital,a_humming_puzzle
iglesia,a_humming_puzzle
lande,a_humming_puzzle
laramara,a_humming_puzzle
library,a_humming_puzzle
luci,a_humming_puzzle
machine,a_humming_puzzle
meeting,a_humming_puzzle
memorial,a_humming_puzzle
mislata,a_humming_puzzle
movement,a_humming_puzzle
museum,a_humming_puzzle
music,a_humming_puzzle
nature,a_humming_puzzle
neighborhood,a_humming_puzzle
night,a_humming_puzzle
obstacle,a_humming_puzzle
odor,a_humming_puzzle
piazza,a_humming_puzzle
project,a_humming_puzzle
restaurant,a_humming_puzzle
scale,a_humming_puzzle
sculpture,a_humming_puzzle
sculptures,a_humming_puzzle
sensations,a_humming_puzzle
shop,a_humming_puzzle
sole,a_humming_puzzle
sorocaba,a_humming_puzzle
sport,a_humming_puzzle
steps,a_humming_puzzle
stop,a_humming_puzzle
streets,a_humming_puzzle
temporary,a_humming_puzzle
test,a_humming_puzzle
theater,a_humming_puzzle
touch,a_humming_puzzle
tranquillity,a_humming_puzzle
tree,a_humming_puzzle
turismo,a_humming_puzzle
university,a_humming_puzzle
vaporetto,a_humming_puzzle
venice,a_humming_puzzle
vento,a_humming_puzzle
vision,a_humming_puzzle
wall,a_humming_puzzle
wells,a_humming_puzzle
words_and_more,a_humming_puzzle
work,a_humming_puzzle
33bienal,aaudiolibro
accessible,aaudiolibro
art,aaudiolibro
audible_traffic_lights,aaudiolibro
bar,aaudiolibro
bells,aaudiolibro
bike,aaudiolibro
binary,aaudiolibro
birds,aaudiolibro
bridges,aaudiolibro
calle_closed,aaudiolibro
car,aaudiolibro
carnevale,aaudiolibro
caution,aaudiolibro
crowded_environment,aaudiolibro
culture,aaudiolibro
dangerous,aaudiolibro
description,aaudiolibro
foundations,aaudiolibro
friendship,aaudiolibro
fruits,aaudiolibro
garden,aaudiolibro
germany,aaudiolibro
girls,aaudiolibro
he_lives_together,aaudiolibro
headquarters,aaudiolibro
hiking,aaudiolibro
hospital,aaudiolibro
lande,aaudiolibro
legends,aaudiolibro
library,aaudiolibro
luci,aaudiolibro
memorial,aaudiolibro
mislata,aaudiolibro
nature,aaudiolibro
night,aaudiolibro
obstacle,aaudiolibro
odor,aaudiolibro
park,aaudiolibro
paseo,aaudiolibro
people,aaudiolibro
project,aaudiolibro
rain,aaudiolibro
scale,aaudiolibro
sculpture,aaudiolibro
sensations,aaudiolibro
sole,aaudiolibro
steps,aaudiolibro
stop,aaudiolibro
streets,aaudiolibro
temporary,aaudiolibro
test,aaudiolibro
theater,aaudiolibro
tram,aaudiolibro
tranquillity,aaudiolibro
tree,aaudiolibro
turismo,aaudiolibro
university,aaudiolibro
vaporetto,aaudiolibro
wall,aaudiolibro
water,aaudiolibro
wells,aaudiolibro
words_and_more,aaudiolibro
work,aaudiolibro
._reference,abandonment
33bienal,abandonment
accessible,abandonment
ambient_noise,abandonment
art,abandonment
audible_traffic_lights,abandonment
bells,abandonment
bike,abandonment
binary,abandonment
birds,abandonment
blindwiki,abandonment
bridges,abandonment
calle_closed,abandonment
car,abandonment
carnevale,abandonment
caution,abandonment
crowded_environment,abandonment
culture,abandonment
dangerous,abandonment
dead,abandonment
door,abandonment
foundations,abandonment
friendship,abandonment
fruits,abandonment
girls,abandonment
he_lives_together,abandonment
headquarters,abandonment
hello,abandonment
hiking,abandonment
history,abandonment
hospital,abandonment
lande,abandonment
laramara,abandonment
machine,abandonment
maritime,abandonment
market,abandonment
meeting,abandonment
memorial,abandonment
mislata,abandonment
museum,abandonment
music,abandonment
night,abandonment
obstacle,abandonment
paseo,abandonment
people,abandonment
perfumes,abandonment
piazza,abandonment
project,abandonment
rain,abandonment
restaurant,abandonment
scale,abandonment
sculpture,abandonment
sculptures,abandonment
sensations,abandonment
shop,abandonment
sole,abandonment
sorocaba,abandonment
sport,abandonment
streets,abandonment
temporary,abandonment
theater,abandonment
touch,abandonment
tranquillity,abandonment
tree,abandonment
turismo,abandonment
university,abandonment
vaporetto,abandonment
venice,abandonment
vento,abandonment
vision,abandonment
voices,abandonment
wall,abandonment
water,abandonment
wells,abandonment
work,abandonment
accessible,absv
ambient_noise,absv
bells,absv
binary,absv
blindwiki,absv
bridges,absv
calle_closed,absv
car,absv
carnevale,absv
caution,absv
crowded_environment,absv
culture,absv
dangerous,absv
dead,absv
description,absv
door,absv
fish,absv
foundations,absv
friendship,absv
fruits,absv
germany,absv
girls,absv
he_lives_together,absv
headquarters,absv
hello,absv
hiking,absv
hospital,absv
lande,absv
laramara,absv
legends,absv
library,absv
luci,absv
machine,absv
market,absv
meeting,absv
mislata,absv
movement,absv
museum,absv
music,absv
nature,absv
neighborhood,absv
night,absv
obstacle,absv
odor,absv
perfumes,absv
piazza,absv
rain,absv
restaurant,absv
scale,absv
sculptures,absv
shop,absv
sole,absv
sorocaba,absv
steps,absv
streets,absv
tactile,absv
test,absv
theater,absv
touch,absv
tram,absv
tranquillity,absv
tree,absv
turismo,absv
venice,absv
vento,absv
vision,absv
voices,absv
wall,absv
water,absv
wells,absv
work,absv
33bienal,access
accessible,access
art,access
bar,access
bells,access
binary,access
birds,access
blindwiki,access
bridges,access
calle_closed,access
car,access
carnevale,access
caution,access
crowded_environment,access
culture,access
dangerous,access
dead,access
description,access
door,access
easter,access
foundations,access
friendship,access
fruits,access
garden,access
headquarters,access
hello,access
hiking,access
history,access
hospital,access
iglesia,access
laramara,access
legends,access
library,access
luci,access
machine,access
market,access
memorial,access
mislata,access
movement,access
museum,access
music,access
nature,access
neighborhood,access
night,access
obstacle,access
odor,access
park,access
paseo,access
people,access
project,access
rain,access
restaurant,access
scale,access
sculpture,access
sculptures,access
sensations,access
shop,access
sole,access
sorocaba,access
sport,access
steps,access
stop,access
streets,access
tactile,access
temporary,access
test,access
theater,access
touch,access
tram,access
tranquillity,access
tree,access
turismo,access
university,access
vaporetto,access
venice,access
vision,access
voices,access
wall,access
wells,access
words_and_more,access
work,access
._reference,accessibility
33bienal,accessibility
accessible,accessibility
ambient_noise,accessibility
art,accessibility
audible_traffic_lights,accessibility
bar,accessibility
bells,accessibility
bike,accessibility
binary,accessibility
blindwiki,accessibility
bridges,accessibility
calle_closed,accessibility
car,accessibility
carnevale,accessibility
caution,accessibility
crowded_environment,accessibility
culture,accessibility
dangerous,accessibility
dead,accessibility
description,accessibility
door,accessibility
easter,accessibility
fish,accessibility
foundations,accessibility
friendship,accessibility
fruits,accessibility
garden,accessibility
germany,accessibility
girls,accessibility
headquarters,accessibility
hello,accessibility
hiking,accessibility
history,accessibility
hospital,accessibility
iglesia,accessibility
lande,accessibility
legends,accessibility
library,accessibility
luci,accessibility
machine,accessibility
maritime,accessibility
market,accessibility
meeting,accessibility
memorial,accessibility
mislata,accessibility
movement,accessibility
museum,accessibility
nature,accessibility
night,accessibility
obstacle,accessibility
odor,accessibility
park,accessibility
paseo,accessibility
people,accessibility
perfumes,accessibility
piazza,accessibility
project,accessibility
restaurant,accessibility
scale,accessibility
sculpture,accessibility
sculptures,accessibility
sensations,accessibility
shop,accessibility
sole,accessibility
sport,accessibility
steps,accessibility
streets,accessibility
tactile,accessibility
temporary,accessibility
test,accessibility
theater,accessibility
touch,accessibility
tram,accessibility
tranquillity,accessibility
tree,accessibility
turismo,accessibility
university,accessibility
venice,accessibility
vento,accessibility
vision,accessibility
voices,accessibility
wall,accessibility
wells,accessibility
words_and_more,accessibility
work,accessibility
._reference,acqualt
33bienal,acqualt
accessible,acqualt
art,acqualt
audible_traffic_lights,acqualt
bar,acqualt
bells,acqualt
binary,acqualt
bridges,acqualt
car,acqualt
caution,acqualt
crowded_environment,acqualt
culture,acqualt
dangerous,acqualt
description,acqualt
door,acqualt
easter,acqualt
fish,acqualt
foundations,acqualt
friendship,acqualt
garden,acqualt
girls,acqualt
headquarters,acqualt
hiking,acqualt
history,acqualt
hospital,acqualt
iglesia,acqualt
lande,acqualt
laramara,acqualt
legends,acqualt
library,acqualt
luci,acqualt
machine,acqualt
maritime,acqualt
market,acqualt
meeting,acqualt
memorial,acqualt
movement,acqualt
museum,acqualt
music,acqualt
nature,acqualt
neighborhood,acqualt
night,acqualt
obstacle,acqualt
odor,acqualt
park,acqualt
paseo,acqualt
rain,acqualt
scale,acqualt
sculptures,acqualt
sole,acqualt
sport,acqualt
steps,acqualt
stop,acqualt
tactile,acqualt
temporary,acqualt
test,acqualt
theater,acqualt
touch,acqualt
tram,acqualt
tree,acqualt
turismo,acqualt
university,acqualt
vento,acqualt
vision,acqualt
water,acqualt
wells,acqualt
work,acqualt
33bienal,aerial_obstacle
accessible,aerial_obstacle
ambient_noise,aerial_obstacle
art,aerial_obstacle
audible_traffic_lights,aerial_obstacle
bar,aerial_obstacle
bells,aerial_obstacle
bike,aerial_obstacle
binary,aerial_obstacle
birds,aerial_obstacle
bridges,aerial_obstacle
calle_closed,aerial_obstacle
carnevale,aerial_obstacle
caution,aerial_obstacle
crowded_environment,aerial_obstacle
culture,aerial_obstacle
dangerous,aerial_obstacle
dead,aerial_obstacle
description,aerial_obstacle
door,aerial_obstacle
easter,aerial_obstacle
fruits,aerial_obstacle
garden,aerial_obstacle
he_lives_together,aerial_obstacle
hello,aerial_obstacle
hiking,aerial_obstacle
history,aerial_obstacle
hospital,aerial_obstacle
lande,aerial_obstacle
legends,aerial_obstacle
library,aerial_obstacle
luci,aerial_obstacle
maritime,aerial_obstacle
market,aerial_obstacle
meeting,aerial_obstacle
memorial,aerial_obstacle
mislata,aerial_obstacle
music,aerial_obstacle
neighborhood,aerial_obstacle
night,aerial_obstacle
odor,aerial_obstacle
paseo,aerial_obstacle
people,aerial_obstacle
perfumes,aerial_obstacle
piazza,aerial_obstacle
project,aerial_obstacle
restaurant,aerial_obstacle
scale,aerial_obstacle
sculpture,aerial_obstacle
sculptures,aerial_obstacle
sole,aerial_obstacle
sport,aerial_obstacle
steps,aerial_obstacle
stop,aerial_obstacle
streets,aerial_obstacle
tactile,aerial_obstacle
temporary,aerial_obstacle
theater,aerial_obstacle
touch,aerial_obstacle
tranquillity,aerial_obstacle
tree,aerial_obstacle
university,aerial_obstacle
vaporetto,aerial_obstacle
venice,aerial_obstacle
vento,aerial_obstacle
vision,aerial_obstacle
voices,aerial_obstacle
wall,aerial_obstacle
wells,aerial_obstacle
words_and_more,aerial_obstacle
work,aerial_obstacle
._reference,alameda
33bienal,alameda
accessible,alameda
ambient_noise,alameda
art,alameda
bar,alameda
bells,alameda
bike,alameda
binary,alameda
birds,alameda
bridges,alameda
calle_closed,alameda
car,alameda
carnevale,alameda
caution,alameda
crowded_environment,alameda
culture,alameda
dangerous,alameda
dead,alameda
door,alameda
easter,alameda
fish,alameda
foundations,alameda
friendship,alameda
fruits,alameda
garden,alameda
germany,alameda
girls,alameda
he_lives_together,alameda
headquarters,alameda
hello,alameda
hiking,alameda
hospital,alameda
iglesia,alameda
legends,alameda
library,alameda
machine,alameda
maritime,alameda
market,alameda
mislata,alameda
movement,alameda
museum,alameda
music,alameda
nature,alameda
neighborhood,alameda
night,alameda
obstacle,alameda
odor,alameda
park,alameda
paseo,alameda
people,alameda
piazza,alameda
project,alameda
rain,alameda
restaurant,alameda
scale,alameda
shop,alameda
sole,alameda
sorocaba,alameda
steps,alameda
stop,alameda
temporary,alameda
theater,alameda
touch,alameda
tree,alameda
university,alameda
vaporetto,alameda
venice,alameda
vento,alameda
wall,alameda
wells,alameda
work,alameda
33bienal,alex_flemming
accessible,alex_flemming
ambient_noise,alex_flemming
art,alex_flemming
audible_traffic_lights,alex_flemming
bells,alex_flemming
binary,alex_flemming
blindwiki,alex_flemming
bridges,alex_flemming
calle_closed,alex_flemming
car,alex_flemming
caution,alex_flemming
crowded_environment,alex_flemming
culture,alex_flemming
dangerous,alex_flemming
dead,alex_flemming
description,alex_flemming
door,alex_flemming
easter,alex_flemming
foundations,alex_flemming
fruits,alex_flemming
garden,alex_flemming
germany,alex_flemming
girls,alex_flemming
headquarters,alex_flemming
hello,alex_flemming
history,alex_flemming
hospital,alex_flemming
iglesia,alex_flemming
lande,alex_flemming
laramara,alex_flemming
legends,alex_flemming
luci,alex_flemming
machine,alex_flemming
maritime,alex_flemming
market,alex_flemming
meeting,alex_flemming
movement,alex_flemming
music,alex_flemming
nature,alex_flemming
neighborhood,alex_flemming
night,alex_flemming
odor,alex_flemming
park,alex_flemming
paseo,alex_flemming
people,alex_flemming
perfumes,alex_flemming
piazza,alex_flemming
rain,alex_flemming
restaurant,alex_flemming
scale,alex_flemming
sculpture,alex_flemming
sensations,alex_flemming
shop,alex_flemming
sole,alex_flemming
sport,alex_flemming
steps,alex_flemming
tactile,alex_flemming
temporary,alex_flemming
theater,alex_flemming
touch,alex_flemming
tram,alex_flemming
tranquillity,alex_flemming
tree,alex_flemming
turismo,alex_flemming
university,alex_flemming
vaporetto,alex_flemming
vision,alex_flemming
voices,alex_flemming
wells,alex_flemming
._reference,ambient
accessible,ambient
ambient_noise,ambient
art,ambient
audible_traffic_lights,ambient
bar,ambient
bells,ambient
bike,ambient
binary,ambient
birds,ambient
blindwiki,ambient
car,ambient
carnevale,ambient
caution,ambient
crowded_environment,ambient
culture,ambient
dangerous,ambient
dead,ambient
door,ambient
foundations,ambient
friendship,ambient
garden,ambient
germany,ambient
girls,ambient
he_lives_together,ambient
hiking,ambient
history,ambient
iglesia,ambient
lande,ambient
laramara,ambient
legends,ambient
library,ambient
machine,ambient
maritime,ambient
market,ambient
meeting,ambient
memorial,ambient
mislata,ambient
movement,ambient
museum,ambient
music,ambient
nature,ambient
obstacle,ambient
odor,ambient
park,ambient
people,ambient
piazza,ambient
project,ambient
rain,ambient
restaurant,ambient
scale,ambient
sculpture,ambient
sculptures,ambient
shop,ambient
sole,ambient
sorocaba,ambient
sport,ambient
steps,ambient
stop,ambient
streets,ambient
tactile,ambient
temporary,ambient
test,ambient
theater,ambient
touch,ambient
tranquillity,ambient
tree,ambient
university,ambient
vaporetto,ambient
venice,ambient
vento,ambient
voices,ambient
wall,ambient
water,ambient
wells,ambient
words_and_more,ambient
work,ambient
._reference,amor
33bienal,amor
accessible,amor
art,amor
audible_traffic_lights,amor
bar,amor
bike,amor
binary,amor
birds,amor
blindwiki,amor
calle_closed,amor
carnevale,amor
crowded_environment,amor
culture,amor
dangerous,amor
dead,amor
door,amor
easter,amor
fish,amor
foundations,amor
friendship,amor
fruits,amor
garden,amor
germany,amor
girls,amor
he_lives_together,amor
hello,amor
hospital,amor
iglesia,amor
lande,amor
laramara,amor
legends,amor
library,amor
luci,amor
maritime,amor
market,amor
meeting,amor
memorial,amor
mislata,amor
movement,amor
museum,amor
neighborhood,amor
night,amor
obstacle,amor
odor,amor
park,amor
paseo,amor
perfumes,amor
piazza,amor
project,amor
rain,amor
scale,amor
sculpture,amor
sculptures,amor
sensations,amor
shop,amor
sole,amor
sport,amor
steps,amor
stop,amor
streets,amor
tactile,amor
test,amor
theater,amor
touch,amor
tranquillity,amor
university,amor
vaporetto,amor
venice,amor
vento,amor
vision,amor
voices,amor
wall,amor
water,amor
wells,amor
words_and_more,amor
._reference,anhangabau_valley
33bienal,anhangabau_valley
accessible,anhangabau_valley
ambient_noise,anhangabau_valley
art,anhangabau_valley
audible_traffic_lights,anhangabau_valley
bells,anhangabau_valley
binary,anhangabau_valley
bridges,anhangabau_valley
carnevale,anhangabau_valley
crowded_environment,anhangabau_valley
culture,anhangabau_valley
dangerous,anhangabau_valley
dead,anhangabau_valley
description,anhangabau_valley
foundations,anhangabau_valley
fruits,anhangabau_valley
garden,anhangabau_valley
he_lives_together,anhangabau_valley
hiking,anhangabau_valley
history,anhangabau_valley
lande,anhangabau_valley
laramara,anhangabau_valley
legends,anhangabau_valley
library,anhangabau_valley
luci,anhangabau_valley
machine,anhangabau_valley
meeting,anhangabau_valley
memorial,anhangabau_valley
mislata,anhangabau_valley
museum,anhangabau_valley
nature,anhangabau_valley
neighborhood,anhangabau_valley
night,anhangabau_valley
obstacle,anhangabau_valley
park,anhangabau_valley
people,anhangabau_valley
perfumes,anhangabau_valley
piazza,anhangabau_valley
project,anhangabau_valley
rain,anhangabau_valley
restaurant,anhangabau_valley
sculpture,anhangabau_valley
sensations,anhangabau_valley
sorocaba,anhangabau_valley
sport,anhangabau_valley
steps,anhangabau_valley
streets,anhangabau_valley
tactile,anhangabau_valley
temporary,anhangabau_valley
test,anhangabau_valley
touch,anhangabau_valley
tranquillity,anhangabau_valley
turismo,anhangabau_valley
venice,anhangabau_valley
vision,anhangabau_valley
voices,anhangabau_valley
wells,anhangabau_valley
words_and_more,anhangabau_valley
33bienal,antoni_abad
accessible,antoni_abad
art,antoni_abad
audible_traffic_lights,antoni_abad
bells,antoni_abad
bike,antoni_abad
binary,antoni_abad
birds,antoni_abad
blindwiki,antoni_abad
bridges,antoni_abad
calle_closed,antoni_abad
car,antoni_abad
caution,antoni_abad
dead,antoni_abad
description,antoni_abad
door,antoni_abad
fish,antoni_abad
foundations,antoni_abad
fruits,antoni_abad
garden,antoni_abad
germany,antoni_abad
girls,antoni_abad
he_lives_together,antoni_abad
headquarters,antoni_abad
hello,antoni_abad
history,antoni_abad
hospital,antoni_abad
iglesia,antoni_abad
legends,antoni_abad
machine,antoni_abad
maritime,antoni_abad
market,antoni_abad
meeting,antoni_abad
mislata,antoni_abad
museum,antoni_abad
music,antoni_abad
nature,antoni_abad
neighborhood,antoni_abad
obstacle,antoni_abad
odor,antoni_abad
park,antoni_abad
people,antoni_abad
perfumes,antoni_abad
piazza,antoni_abad
project,antoni_abad
rain,antoni_abad
restaurant,antoni_abad
scale,antoni_abad
sculptures,antoni_abad
sensations,antoni_abad
sole,antoni_abad
sorocaba,antoni_abad
sport,antoni_abad
stop,antoni_abad
streets,antoni_abad
tactile,antoni_abad
temporary,antoni_abad
test,antoni_abad
theater,antoni_abad
tram,antoni_abad
tree,antoni_abad
turismo,antoni_abad
vaporetto,antoni_abad
venice,antoni_abad
vision,antoni_abad
voices,antoni_abad
wall,antoni_abad
wells,antoni_abad
words_and_more,antoni_abad
._reference,aosta
33bienal,aosta
accessible,aosta
ambient_noise,aosta
bar,aosta
bells,aosta
bike,aosta
binary,aosta
birds,aosta
blindwiki,aosta
bridges,aosta
calle_closed,aosta
car,aosta
caution,aosta
culture,aosta
dead,aosta
description,aosta
easter,aosta
foundations,aosta
fruits,aosta
garden,aosta
girls,aosta
he_lives_together,aosta
hello,aosta
history,aosta
hospital,aosta
iglesia,aosta
laramara,aosta
legends,aosta
luci,aosta
machine,aosta
maritime,aosta
market,aosta
mislata,aosta
music,aosta
nature,aosta
neighborhood,aosta
night,aosta
obstacle,aosta
odor,aosta
park,aosta
paseo,aosta
people,aosta
perfumes,aosta
project,aosta
rain,aosta
restaurant,aosta
scale,aosta
sculpture,aosta
sculptures,aosta
sensations,aosta
shop,aosta
sole,aosta
sorocaba,aosta
sport,aosta
steps,aosta
stop,aosta
streets,aosta
tactile,aosta
temporary,aosta
test,aosta
theater,aosta
touch,aosta
tree,aosta
university,aosta
vaporetto,aosta
vento,aosta
vision,aosta
water,aosta
wells,aosta
work,aosta
._reference,apitest
33bienal,apitest
accessible,apitest
ambient_noise,apitest
art,apitest
audible_traffic_lights,apitest
bar,apitest
bells,apitest
bike,apitest
blindwiki,apitest
bridges,apitest
calle_closed,apitest
car,apitest
carnevale,apitest
caution,apitest
crowded_environment,apitest
culture,apitest
dangerous,apitest
dead,apitest
description,apitest
door,apitest
easter,apitest
foundations,apitest
friendship,apitest
fruits,apitest
germany,apitest
girls,apitest
he_lives_together,apitest
headquarters,apitest
hello,apitest
hospital,apitest
iglesia,apitest
lande,apitest
legends,apitest
library,apitest
luci,apitest
maritime,apitest
market,apitest
meeting,apitest
memorial,apitest
mislata,apitest
museum,apitest
music,apitest
nature,apitest
neighborhood,apitest
obstacle,apitest
odor,apitest
park,apitest
paseo,apitest
people,apitest
perfumes,apitest
piazza,apitest
project,apitest
restaurant,apitest
scale,apitest
sculpture,apitest
sculptures,apitest
sensations,apitest
shop,apitest
sole,apitest
sorocaba,apitest
steps,apitest
stop,apitest
tactile,apitest
temporary,apitest
test,apitest
theater,apitest
touch,apitest
tram,apitest
tranquillity,apitest
tree,apitest
vaporetto,apitest
venice,apitest
vento,apitest
vision,apitest
voices,apitest
wall,apitest
water,apitest
wells,apitest
words_and_more,apitest
work,apitest
._reference,appetizing
33bienal,appetizing
accessible,appetizing
ambient_noise,appetizing
art,appetizing
audible_traffic_lights,appetizing
bike,appetizing
binary,appetizing
birds,appetizing
blindwiki,appetizing
bridges,appetizing
calle_closed,appetizing
caution,appetizing
crowded_environment,appetizing
culture,appetizing
dangerous,appetizing
dead,appetizing
door,appetizing
friendship,appetizing
fruits,appetizing
garden,appetizing
germany,appetizing
girls,appetizing
he_lives_together,appetizing
headquarters,appetizing
hello,appetizing
hiking,appetizing
hospital,appetizing
lande,appetizing
laramara,appetizing
legends,appetizing
library,appetizing
luci,appetizing
maritime,appetizing
market,appetizing
meeting,appetizing
memorial,appetizing
movement,appetizing
museum,appetizing
music,appetizing
nature,appetizing
neighborhood,appetizing
night,appetizing
obstacle,appetizing
park,appetizing
paseo,appetizing
people,appetizing
perfumes,appetizing
piazza,appetizing
project,appetizing
rain,appetizing
restaurant,appetizing
scale,appetizing
sculpture,appetizing
sculptures,appetizing
sensations,appetizing
shop,appetizing
sole,appetizing
sorocaba,appetizing
stop,appetizing
streets,appetizing
tactile,appetizing
theater,appetizing
tram,appetizing
tranquillity,appetizing
tree,appetizing
turismo,appetizing
university,appetizing
vaporetto,appetizing
venice,appetizing
vision,appetizing
voices,appetizing
wall,appetizing
wells,appetizing
words_and_more,appetizing
work,appetizing
accessible,arc_de_triomph
ambient_noise,arc_de_triomph
art,arc_de_triomph
audible_traffic_lights,arc_de_triomph
bar,arc_de_triomph
bells,arc_de_triomph
bike,arc_de_triomph
binary,arc_de_triomph
birds,arc_de_triomph
blindwiki,arc_de_triomph
bridges,arc_de_triomph
calle_closed,arc_de_triomph
car,arc_de_triomph
carnevale,arc_de_triomph
caution,arc_de_triomph
dangerous,arc_de_triomph
dead,arc_de_triomph
description,arc_de_triomph
door,arc_de_triomph
easter,arc_de_triomph
fish,arc_de_triomph
foundations,arc_de_triomph
fruits,arc_de_triomph
garden,arc_de_triomph
girls,arc_de_triomph
he_lives_together,arc_de_triomph
hello,arc_de_triomph
hiking,arc_de_triomph
history,arc_de_triomph
hospital,arc_de_triomph
laramara,arc_de_triomph
legends,arc_de_triomph
library,arc_de_triomph
machine,arc_de_triomph
maritime,arc_de_triomph
market,arc_de_triomph
meeting,arc_de_triomph
memorial,arc_de_triomph
movement,arc_de_triomph
music,arc_de_triomph
nature,arc_de_triomph
neighborhood,arc_de_triomph
odor,arc_de_triomph
park,arc_de_triomph
paseo,arc_de_triomph
people,arc_de_triomph
perfumes,arc_de_triomph
piazza,arc_de_triomph
project,arc_de_triomph
rain,arc_de_triomph
restaurant,arc_de_triomph
scale,arc_de_triomph
sculptures,arc_de_triomph
sensations,arc_de_triomph
shop,arc_de_triomph
sole,arc_de_triomph
sorocaba,arc_de_triomph
sport,arc_de_triomph
steps,arc_de_triomph
stop,arc_de_triomph
tactile,arc_de_triomph
temporary,arc_de_triomph
test,arc_de_triomph
theater,arc_de_triomph
tram,arc_de_triomph
tranquillity,arc_de_triomph
tree,arc_de_triomph
turismo,arc_de_triomph
university,arc_de_triomph
vision,arc_de_triomph
voices,arc_de_triomph
wall,arc_de_triomph
water,arc_de_triomph
wells,arc_de_triomph
words_and_more,arc_de_triomph
work,arc_de_triomph
33bienal,archi
accessible,archi
ambient_noise,archi
audible_traffic_lights,archi
bar,archi
bells,archi
bike,archi
binary,archi
bridges,archi
calle_closed,archi
caution,archi
crowded_environment,archi
culture,archi
dangerous,archi
dead,archi
door,archi
easter,archi
friendship,archi
girls,archi
he_lives_together,archi
hello,archi
iglesia,archi
legends,archi
library,archi
machine,archi
mislata,archi
movement,archi
nature,archi
night,archi
obstacle,archi
odor,archi
park,archi
paseo,archi
people,archi
rain,archi
scale,archi
sculpture,archi
sculptures,archi
shop,archi
sole,archi
sport,archi
stop,archi
streets,archi
tactile,archi
test,archi
touch,archi
tranquillity,archi
tree,archi
turismo,archi
university,archi
venice,archi
vento,archi
voices,archi
wall,archi
wells,archi
work,archi
._reference,architecture
33bienal,architecture
accessible,architecture
ambient_noise,architecture
art,architecture
audible_traffic_lights,architecture
bike,architecture
binary,architecture
birds,architecture
blindwiki,architecture
bridges,architecture
car,architecture
caution,architecture
culture,architecture
dangerous,architecture
dead,architecture
description,architecture
door,architecture
easter,architecture
fish,architecture
foundations,architecture
friendship,architecture
fruits,architecture
garden,architecture
germany,architecture
girls,architecture
he_lives_together,architecture
headquarters,architecture
hiking,architecture
history,architecture
hospital,architecture
iglesia,architecture
lande,architecture
laramara,architecture
legends,architecture
library,architecture
luci,architecture
meeting,architecture
mislata,architecture
museum,architecture
music,architecture
nature,architecture
night,architecture
odor,architecture
park,architecture
paseo,architecture
perfumes,architecture
piazza,architecture
project,architecture
restaurant,architecture
scale,architecture
sculpture,architecture
sensations,architecture
sole,architecture
sorocaba,architecture
sport,architecture
steps,architecture
stop,architecture
touch,architecture
tram,architecture
tranquillity,architecture
tree,architecture
turismo,architecture
university,architecture
vaporetto,architecture
venice,architecture
vento,architecture
vision,architecture
wall,architecture
water,architecture
wells,architecture
words_and_more,architecture
._reference,arena
33bienal,arena
accessible,arena
ambient_noise,arena
art,arena
audible_traffic_lights,arena
bar,arena
bells,arena
binary,arena
birds,arena
blindwiki,arena
bridges,arena
calle_closed,arena
car,arena
crowded_environment,arena
culture,arena
dangerous,arena
description,arena
door,arena
fish,arena
foundations,arena
friendship,arena
fruits,arena
garden,arena
germany,arena
girls,arena
he_lives_together,arena
headquarters,arena
hello,arena
hiking,arena
history,arena
hospital,arena
iglesia,arena
lande,arena
legends,arena
library,arena
luci,arena
maritime,arena
market,arena
meeting,arena
memorial,arena
mislata,arena
movement,arena
music,arena
nature,arena
night,arena
obstacle,arena
odor,arena
park,arena
paseo,arena
people,arena
piazza,arena
project,arena
restaurant,arena
scale,arena
sculpture,arena
sculptures,arena
shop,arena
sole,arena
sport,arena
steps,arena
stop,arena
tactile,arena
temporary,arena
test,arena
theater,arena
touch,arena
tram,arena
tranquillity,arena
tree,arena
turismo,arena
university,arena
venice,arena
vento,arena
vision,arena
wall,arena
wells,arena
words_and_more,arena
work,arena
33bienal,aroma
ambient_noise,aroma
art,aroma
audible_traffic_lights,aroma
bar,aroma
bells,aroma
bike,aroma
binary,aroma
birds,aroma
blindwiki,aroma
bridges,aroma
calle_closed,aroma
carnevale,aroma
caution,aroma
culture,aroma
dangerous,aroma
dead,aroma
description,aroma
door,aroma
fish,aroma
foundations,aroma
friendship,aroma
fruits,aroma
garden,aroma
germany,aroma
girls,aroma
he_lives_together,aroma
headquarters,aroma
hiking,aroma
history,aroma
hospital,aroma
iglesia,aroma
laramara,aroma
legends,aroma
library,aroma
luci,aroma
machine,aroma
meeting,aroma
memorial,aroma
mislata,aroma
movement,aroma
museum,aroma
music,aroma
nature,aroma
neighborhood,aroma
obstacle,aroma
park,aroma
people,aroma
piazza,aroma
rain,aroma
scale,aroma
sculpture,aroma
sculptures,aroma
sensations,aroma
shop,aroma
sole,aroma
sorocaba,aroma
sport,aroma
steps,aroma
stop,aroma
streets,aroma
temporary,aroma
theater,aroma
touch,aroma
tram,aroma
tranquillity,aroma
tree,aroma
turismo,aroma
university,aroma
vaporetto,aroma
vento,aroma
vision,aroma
voices,aroma
wall,aroma
water,aroma
words_and_more,aroma
work,aroma
._reference,arsenal
33bienal,arsenal
accessible,arsenal
ambient_noise,arsenal
art,arsenal
audible_traffic_lights,arsenal
bar,arsenal
bells,arsenal
bike,arsenal
binary,arsenal
bridges,arsenal
calle_closed,arsenal
carnevale,arsenal
caution,arsenal
crowded_environment,arsenal
culture,arsenal
dangerous,arsenal
dead,arsenal
description,arsenal
door,arsenal
easter,arsenal
fish,arsenal
fruits,arsenal
garden,arsenal
girls,arsenal
headquarters,arsenal
hello,arsenal
history,arsenal
legends,arsenal
library,arsenal
luci,arsenal
machine,arsenal
maritime,arsenal
market,arsenal
meeting,arsenal
memorial,arsenal
mislata,arsenal
music,arsenal
nature,arsenal
neighborhood,arsenal
night,arsenal
odor,arsenal
park,arsenal
paseo,arsenal
people,arsenal
project,arsenal
rain,arsenal
scale,arsenal
sculptures,arsenal
sensations,arsenal
shop,arsenal
sole,arsenal
sport,arsenal
steps,arsenal
streets,arsenal
tactile,arsenal
test,arsenal
tranquillity,arsenal
turismo,arsenal
university,arsenal
venice,arsenal
vento,arsenal
vision,arsenal
voices,arsenal
wall,arsenal
words_and_more,arsenal
work,arsenal
._reference,artworks
accessible,artworks
ambient_noise,artworks
art,artworks
audible_traffic_lights,artworks
bells,artworks
bike,artworks
binary,artworks
birds,artworks
blindwiki,artworks
bridges,artworks
calle_closed,artworks
car,artworks
carnevale,artworks
caution,artworks
crowded_environment,artworks
culture,artworks
dangerous,artworks
dead,artworks
description,artworks
door,artworks
fish,artworks
foundations,artworks
friendship,artworks
fruits,artworks
garden,artworks
girls,artworks
he_lives_together,artworks
headquarters,artworks
hello,artworks
hiking,artworks
history,artworks
iglesia,artworks
lande,artworks
laramara,artworks
legends,artworks
library,artworks
luci,artworks
maritime,artworks
market,artworks
memorial,artworks
mislata,artworks
movement,artworks
museum,artworks
music,artworks
night,artworks
obstacle,artworks
odor,artworks
park,artworks
paseo,artworks
perfumes,artworks
project,artworks
rain,artworks
restaurant,artworks
sculpture,artworks
sensations,artworks
sole,artworks
sorocaba,artworks
sport,artworks
steps,artworks
stop,artworks
streets,artworks
tactile,artworks
temporary,artworks
test,artworks
theater,artworks
touch,artworks
tram,artworks
tranquillity,artworks
tree,artworks
turismo,artworks
university,artworks
vaporetto,artworks
venice,artworks
vision,artworks
voices,artworks
wall,artworks
water,artworks
wells,artworks
._reference,assoc
accessible,assoc
ambient_noise,assoc
audible_traffic_lights,assoc
bells,assoc
bike,assoc
binary,assoc
birds,assoc
blindwiki,assoc
bridges,assoc
car,assoc
carnevale,assoc
caution,assoc
culture,assoc
dangerous,assoc
description,assoc
door,assoc
easter,assoc
fish,assoc
foundations,assoc
friendship,assoc
garden,assoc
germany,assoc
girls,assoc
he_lives_together,assoc
headquarters,assoc
hiking,assoc
history,assoc
hospital,assoc
iglesia,assoc
laramara,assoc
legends,assoc
library,assoc
machine,assoc
maritime,assoc
meeting,assoc
memorial,assoc
mislata,assoc
movement,assoc
museum,assoc
nature,assoc
neighborhood,assoc
obstacle,assoc
odor,assoc
park,assoc
perfumes,assoc
piazza,assoc
project,assoc
rain,assoc
restaurant,assoc
scale,assoc
sculpture,assoc
sculptures,assoc
sensations,assoc
shop,assoc
sole,assoc
sorocaba,assoc
sport,assoc
stop,assoc
tactile,assoc
temporary,assoc
test,assoc
theater,assoc
touch,assoc
tram,assoc
tranquillity,assoc
tree,assoc
venice,assoc
vento,assoc
vision,assoc
voices,assoc
wall,assoc
wells,assoc
words_and_more,assoc
work,assoc
accessible,atm
ambient_noise,atm
art,atm
audible_traffic_lights,atm
bar,atm
bells,atm
bike,atm
binary,atm
birds,atm
calle_closed,atm
car,atm
carnevale,atm
caution,atm
crowded_environment,atm
dangerous,atm
dead,atm
description,atm
door,atm
easter,atm
fish,atm
foundations,atm
friendship,atm
fruits,atm
garden,atm
germany,atm
girls,atm
he_lives_together,atm
headquarters,atm
hello,atm
hiking,atm
history,atm
hospital,atm
iglesia,atm
lande,atm
legends,atm
library,atm
luci,atm
machine,atm
maritime,atm
market,atm
meeting,atm
memorial,atm
mislata,atm
movement,atm
museum,atm
music,atm
nature,atm
neighborhood,atm
night,atm
obstacle,atm
odor,atm
people,atm
perfumes,atm
project,atm
scale,atm
sculpture,atm
shop,atm
sorocaba,atm
stop,atm
streets,atm
tactile,atm
temporary,atm
test,atm
theater,atm
touch,atm
tram,atm
tranquillity,atm
tree,atm
turismo,atm
university,atm
vaporetto,atm
venice,atm
vento,atm
vision,atm
voices,atm
wall,atm
water,atm
words_and_more,atm
work,atm
._reference,attention
accessible,attention
ambient_noise,attention
art,attention
audible_traffic_lights,attention
bar,attention
bells,attention
binary,attention
birds,attention
bridges,attention
calle_closed,attention
car,attention
caution,attention
crowded_environment,attention
culture,attention
dangerous,attention
description,attention
easter,attention
fish,attention
foundations,attention
friendship,attention
fruits,attention
garden,attention
germany,attention
he_lives_together,attention
headquarters,attention
hello,attention
history,attention
iglesia,attention
lande,attention
laramara,attention
legends,attention
library,attention
luci,attention
machine,attention
maritime,attention
market,attention
meeting,attention
mislata,attention
movement,attention
museum,attention
music,attention
nature,attention
neighborhood,attention
night,attention
obstacle,attention
odor,attention
park,attention
paseo,attention
people,attention
perfumes,attention
piazza,attention
rain,attention
restaurant,attention
scale,attention
sculpture,attention
sculptures,attention
sensations,attention
sorocaba,attention
sport,attention
steps,attention
stop,attention
streets,attention
tactile,attention
temporary,attention
theater,attention
tram,attention
tranquillity,attention
tree,attention
vaporetto,attention
venice,attention
vento,attention
vision,attention
voices,attention
wall,attention
water,attention
wells,attention
words_and_more,attention
work,attention
._reference,avenida_paulista
33bienal,avenida_paulista
accessible,avenida_paulista
art,avenida_paulista
audible_traffic_lights,avenida_paulista
bells,avenida_paulista
bike,avenida_paulista
birds,avenida_paulista
bridges,avenida_paulista
calle_closed,avenida_paulista
car,avenida_paulista
carnevale,avenida_paulista
culture,avenida_paulista
dangerous,avenida_paulista
dead,avenida_paulista
description,avenida_paulista
door,avenida_paulista
easter,avenida_paulista
fish,avenida_paulista
foundations,avenida_paulista
friendship,avenida_paulista
fruits,avenida_paulista
garden,avenida_paulista
germany,avenida_paulista
girls,avenida_paulista
he_lives_together,avenida_paulista
headquarters,avenida_paulista
hello,avenida_paulista
hiking,avenida_paulista
history,avenida_paulista
iglesia,avenida_paulista
lande,avenida_paulista
laramara,avenida_paulista
legends,avenida_paulista
library,avenida_paulista
luci,avenida_paulista
machine,avenida_paulista
market,avenida_paulista
meeting,avenida_paulista
memorial,avenida_paulista
mislata,avenida_paulista
movement,avenida_paulista
museum,avenida_paulista
music,avenida_paulista
nature,avenida_paulista
night,avenida_paulista
obstacle,avenida_paulista
odor,avenida_paulista
park,avenida_paulista
people,avenida_paulista
piazza,avenida_paulista
project,avenida_paulista
restaurant,avenida_paulista
scale,avenida_paulista
sculpture,avenida_paulista
sculptures,avenida_paulista
sensations,avenida_paulista
shop,avenida_paulista
sole,avenida_paulista
sorocaba,avenida_paulista
steps,avenida_paulista
stop,avenida_paulista
tactile,avenida_paulista
temporary,avenida_paulista
test,avenida_paulista
theater,avenida_paulista
touch,avenida_paulista
tram,avenida_paulista
tree,avenida_paulista
turismo,avenida_paulista
university,avenida_paulista
vaporetto,avenida_paulista
venice,avenida_paulista
vento,avenida_paulista
voices,avenida_paulista
water,avenida_paulista
wells,avenida_paulista
work,avenida_paulista
._reference,avenue
33bienal,avenue
accessible,avenue
ambient_noise,avenue
art,avenue
audible_traffic_lights,avenue
bar,avenue
bells,avenue
bike,avenue
binary,avenue
birds,avenue
blindwiki,avenue
calle_closed,avenue
car,avenue
carnevale,avenue
caution,avenue
crowded_environment,avenue
culture,avenue
dangerous,avenue
door,avenue
easter,avenue
fish,avenue
garden,avenue
germany,avenue
girls,avenue
he_lives_together,avenue
headquarters,avenue
hello,avenue
hiking,avenue
history,avenue
hospital,avenue
iglesia,avenue
laramara,avenue
library,avenue
luci,avenue
machine,avenue
maritime,avenue
market,avenue
meeting,avenue
memorial,avenue
mislata,avenue
museum,avenue
music,avenue
neighborhood,avenue
night,avenue
obstacle,avenue
odor,avenue
park,avenue
paseo,avenue
people,avenue
perfumes,avenue
piazza,avenue
project,avenue
restaurant,avenue
scale,avenue
sculpture,avenue
sculptures,avenue
sensations,avenue
shop,avenue
sole,avenue
sorocaba,avenue
sport,avenue
steps,avenue
stop,avenue
streets,avenue
tactile,avenue
temporary,avenue
test,avenue
theater,avenue
touch,avenue
tram,avenue
tranquillity,avenue
tree,avenue
turismo,avenue
university,avenue
vaporetto,avenue
venice,avenue
vento,avenue
wall,avenue
water,avenue
wells,avenue
work,avenue
._reference,baccari
33bienal,baccari
accessible,baccari
ambient_noise,baccari
bar,baccari
bells,baccari
blindwiki,baccari
calle_closed,baccari
car,baccari
caution,baccari
culture,baccari
dangerous,baccari
description,baccari
door,baccari
easter,baccari
fruits,baccari
garden,baccari
germany,baccari
he_lives_together,baccari
headquarters,baccari
hello,baccari
history,baccari
iglesia,baccari
lande,baccari
laramara,baccari
legends,baccari
library,baccari
luci,baccari
machine,baccari
maritime,baccari
market,baccari
meeting,baccari
memorial,baccari
mislata,baccari
movement,baccari
museum,baccari
nature,baccari
obstacle,baccari
paseo,baccari
perfumes,baccari
piazza,baccari
rain,baccari
scale,baccari
sensations,baccari
shop,baccari
sole,baccari
sport,baccari
tactile,baccari
temporary,baccari
theater,baccari
touch,baccari
tram,baccari
tree,baccari
turismo,baccari
vento,baccari
vision,baccari
voices,baccari
wall,baccari
wells,baccari
words_and_more,baccari
work,baccari
audible_traffic_lights,bahia
bar,bahia
bike,bahia
blindwiki,bahia
bridges,bahia
calle_closed,bahia
car,bahia
caution,bahia
dangerous,bahia
easter,bahia
foundations,bahia
friendship,bahia
fruits,bahia
garden,bahia
germany,bahia
girls,bahia
he_lives_together,bahia
hello,bahia
history,bahia
lande,bahia
legends,bahia
library,bahia
luci,bahia
machine,bahia
maritime,bahia
meeting,bahia
memorial,bahia
mislata,bahia
museum,bahia
music,bahia
obstacle,bahia
park,bahia
paseo,bahia
people,bahia
piazza,bahia
project,bahia
restaurant,bahia
sculptures,bahia
sensations,bahia
shop,bahia
sole,bahia
sorocaba,bahia
sport,bahia
steps,bahia
stop,bahia
tactile,bahia
temporary,bahia
test,bahia
theater,bahia
tree,bahia
turismo,bahia
university,bahia
venice,bahia
vento,bahia
vision,bahia
voices,bahia
wells,bahia
words_and_more,bahia
._reference,bakery
33bienal,bakery
accessible,bakery
ambient_noise,bakery
art,bakery
audible_traffic_lights,bakery
bar,bakery
bells,bakery
bike,bakery
binary,bakery
calle_closed,bakery
car,bakery
caution,bakery
crowded_environment,bakery
culture,bakery
dangerous,bakery
dead,bakery
description,bakery
door,bakery
easter,bakery
fish,bakery
foundations,bakery
friendship,bakery
fruits,bakery
garden,bakery
girls,bakery
hiking,bakery
hospital,bakery
iglesia,bakery
laramara,bakery
legends,bakery
library,bakery
luci,bakery
maritime,bakery
market,bakery
meeting,bakery
memorial,bakery
mislata,bakery
movement,bakery
museum,bakery
music,bakery
nature,bakery
neighborhood,bakery
night,bakery
odor,bakery
park,bakery
perfumes,bakery
piazza,bakery
project,bakery
rain,bakery
sculpture,bakery
sculptures,bakery
sensations,bakery
sole,bakery
sport,bakery
streets,bakery
tactile,bakery
temporary,bakery
theater,bakery
touch,bakery
tram,bakery
tranquillity,bakery
vaporetto,bakery
vision,bakery
wall,bakery
wells,bakery
words_and_more,bakery
work,bakery
._reference,banco
33bienal,banco
accessible,banco
ambient_noise,banco
art,banco
audible_traffic_lights,banco
bar,banco
bells,banco
bike,banco
binary,banco
birds,banco
blindwiki,banco
bridges,banco
calle_closed,banco
carnevale,banco
caution,banco
crowded_environment,banco
culture,banco
dangerous,banco
dead,banco
door,banco
easter,banco
fish,banco
foundations,banco
fruits,banco
garden,banco
headquarters,banco
hiking,banco
history,banco
hospital,banco
iglesia,banco
lande,banco
laramara,banco
legends,banco
library,banco
machine,banco
memorial,banco
mislata,banco
movement,banco
museum,banco
music,banco
nature,banco
neighborhood,banco
night,banco
obstacle,banco
odor,banco
paseo,banco
piazza,banco
rain,banco
restaurant,banco
scale,banco
sculpture,banco
sensations,banco
shop,banco
sole,banco
sorocaba,banco
steps,banco
stop,banco
tactile,banco
temporary,banco
test,banco
theater,banco
touch,banco
tram,banco
tranquillity,banco
tree,banco
turismo,banco
university,banco
venice,banco
vento,banco
vision,banco
wall,banco
water,banco
wells,banco
words_and_more,banco
._reference,bank_pkobp_market
33bienal,bank_pkobp_market
accessible,bank_pkobp_market
ambient_noise,bank_pkobp_market
audible_traffic_lights,bank_pkobp_market
bar,bank_pkobp_market
binary,bank_pkobp_market
blindwiki,bank_pkobp_market
bridges,bank_pkobp_market
calle_closed,bank_pkobp_market
car,bank_pkobp_market
caution,bank_pkobp_market
dangerous,bank_pkobp_market
dead,bank_pkobp_market
description,bank_pkobp_market
door,bank_pkobp_market
fish,bank_pkobp_market
foundations,bank_pkobp_market
friendship,bank_pkobp_market
fruits,bank_pkobp_market
garden,bank_pkobp_market
germany,bank_pkobp_market
girls,bank_pkobp_market
he_lives_together,bank_pkobp_market
headquarters,bank_pkobp_market
hello,bank_pkobp_market
history,bank_pkobp_market
iglesia,bank_pkobp_market
lande,bank_pkobp_market
laramara,bank_pkobp_market
luci,bank_pkobp_market
machine,bank_pkobp_market
maritime,bank_pkobp_market
market,bank_pkobp_market
memorial,bank_pkobp_market
mislata,bank_pkobp_market
movement,bank_pkobp_market
neighborhood,bank_pkobp_market
night,bank_pkobp_market
obstacle,bank_pkobp_market
odor,bank_pkobp_market
park,bank_pkobp_market
people,bank_pkobp_market
perfumes,bank_pkobp_market
piazza,bank_pkobp_market
sculptures,bank_pkobp_market
sensations,bank_pkobp_market
sole,bank_pkobp_market
sorocaba,bank_pkobp_market
steps,bank_pkobp_market
streets,bank_pkobp_market
tactile,bank_pkobp_market
temporary,bank_pkobp_market
test,bank_pkobp_market
theater,bank_pkobp_market
tranquillity,bank_pkobp_market
tree,bank_pkobp_market
vision,bank_pkobp_market
wall,bank_pkobp_market
water,bank_pkobp_market
wells,bank_pkobp_market
words_and_more,bank_pkobp_market
._reference,barca
33bienal,barca
accessible,barca
ambient_noise,barca
art,barca
audible_traffic_lights,barca
bells,barca
bike,barca
binary,barca
birds,barca
blindwiki,barca
bridges,barca
calle_closed,barca
car,barca
caution,barca
crowded_environment,barca
culture,barca
dead,barca
description,barca
door,barca
foundations,barca
friendship,barca
fruits,barca
girls,barca
he_lives_together,barca
headquarters,barca
hiking,barca
history,barca
lande,barca
laramara,barca
legends,barca
library,barca
machine,barca
market,barca
meeting,barca
mislata,barca
movement,barca
museum,barca
nature,barca
neighborhood,barca
obstacle,barca
odor,barca
paseo,barca
people,barca
piazza,barca
project,barca
rain,barca
restaurant,barca
scale,barca
sculpture,barca
sole,barca
sorocaba,barca
sport,barca
stop,barca
streets,barca
tactile,barca
test,barca
theater,barca
touch,barca
tree,barca
turismo,barca
university,barca
vaporetto,barca
venice,barca
vento,barca
vision,barca
voices,barca
wall,barca
wells,barca
work,barca
._reference,barcarrizzi
33bienal,barcarrizzi
accessible,barcarrizzi
ambient_noise,barcarrizzi
art,barcarrizzi
bar,barcarrizzi
bells,barcarrizzi
binary,barcarrizzi
birds,barcarrizzi
blindwiki,barcarrizzi
car,barcarrizzi
carnevale,barcarrizzi
caution,barcarrizzi
culture,barcarrizzi
dangerous,barcarrizzi
door,barcarrizzi
fish,barcarrizzi
foundations,barcarrizzi
garden,barcarrizzi
germany,barcarrizzi
girls,barcarrizzi
he_lives_together,barcarrizzi
headquarters,barcarrizzi
hello,barcarrizzi
hiking,barcarrizzi
history,barcarrizzi
hospital,barcarrizzi
lande,barcarrizzi
legends,barcarrizzi
machine,barcarrizzi
market,barcarrizzi
memorial,barcarrizzi
mislata,barcarrizzi
movement,barcarrizzi
museum,barcarrizzi
music,barcarrizzi
nature,barcarrizzi
obstacle,barcarrizzi
park,barcarrizzi
perfumes,barcarrizzi
project,barcarrizzi
rain,barcarrizzi
restaurant,barcarrizzi
sculpture,barcarrizzi
sculptures,barcarrizzi
sensations,barcarrizzi
shop,barcarrizzi
sole,barcarrizzi
sorocaba,barcarrizzi
sport,barcarrizzi
steps,barcarrizzi
tactile,barcarrizzi
temporary,barcarrizzi
test,barcarrizzi
theater,barcarrizzi
touch,barcarrizzi
tram,barcarrizzi
tranquillity,barcarrizzi
tree,barcarrizzi
turismo,barcarrizzi
vaporetto,barcarrizzi
venice,barcarrizzi
vento,barcarrizzi
vision,barcarrizzi
voices,barcarrizzi
wall,barcarrizzi
water,barcarrizzi
33bienal,barcelona
accessible,barcelona
ambient_noise,barcelona
art,barcelona
audible_traffic_lights,barcelona
bells,barcelona
bike,barcelona
binary,barcelona
birds,barcelona
blindwiki,barcelona
bridges,barcelona
calle_closed,barcelona
car,barcelona
carnevale,barcelona
caution,barcelona
crowded_environment,barcelona
dead,barcelona
description,barcelona
door,barcelona
fish,barcelona
foundations,barcelona
fruits,barcelona
garden,barcelona
germany,barcelona
he_lives_together,barcelona
headquarters,barcelona
hiking,barcelona
hospital,barcelona
iglesia,barcelona
lande,barcelona
legends,barcelona
library,barcelona
machine,barcelona
market,barcelona
mislata,barcelona
movement,barcelona
museum,barcelona
music,barcelona
nature,barcelona
obstacle,barcelona
perfumes,barcelona
piazza,barcelona
project,barcelona
rain,barcelona
restaurant,barcelona
scale,barcelona
sculpture,barcelona
sculptures,barcelona
shop,barcelona
sole,barcelona
sorocaba,barcelona
sport,barcelona
stop,barcelona
streets,barcelona
tactile,barcelona
temporary,barcelona
test,barcelona
theater,barcelona
touch,barcelona
tram,barcelona
tranquillity,barcelona
university,barcelona
vaporetto,barcelona
venice,barcelona
vento,barcelona
vision,barcelona
voices,barcelona
wall,barcelona
water,barcelona
wells,barcelona
words_and_more,barcelona
work,barcelona
._reference,barra_funda
33bienal,barra_funda
accessible,barra_funda
ambient_noise,barra_funda
audible_traffic_lights,barra_funda
bar,barra_funda
bells,barra_funda
bike,barra_funda
binary,barra_funda
blindwiki,barra_funda
calle_closed,barra_funda
car,barra_funda
carnevale,barra_funda
crowded_environment,barra_funda
dangerous,barra_funda
dead,barra_funda
description,barra_funda
door,barra_funda
fish,barra_funda
foundations,barra_funda
friendship,barra_funda
fruits,barra_funda
garden,barra_funda
germany,barra_funda
girls,barra_funda
hiking,barra_funda
history,barra_funda
iglesia,barra_funda
lande,barra_funda
laramara,barra_funda
legends,barra_funda
library,barra_funda
luci,barra_funda
machine,barra_funda
maritime,barra_funda
market,barra_funda
meeting,barra_funda
movement,barra_funda
museum,barra_funda
music,barra_funda
night,barra_funda
obstacle,barra_funda
odor,barra_funda
park,barra_funda
paseo,barra_funda
people,barra_funda
perfumes,barra_funda
rain,barra_funda
restaurant,barra_funda
scale,barra_funda
sculpture,barra_funda
sculptures,barra_funda
sensations,barra_funda
shop,barra_funda
sole,barra_funda
sorocaba,barra_funda
steps,barra_funda
streets,barra_funda
tactile,barra_funda
test,barra_funda
theater,barra_funda
touch,barra_funda
tram,barra_funda
tranquillity,barra_funda
tree,barra_funda
turismo,barra_funda
university,barra_funda
vento,barra_funda
vision,barra_funda
voices,barra_funda
wall,barra_funda
water,barra_funda
words_and_more,barra_funda
work,barra_funda
._reference,barrera
33bienal,barrera
accessible,barrera
ambient_noise,barrera
art,barrera
audible_traffic_lights,barrera
bar,barrera
bike,barrera
binary,barrera
birds,barrera
car,barrera
carnevale,barrera
caution,barrera
crowded_environment,barrera
culture,barrera
dangerous,barrera
dead,barrera
description,barrera
easter,barrera
fish,barrera
friendship,barrera
fruits,barrera
germany,barrera
girls,barrera
headquarters,barrera
hello,barrera
hiking,barrera
history,barrera
hospital,barrera
lande,barrera
laramara,barrera
machine,barrera
maritime,barrera
market,barrera
memorial,barrera
mislata,barrera
movement,barrera
museum,barrera
neighborhood,barrera
night,barrera
obstacle,barrera
odor,barrera
park,barrera
paseo,barrera
people,barrera
piazza,barrera
project,barrera
rain,barrera
restaurant,barrera
sculpture,barrera
shop,barrera
sole,barrera
sport,barrera
steps,barrera
stop,barrera
tactile,barrera
temporary,barrera
test,barrera
theater,barrera
touch,barrera
tranquillity,barrera
turismo,barrera
vaporetto,barrera
venice,barrera
vento,barrera
vision,barrera
wall,barrera
water,barrera
wells,barrera
words_and_more,barrera
work,barrera
._reference,bas-reliefs
33bienal,bas-reliefs
accessible,bas-reliefs
ambient_noise,bas-reliefs
bar,bas-reliefs
bells,bas-reliefs
binary,bas-reliefs
car,bas-reliefs
carnevale,bas-reliefs
caution,bas-reliefs
crowded_environment,bas-reliefs
culture,bas-reliefs
dangerous,bas-reliefs
foundations,bas-reliefs
friendship,bas-reliefs
fruits,bas-reliefs
germany,bas-reliefs
girls,bas-reliefs
headquarters,bas-reliefs
hello,bas-reliefs
hiking,bas-reliefs
history,bas-reliefs
hospital,bas-reliefs
iglesia,bas-reliefs
lande,bas-reliefs
laramara,bas-reliefs
legends,bas-reliefs
library,bas-reliefs
luci,bas-reliefs
maritime,bas-reliefs
market,bas-reliefs
meeting,bas-reliefs
memorial,bas-reliefs
mislata,bas-reliefs
movement,bas-reliefs
museum,bas-reliefs
music,bas-reliefs
nature,bas-reliefs
neighborhood,bas-reliefs
night,bas-reliefs
obstacle,bas-reliefs
odor,bas-reliefs
park,bas-reliefs
paseo,bas-reliefs
perfumes,bas-reliefs
project,bas-reliefs
rain,bas-reliefs
restaurant,bas-reliefs
sculpture,bas-reliefs
sculptures,bas-reliefs
sensations,bas-reliefs
shop,bas-reliefs
sole,bas-reliefs
sorocaba,bas-reliefs
sport,bas-reliefs
stop,bas-reliefs
tactile,bas-reliefs
temporary,bas-reliefs
touch,bas-reliefs
tram,bas-reliefs
tranquillity,bas-reliefs
tree,bas-reliefs
turismo,bas-reliefs
university,bas-reliefs
vaporetto,bas-reliefs
venice,bas-reliefs
vento,bas-reliefs
voices,bas-reliefs
wells,bas-reliefs
words_and_more,bas-reliefs
work,bas-reliefs
._reference,basalt
33bienal,basalt
accessible,basalt
ambient_noise,basalt
art,basalt
audible_traffic_lights,basalt
bar,basalt
bike,basalt
binary,basalt
birds,basalt
blindwiki,basalt
bridges,basalt
crowded_environment,basalt
dead,basalt
description,basalt
easter,basalt
fish,basalt
foundations,basalt
friendship,basalt
fruits,basalt
garden,basalt
germany,basalt
girls,basalt
he_lives_together,basalt
headquarters,basalt
hello,basalt
hiking,basalt
hospital,basalt
laramara,basalt
legends,basalt
luci,basalt
machine,basalt
maritime,basalt
meeting,basalt
memorial,basalt
movement,basalt
museum,basalt
music,basalt
nature,basalt
obstacle,basalt
paseo,basalt
people,basalt
project,basalt
rain,basalt
restaurant,basalt
scale,basalt
sensations,basalt
shop,basalt
sole,basalt
sorocaba,basalt
stop,basalt
streets,basalt
tactile,basalt
temporary,basalt
theater,basalt
touch,basalt
tram,basalt
tranquillity,basalt
tree,basalt
turismo,basalt
university,basalt
vaporetto,basalt
venice,basalt
vento,basalt
vision,basalt
voices,basalt
wall,basalt
water,basalt
words_and_more,basalt
work,basalt
._reference,basket
accessible,basket
ambient_noise,basket
art,basket
audible_traffic_lights,basket
bells,basket
bike,basket
binary,basket
birds,basket
blindwiki,basket
bridges,basket
calle_closed,basket
car,basket
carnevale,basket
caution,basket
crowded_environment,basket
culture,basket
dangerous,basket
dead,basket
description,basket
easter,basket
fish,basket
foundations,basket
garden,basket
germany,basket
girls,basket
he_lives_together,basket
headquarters,basket
iglesia,basket
lande,basket
laramara,basket
luci,basket
maritime,basket
meeting,basket
memorial,basket
mislata,basket
museum,basket
music,basket
nature,basket
neighborhood,basket
obstacle,basket
odor,basket
park,basket
paseo,basket
people,basket
perfumes,basket
piazza,basket
project,basket
rain,basket
restaurant,basket
scale,basket
sculptures,basket
sensations,basket
shop,basket
sole,basket
sport,basket
stop,basket
tactile,basket
temporary,basket
theater,basket
tranquillity,basket
tree,basket
turismo,basket
university,basket
vaporetto,basket
vento,basket
voices,basket
wall,basket
water,basket
words_and_more,basket
work,basket
._reference,bb9
33bienal,bb9
accessible,bb9
ambient_noise,bb9
bells,bb9
bike,bb9
binary,bb9
birds,bb9
blindwiki,bb9
bridges,bb9
car,bb9
carnevale,bb9
caution,bb9
crowded_environment,bb9
culture,bb9
dead,bb9
description,bb9
easter,bb9
fish,bb9
foundations,bb9
garden,bb9
germany,bb9
he_lives_together,bb9
headquarters,bb9
history,bb9
iglesia,bb9
legends,bb9
library,bb9
luci,bb9
machine,bb9
market,bb9
meeting,bb9
mislata,bb9
movement,bb9
music,bb9
neighborhood,bb9
night,bb9
odor,bb9
people,bb9
perfumes,bb9
piazza,bb9
project,bb9
rain,bb9
restaurant,bb9
scale,bb9
sculpture,bb9
sculptures,bb9
sensations,bb9
sorocaba,bb9
sport,bb9
steps,bb9
stop,bb9
streets,bb9
tactile,bb9
temporary,bb9
test,bb9
touch,bb9
tram,bb9
tranquillity,bb9
tree,bb9
university,bb9
vento,bb9
vision,bb9
wall,bb9
water,bb9
wells,bb9
work,bb9
._reference,beach
accessible,beach
ambient_noise,beach
audible_traffic_lights,beach
bells,beach
bike,beach
binary,beach
birds,beach
blindwiki,beach
bridges,beach
car,beach
carnevale,beach
caution,beach
dangerous,beach
dead,beach
description,beach
easter,beach
fish,beach
foundations,beach
garden,beach
germany,beach
he_lives_together,beach
headquarters,beach
hello,beach
hiking,beach
history,beach
hospital,beach
laramara,beach
legends,beach
library,beach
luci,beach
maritime,beach
meeting,beach
memorial,beach
mislata,beach
museum,beach
music,beach
nature,beach
neighborhood,beach
obstacle,beach
odor,beach
park,beach
paseo,beach
people,beach
perfumes,beach
piazza,beach
project,beach
rain,beach
restaurant,beach
scale,beach
sculptures,beach
sensations,beach
shop,beach
sorocaba,beach
steps,beach
stop,beach
tactile,beach
temporary,beach
theater,beach
touch,beach
tram,beach
tranquillity,beach
tree,beach
turismo,beach
university,beach
vaporetto,beach
venice,beach
vento,beach
vision,beach
voices,beach
wall,beach
water,beach
wells,beach
words_and_more,beach
work,beach
._reference,beaches
33bienal,beaches
accessible,beaches
ambient_noise,beaches
art,beaches
audible_traffic_lights,beaches
bar,beaches
bike,beaches
binary,beaches
birds,beaches
calle_closed,beaches
carnevale,beaches
caution,beaches
crowded_environment,beaches
culture,beaches
dangerous,beaches
dead,beaches
description,beaches
easter,beaches
fish,beaches
foundations,beaches
friendship,beaches
fruits,beaches
garden,beaches
germany,beaches
girls,beaches
he_lives_together,beaches
headquarters,beaches
hello,beaches
iglesia,beaches
legends,beaches
library,beaches
luci,beaches
machine,beaches
maritime,beaches
meeting,beaches
memorial,beaches
mislata,beaches
nature,beaches
night,beaches
obstacle,beaches
odor,beaches
park,beaches
paseo,beaches
perfumes,beaches
project,beaches
scale,beaches
sculpture,beaches
sculptures,beaches
shop,beaches
sole,beaches
sorocaba,beaches
sport,beaches
steps,beaches
streets,beaches
tactile,beaches
test,beaches
touch,beaches
tram,beaches
tranquillity,beaches
tree,beaches
turismo,beaches
vaporetto,beaches
vento,beaches
vision,beaches
voices,beaches
water,beaches
work,beaches
._reference,benches
33bienal,benches
accessible,benches
ambient_noise,benches
art,benches
audible_traffic_lights,benches
bar,benches
bells,benches
bike,benches
birds,benches
bridges,benches
car,benches
carnevale,benches
crowded_environment,benches
culture,benches
description,benches
door,benches
fish,benches
foundations,benches
fruits,benches
garden,benches
germany,benches
girls,benches
he_lives_together,benches
headquarters,benches
hiking,benches
history,benches
iglesia,benches
legends,benches
library,benches
luci,benches
machine,benches
maritime,benches
market,benches
meeting,benches
memorial,benches
mislata,benches
movement,benches
museum,benches
music,benches
nature,benches
night,benches
obstacle,benches
odor,benches
paseo,benches
people,benches
perfumes,benches
project,benches
restaurant,benches
scale,benches
sculpture,benches
sculptures,benches
shop,benches
sole,benches
sorocaba,benches
sport,benches
stop,benches
streets,benches
tactile,benches
temporary,benches
test,benches
theater,benches
touch,benches
tram,benches
tranquillity,benches
tree,benches
turismo,benches
vaporetto,benches
venice,benches
vento,benches
vision,benches
voices,benches
water,benches
wells,benches
words_and_more,benches
work,benches
audible_traffic_lights,bengal
binary,bengal
birds,bengal
bridges,bengal
carnevale,bengal
caution,bengal
crowded_environment,bengal
culture,bengal
dangerous,bengal
dead,bengal
description,bengal
door,bengal
easter,bengal
foundations,bengal
friendship,bengal
fruits,bengal
garden,bengal
germany,bengal
headquarters,bengal
hello,bengal
hiking,bengal
history,bengal
hospital,bengal
iglesia,bengal
lande,bengal
luci,bengal
machine,bengal
maritime,bengal
market,bengal
memorial,bengal
mislata,bengal
movement,bengal
music,bengal
nature,bengal
neighborhood,bengal
park,bengal
people,bengal
piazza,bengal
rain,bengal
restaurant,bengal
scale,bengal
sculpture,bengal
sculptures,bengal
sensations,bengal
shop,bengal
sole,bengal
sorocaba,bengal
steps,bengal
stop,bengal
streets,bengal
tactile,bengal
temporary,bengal
touch,bengal
tranquillity,bengal
tree,bengal
vaporetto,bengal
vento,bengal
vision,bengal
water,bengal
wells,bengal
words_and_more,bengal
work,bengal
33bienal,berlin_gallery
accessible,berlin_gallery
ambient_noise,berlin_gallery
art,berlin_gallery
bar,berlin_gallery
bells,berlin_gallery
bike,berlin_gallery
binary,berlin_gallery
birds,berlin_gallery
blindwiki,berlin_gallery
bridges,berlin_gallery
calle_closed,berlin_gallery
car,berlin_gallery
carnevale,berlin_gallery
caution,berlin_gallery
crowded_environment,berlin_gallery
culture,berlin_gallery
dead,berlin_gallery
description,berlin_gallery
door,berlin_gallery
easter,berlin_gallery
fish,berlin_gallery
foundations,berlin_gallery
fruits,berlin_gallery
germany,berlin_gallery
girls,berlin_gallery
he_lives_together,berlin_gallery
hello,berlin_gallery
hiking,berlin_gallery
history,berlin_gallery
hospital,berlin_gallery
iglesia,berlin_gallery
lande,berlin_gallery
laramara,berlin_gallery
legends,berlin_gallery
library,berlin_gallery
luci,berlin_gallery
machine,berlin_gallery
maritime,berlin_gallery
market,berlin_gallery
memorial,berlin_gallery
mislata,berlin_gallery
movement,berlin_gallery
nature,berlin_gallery
neighborhood,berlin_gallery
night,berlin_gallery
obstacle,berlin_gallery
odor,berlin_gallery
park,berlin_gallery
paseo,berlin_gallery
people,berlin_gallery
perfumes,berlin_gallery
project,berlin_gallery
rain,berlin_gallery
restaurant,berlin_gallery
scale,berlin_gallery
sculptures,berlin_gallery
sensations,berlin_gallery
shop,berlin_gallery
sole,berlin_gallery
sorocaba,berlin_gallery
steps,berlin_gallery
temporary,berlin_gallery
test,berlin_gallery
theater,berlin_gallery
tram,berlin_gallery
tranquillity,berlin_gallery
tree,berlin_gallery
university,berlin_gallery
venice,berlin_gallery
vento,berlin_gallery
vision,berlin_gallery
voices,berlin_gallery
wall,berlin_gallery
water,berlin_gallery
wells,berlin_gallery
words_and_more,berlin_gallery
work,berlin_gallery
accessible,bicycle
ambient_noise,bicycle
art,bicycle
audible_traffic_lights,bicycle
bike,bicycle
binary,bicycle
birds,bicycle
blindwiki,bicycle
bridges,bicycle
calle_closed,bicycle
car,bicycle
carnevale,bicycle
crowded_environment,bicycle
culture,bicycle
dead,bicycle
easter,bicycle
fish,bicycle
foundations,bicycle
friendship,bicycle
fruits,bicycle
garden,bicycle
germany,bicycle
girls,bicycle
he_lives_together,bicycle
hello,bicycle
history,bicycle
hospital,bicycle
lande,bicycle
laramara,bicycle
legends,bicycle
library,bicycle
luci,bicycle
machine,bicycle
maritime,bicycle
meeting,bicycle
mislata,bicycle
movement,bicycle
music,bicycle
nature,bicycle
neighborhood,bicycle
night,bicycle
obstacle,bicycle
odor,bicycle
paseo,bicycle
people,bicycle
perfumes,bicycle
piazza,bicycle
project,bicycle
rain,bicycle
scale,bicycle
sculptures,bicycle
sensations,bicycle
sole,bicycle
sorocaba,bicycle
sport,bicycle
steps,bicycle
streets,bicycle
tactile,bicycle
temporary,bicycle
theater,bicycle
touch,bicycle
tram,bicycle
tree,bicycle
turismo,bicycle
university,bicycle
venice,bicycle
vision,bicycle
wall,bicycle
water,bicycle
wells,bicycle
words_and_more,bicycle
work,bicycle
._reference,bier
33bienal,bier
accessible,bier
ambient_noise,bier
art,bier
bar,bier
bike,bier
binary,bier
birds,bier
blindwiki,bier
bridges,bier
calle_closed,bier
carnevale,bier
caution,bier
dangerous,bier
dead,bier
door,bier
easter,bier
friendship,bier
fruits,bier
garden,bier
he_lives_together,bier
headquarters,bier
hospital,bier
iglesia,bier
lande,bier
laramara,bier
legends,bier
luci,bier
machine,bier
maritime,bier
market,bier
meeting,bier
memorial,bier
mislata,bier
movement,bier
museum,bier
music,bier
nature,bier
neighborhood,bier
obstacle,bier
odor,bier
park,bier
perfumes,bier
piazza,bier
project,bier
rain,bier
restaurant,bier
sculpture,bier
sculptures,bier
sensations,bier
shop,bier
sole,bier
sport,bier
steps,bier
stop,bier
streets,bier
tactile,bier
temporary,bier
test,bier
theater,bier
touch,bier
tram,bier
tranquillity,bier
tree,bier
university,bier
vaporetto,bier
vision,bier
voices,bier
wall,bier
water,bier
._reference,big_channel
33bienal,big_channel
accessible,big_channel
ambient_noise,big_channel
audible_traffic_lights,big_channel
bells,big_channel
bike,big_channel
binary,big_channel
birds,big_channel
bridges,big_channel
car,big_channel
caution,big_channel
crowded_environment,big_channel
culture,big_channel
dangerous,big_channel
dead,big_channel
description,big_channel
door,big_channel
easter,big_channel
girls,big_channel
headquarters,big_channel
hello,big_channel
history,big_channel
iglesia,big_channel
legends,big_channel
library,big_channel
luci,big_channel
market,big_channel
meeting,big_channel
memorial,big_channel
movement,big_channel
museum,big_channel
music,big_channel
neighborhood,big_channel
night,big_channel
obstacle,big_channel
park,big_channel
paseo,big_channel
people,big_channel
piazza,big_channel
project,big_channel
rain,big_channel
restaurant,big_channel
scale,big_channel
sculptures,big_channel
sensations,big_channel
shop,big_channel
sorocaba,big_channel
sport,big_channel
steps,big_channel
stop,big_channel
streets,big_channel
tactile,big_channel
temporary,big_channel
theater,big_channel
touch,big_channel
tranquillity,big_channel
turismo,big_channel
venice,big_channel
voices,big_channel
wells,big_channel
words_and_more,big_channel
33bienal,bike_lane
accessible,bike_lane
ambient_noise,bike_lane
art,bike_lane
audible_traffic_lights,bike_lane
bar,bike_lane
bells,bike_lane
bike,bike_lane
binary,bike_lane
birds,bike_lane
blindwiki,bike_lane
bridges,bike_lane
caution,bike_lane
crowded_environment,bike_lane
culture,bike_lane
dangerous,bike_lane
door,bike_lane
foundations,bike_lane
friendship,bike_lane
garden,bike_lane
girls,bike_lane
he_lives_together,bike_lane
headquarters,bike_lane
hello,bike_lane
hiking,bike_lane
history,bike_lane
hospital,bike_lane
iglesia,bike_lane
laramara,bike_lane
legends,bike_lane
machine,bike_lane
market,bike_lane
meeting,bike_lane
mislata,bike_lane
movement,bike_lane
music,bike_lane
nature,bike_lane
neighborhood,bike_lane
night,bike_lane
obstacle,bike_lane
odor,bike_lane
park,bike_lane
paseo,bike_lane
perfumes,bike_lane
project,bike_lane
rain,bike_lane
restaurant,bike_lane
sensations,bike_lane
sole,bike_lane
sport,bike_lane
streets,bike_lane
tactile,bike_lane
temporary,bike_lane
test,bike_lane
touch,bike_lane
tram,bike_lane
tranquillity,bike_lane
tree,bike_lane
turismo,bike_lane
university,bike_lane
vaporetto,bike_lane
vento,bike_lane
vision,bike_lane
wall,bike_lane
water,bike_lane
wells,bike_lane
words_and_more,bike_lane
._reference,bishop_of_rosario
33bienal,bishop_of_rosario
accessible,bishop_of_rosario
ambient_noise,bishop_of_rosario
art,bishop_of_rosario
audible_traffic_lights,bishop_of_rosario
bells,bishop_of_rosario
bike,bishop_of_rosario
binary,bishop_of_rosario
birds,bishop_of_rosario
bridges,bishop_of_rosario
calle_closed,bishop_of_rosario
car,bishop_of_rosario
carnevale,bishop_of_rosario
caution,bishop_of_rosario
crowded_environment,bishop_of_rosario
culture,bishop_of_rosario
dangerous,bishop_of_rosario
description,bishop_of_rosario
door,bishop_of_rosario
easter,bishop_of_rosario
fish,bishop_of_rosario
foundations,bishop_of_rosario
friendship,bishop_of_rosario
fruits,bishop_of_rosario
germany,bishop_of_rosario
girls,bishop_of_rosario
hello,bishop_of_rosario
hiking,bishop_of_rosario
history,bishop_of_rosario
hospital,bishop_of_rosario
iglesia,bishop_of_rosario
legends,bishop_of_rosario
library,bishop_of_rosario
luci,bishop_of_rosario
machine,bishop_of_rosario
market,bishop_of_rosario
meeting,bishop_of_rosario
memorial,bishop_of_rosario
mislata,bishop_of_rosario
movement,bishop_of_rosario
museum,bishop_of_rosario
music,bishop_of_rosario
nature,bishop_of_rosario
neighborhood,bishop_of_rosario
night,bishop_of_rosario
obstacle,bishop_of_rosario
park,bishop_of_rosario
paseo,bishop_of_rosario
people,bishop_of_rosario
perfumes,bishop_of_rosario
piazza,bishop_of_rosario
project,bishop_of_rosario
scale,bishop_of_rosario
sculpture,bishop_of_rosario
sculptures,bishop_of_rosario
sensations,bishop_of_rosario
shop,bishop_of_rosario
sole,bishop_of_rosario
sport,bishop_of_rosario
steps,bishop_of_rosario
stop,bishop_of_rosario
streets,bishop_of_rosario
tactile,bishop_of_rosario
temporary,bishop_of_rosario
test,bishop_of_rosario
theater,bishop_of_rosario
touch,bishop_of_rosario
tree,bishop_of_rosario
turismo,bishop_of_rosario
university,bishop_of_rosario
vaporetto,bishop_of_rosario
venice,bishop_of_rosario
vento,bishop_of_rosario
vision,bishop_of_rosario
voices,bishop_of_rosario
wall,bishop_of_rosario
water,bishop_of_rosario
wells,bishop_of_rosario
work,bishop_of_rosario
._reference,blackbirds
33bienal,blackbirds
accessible,blackbirds
ambient_noise,blackbirds
art,blackbirds
audible_traffic_lights,blackbirds
bar,blackbirds
bike,blackbirds
binary,blackbirds
birds,blackbirds
bridges,blackbirds
calle_closed,blackbirds
car,blackbirds
carnevale,blackbirds
caution,blackbirds
crowded_environment,blackbirds
culture,blackbirds
dangerous,blackbirds
dead,blackbirds
description,blackbirds
door,blackbirds
easter,blackbirds
fish,blackbirds
foundations,blackbirds
friendship,blackbirds
garden,blackbirds
germany,blackbirds
girls,blackbirds
he_lives_together,blackbirds
headquarters,blackbirds
hello,blackbirds
hiking,blackbirds
history,blackbirds
hospital,blackbirds
iglesia,blackbirds
lande,blackbirds
laramara,blackbirds
legends,blackbirds
library,blackbirds
machine,blackbirds
maritime,blackbirds
market,blackbirds
meeting,blackbirds
mislata,blackbirds
movement,blackbirds
museum,blackbirds
music,blackbirds
neighborhood,blackbirds
night,blackbirds
park,blackbirds
people,blackbirds
perfumes,blackbirds
piazza,blackbirds
rain,blackbirds
scale,blackbirds
sculpture,blackbirds
sculptures,blackbirds
shop,blackbirds
sole,blackbirds
sport,blackbirds
steps,blackbirds
tactile,blackbirds
temporary,blackbirds
test,blackbirds
theater,blackbirds
tram,blackbirds
tree,blackbirds
university,blackbirds
vaporetto,blackbirds
vento,blackbirds
vision,blackbirds
voices,blackbirds
words_and_more,blackbirds
work,blackbirds
._reference,blindwikibr
accessible,blindwikibr
ambient_noise,blindwikibr
audible_traffic_lights,blindwikibr
bar,blindwikibr
bells,blindwikibr
bike,blindwikibr
calle_closed,blindwikibr
car,blindwikibr
caution,blindwikibr
culture,blindwikibr
dangerous,blindwikibr
dead,blindwikibr
description,blindwikibr
door,blindwikibr
fish,blindwikibr
foundations,blindwikibr
friendship,blindwikibr
fruits,blindwikibr
garden,blindwikibr
germany,blindwikibr
headquarters,blindwikibr
hello,blindwikibr
hiking,blindwikibr
history,blindwikibr
iglesia,blindwikibr
lande,blindwikibr
laramara,blindwikibr
legends,blindwikibr
library,blindwikibr
luci,blindwikibr
maritime,blindwikibr
meeting,blindwikibr
memorial,blindwikibr
mislata,blindwikibr
nature,blindwikibr
neighborhood,blindwikibr
night,blindwikibr
obstacle,blindwikibr
park,blindwikibr
people,blindwikibr
perfumes,blindwikibr
project,blindwikibr
restaurant,blindwikibr
scale,blindwikibr
sculptures,blindwikibr
sensations,blindwikibr
shop,blindwikibr
sole,blindwikibr
sorocaba,blindwikibr
sport,blindwikibr
streets,blindwikibr
tactile,blindwikibr
temporary,blindwikibr
theater,blindwikibr
touch,blindwikibr
tram,blindwikibr
tranquillity,blindwikibr
tree,blindwikibr
turismo,blindwikibr
venice,blindwikibr
vento,blindwikibr
voices,blindwikibr
wall,blindwikibr
water,blindwikibr
wells,blindwikibr
words_and_more,blindwikibr
33bienal,boats
accessible,boats
ambient_noise,boats
art,boats
audible_traffic_lights,boats
bar,boats
bike,boats
binary,boats
birds,boats
blindwiki,boats
bridges,boats
car,boats
carnevale,boats
caution,boats
crowded_environment,boats
culture,boats
dangerous,boats
dead,boats
door,boats
easter,boats
fish,boats
foundations,boats
friendship,boats
fruits,boats
garden,boats
germany,boats
girls,boats
he_lives_together,boats
headquarters,boats
hello,boats
hiking,boats
history,boats
iglesia,boats
legends,boats
luci,boats
machine,boats
maritime,boats
market,boats
meeting,boats
mislata,boats
movement,boats
museum,boats
music,boats
nature,boats
neighborhood,boats
night,boats
obstacle,boats
odor,boats
park,boats
paseo,boats
piazza,boats
project,boats
rain,boats
restaurant,boats
scale,boats
sculpture,boats
sculptures,boats
sensations,boats
shop,boats
sport,boats
steps,boats
stop,boats
streets,boats
tactile,boats
temporary,boats
test,boats
theater,boats
touch,boats
tram,boats
tranquillity,boats
tree,boats
turismo,boats
vento,boats
vision,boats
voices,boats
wall,boats
water,boats
words_and_more,boats
work,boats
._reference,books
accessible,books
ambient_noise,books
art,books
audible_traffic_lights,books
bar,books
bells,books
bike,books
binary,books
birds,books
blindwiki,books
bridges,books
calle_closed,books
car,books
carnevale,books
caution,books
crowded_environment,books
culture,books
dangerous,books
dead,books
description,books
door,books
easter,books
fish,books
foundations,books
friendship,books
garden,books
germany,books
girls,books
he_lives_together,books
hello,books
hiking,books
history,books
hospital,books
iglesia,books
laramara,books
legends,books
library,books
machine,books
maritime,books
market,books
meeting,books
memorial,books
mislata,books
movement,books
museum,books
music,books
nature,books
night,books
obstacle,books
odor,books
park,books
people,books
perfumes,books
piazza,books
restaurant,books
scale,books
sculpture,books
sculptures,books
sensations,books
shop,books
sole,books
sport,books
steps,books
streets,books
tactile,books
temporary,books
test,books
theater,books
touch,books
tram,books
tree,books
turismo,books
university,books
vaporetto,books
venice,books
vento,books
vision,books
voices,books
wall,books
water,books
wells,books
words_and_more,books
accessible,bookshelf
ambient_noise,bookshelf
art,bookshelf
audible_traffic_lights,bookshelf
bar,bookshelf
bells,bookshelf
binary,bookshelf
birds,bookshelf
blindwiki,bookshelf
bridges,bookshelf
calle_closed,bookshelf
car,bookshelf
carnevale,bookshelf
caution,bookshelf
crowded_environment,bookshelf
culture,bookshelf
dangerous,bookshelf
dead,bookshelf
description,bookshelf
door,bookshelf
easter,bookshelf
foundations,bookshelf
friendship,bookshelf
garden,bookshelf
germany,bookshelf
he_lives_together,bookshelf
headquarters,bookshelf
hiking,bookshelf
history,bookshelf
hospital,bookshelf
iglesia,bookshelf
laramara,bookshelf
legends,bookshelf
luci,bookshelf
maritime,bookshelf
market,bookshelf
meeting,bookshelf
mislata,bookshelf
movement,bookshelf
museum,bookshelf
music,bookshelf
nature,bookshelf
night,bookshelf
obstacle,bookshelf
odor,bookshelf
park,bookshelf
paseo,bookshelf
piazza,bookshelf
rain,bookshelf
scale,bookshelf
sculptures,bookshelf
sensations,bookshelf
shop,bookshelf
sole,bookshelf
sorocaba,bookshelf
sport,bookshelf
steps,bookshelf
stop,bookshelf
streets,bookshelf
tactile,bookshelf
temporary,bookshelf
test,bookshelf
touch,bookshelf
tram,bookshelf
tranquillity,bookshelf
tree,bookshelf
university,bookshelf
vaporetto,bookshelf
venice,bookshelf
vision,bookshelf
voices,bookshelf
wall,bookshelf
water,bookshelf
words_and_more,bookshelf
work,bookshelf
33bienal,braille
accessible,braille
art,braille
audible_traffic_lights,braille
bar,braille
bells,braille
bike,braille
binary,braille
birds,braille
blindwiki,braille
bridges,braille
calle_closed,braille
car,braille
carnevale,braille
caution,braille
crowded_environment,braille
culture,braille
dangerous,braille
dead,braille
description,braille
door,braille
easter,braille
fish,braille
foundations,braille
friendship,braille
girls,braille
headquarters,braille
hello,braille
hiking,braille
hospital,braille
iglesia,braille
lande,braille
laramara,braille
legends,braille
library,braille
luci,braille
machine,braille
maritime,braille
meeting,braille
mislata,braille
movement,braille
museum,braille
music,braille
nature,braille
neighborhood,braille
night,braille
obstacle,braille
odor,braille
park,braille
people,braille
project,braille
rain,braille
restaurant,braille
sculptures,braille
sensations,braille
sole,braille
sorocaba,braille
sport,braille
steps,braille
tactile,braille
temporary,braille
test,braille
theater,braille
touch,braille
vaporetto,braille
venice,braille
vento,braille
vision,braille
wall,braille
water,braille
work,braille
._reference,branch
accessible,branch
ambient_noise,branch
audible_traffic_lights,branch
bar,branch
bells,branch
bike,branch
binary,branch
birds,branch
blindwiki,branch
bridges,branch
car,branch
culture,branch
dangerous,branch
dead,branch
description,branch
door,branch
easter,branch
fish,branch
foundations,branch
friendship,branch
garden,branch
girls,branch
he_lives_together,branch
headquarters,branch
hello,branch
history,branch
hospital,branch
legends,branch
library,branch
luci,branch
machine,branch
maritime,branch
meeting,branch
memorial,branch
mislata,branch
museum,branch
nature,branch
neighborhood,branch
obstacle,branch
odor,branch
park,branch
people,branch
piazza,branch
rain,branch
restaurant,branch
scale,branch
sculpture,branch
sculptures,branch
sensations,branch
sole,branch
sorocaba,branch
sport,branch
steps,branch
stop,branch
tactile,branch
test,branch
theater,branch
touch,branch
tranquillity,branch
tree,branch
turismo,branch
university,branch
vaporetto,branch
venice,branch
vento,branch
vision,branch
voices,branch
wall,branch
water,branch
wells,branch
words_and_more,branch
work,branch
accessible,brandenburg_gate
ambient_noise,brandenburg_gate
art,brandenburg_gate
audible_traffic_lights,brandenburg_gate
bells,brandenburg_gate
binary,brandenburg_gate
birds,brandenburg_gate
bridges,brandenburg_gate
calle_closed,brandenburg_gate
caution,brandenburg_gate
culture,brandenburg_gate
dangerous,brandenburg_gate
dead,brandenburg_gate
door,brandenburg_gate
easter,brandenburg_gate
fish,brandenburg_gate
friendship,brandenburg_gate
garden,brandenburg_gate
germany,brandenburg_gate
girls,brandenburg_gate
he_lives_together,brandenburg_gate
hello,brandenburg_gate
hiking,brandenburg_gate
history,brandenburg_gate
hospital,brandenburg_gate
laramara,brandenburg_gate
library,brandenburg_gate
maritime,brandenburg_gate
market,brandenburg_gate
meeting,brandenburg_gate
mislata,brandenburg_gate
movement,brandenburg_gate
museum,brandenburg_gate
music,brandenburg_gate
nature,brandenburg_gate
obstacle,brandenburg_gate
odor,brandenburg_gate
paseo,brandenburg_gate
people,brandenburg_gate
piazza,brandenburg_gate
rain,brandenburg_gate
sculptures,brandenburg_gate
sensations,brandenburg_gate
sole,brandenburg_gate
sport,brandenburg_gate
stop,brandenburg_gate
tactile,brandenburg_gate
temporary,brandenburg_gate
test,brandenburg_gate
theater,brandenburg_gate
touch,brandenburg_gate
tranquillity,brandenburg_gate
tree,brandenburg_gate
turismo,brandenburg_gate
university,brandenburg_gate
vaporetto,brandenburg_gate
venice,brandenburg_gate
vento,brandenburg_gate
vision,brandenburg_gate
water,brandenburg_gate
wells,brandenburg_gate
words_and_more,brandenburg_gate
work,brandenburg_gate
._reference,brazil
33bienal,brazil
accessible,brazil
ambient_noise,brazil
art,brazil
audible_traffic_lights,brazil
bar,brazil
bells,brazil
bike,brazil
blindwiki,brazil
bridges,brazil
calle_closed,brazil
crowded_environment,brazil
culture,brazil
dangerous,brazil
description,brazil
fish,brazil
foundations,brazil
friendship,brazil
fruits,brazil
garden,brazil
he_lives_together,brazil
headquarters,brazil
hello,brazil
hiking,brazil
history,brazil
hospital,brazil
legends,brazil
market,brazil
meeting,brazil
memorial,brazil
movement,brazil
music,brazil
neighborhood,brazil
night,brazil
odor,brazil
park,brazil
paseo,brazil
people,brazil
piazza,brazil
project,brazil
rain,brazil
restaurant,brazil
sculpture,brazil
shop,brazil
sole,brazil
sorocaba,brazil
steps,brazil
stop,brazil
streets,brazil
tactile,brazil
temporary,brazil
test,brazil
touch,brazil
tranquillity,brazil
tree,brazil
turismo,brazil
university,brazil
venice,brazil
vento,brazil
vision,brazil
voices,brazil
wall,brazil
water,brazil
wells,brazil
words_and_more,brazil
accessible,browsing
art,browsing
audible_traffic_lights,browsing
bar,browsing
bells,browsing
binary,browsing
birds,browsing
blindwiki,browsing
calle_closed,browsing
car,browsing
dangerous,browsing
dead,browsing
description,browsing
door,browsing
easter,browsing
fish,browsing
foundations,browsing
fruits,browsing
garden,browsing
germany,browsing
girls,browsing
he_lives_together,browsing
headquarters,browsing
hello,browsing
hiking,browsing
history,browsing
hospital,browsing
iglesia,browsing
laramara,browsing
legends,browsing
library,browsing
machine,browsing
maritime,browsing
market,browsing
meeting,browsing
memorial,browsing
mislata,browsing
movement,browsing
music,browsing
neighborhood,browsing
night,browsing
odor,browsing
park,browsing
people,browsing
perfumes,browsing
piazza,browsing
project,browsing
restaurant,browsing
scale,browsing
sculpture,browsing
sensations,browsing
shop,browsing
sole,browsing
sport,browsing
stop,browsing
streets,browsing
tactile,browsing
theater,browsing
touch,browsing
tram,browsing
turismo,browsing
university,browsing
vaporetto,browsing
venice,browsing
vento,browsing
vision,browsing
voices,browsing
wall,browsing
water,browsing
wells,browsing
words_and_more,browsing
work,browsing
._reference,building_model
accessible,building_model
audible_traffic_lights,building_model
bar,building_model
binary,building_model
birds,building_model
bridges,building_model
calle_closed,building_model
caution,building_model
crowded_environment,building_model
dangerous,building_model
dead,building_model
description,building_model
door,building_model
easter,building_model
fish,building_model
foundations,building_model
friendship,building_model
fruits,building_model
garden,building_model
girls,building_model
hello,building_model
hiking,building_model
history,building_model
iglesia,building_model
lande,building_model
laramara,building_model
legends,building_model
machine,building_model
market,building_model
meeting,building_model
mislata,building_model
movement,building_model
music,building_model
nature,building_model
night,building_model
obstacle,building_model
odor,building_model
park,building_model
people,building_model
piazza,building_model
project,building_model
rain,building_model
scale,building_model
sculpture,building_model
sculptures,building_model
sensations,building_model
shop,building_model
sole,building_model
sorocaba,building_model
sport,building_model
steps,building_model
stop,building_model
streets,building_model
tactile,building_model
test,building_model
theater,building_model
touch,building_model
tram,building_model
tranquillity,building_model
tree,building_model
venice,building_model
vento,building_model
vision,building_model
voices,building_model
wall,building_model
wells,building_model
work,building_model
._reference,buildings
33bienal,buildings
ambient_noise,buildings
art,buildings
bar,buildings
bells,buildings
binary,buildings
birds,buildings
blindwiki,buildings
bridges,buildings
carnevale,buildings
caution,buildings
crowded_environment,buildings
description,buildings
door,buildings
fish,buildings
foundations,buildings
friendship,buildings
fruits,buildings
garden,buildings
girls,buildings
headquarters,buildings
hello,buildings
hiking,buildings
history,buildings
hospital,buildings
lande,buildings
laramara,buildings
legends,buildings
library,buildings
luci,buildings
machine,buildings
maritime,buildings
meeting,buildings
memorial,buildings
movement,buildings
museum,buildings
music,buildings
nature,buildings
neighborhood,buildings
night,buildings
obstacle,buildings
odor,buildings
park,buildings
people,buildings
perfumes,buildings
piazza,buildings
rain,buildings
scale,buildings
sculpture,buildings
sculptures,buildings
shop,buildings
sole,buildings
sorocaba,buildings
sport,buildings
steps,buildings
stop,buildings
temporary,buildings
test,buildings
tram,buildings
tree,buildings
turismo,buildings
university,buildings
vento,buildings
vision,buildings
voices,buildings
wall,buildings
water,buildings
wells,buildings
words_and_more,buildings
work,buildings
._reference,bullring
33bienal,bullring
accessible,bullring
ambient_noise,bullring
audible_traffic_lights,bullring
bar,bullring
bells,bullring
bike,bullring
binary,bullring
birds,bullring
calle_closed,bullring
car,bullring
caution,bullring
crowded_environment,bullring
culture,bullring
dangerous,bullring
dead,bullring
door,bullring
easter,bullring
fruits,bullring
germany,bullring
girls,bullring
he_lives_together,bullring
hello,bullring
hiking,bullring
history,bullring
hospital,bullring
iglesia,bullring
lande,bullring
laramara,bullring
library,bullring
maritime,bullring
market,bullring
meeting,bullring
mislata,bullring
movement,bullring
museum,bullring
music,bullring
nature,bullring
night,bullring
odor,bullring
park,bullring
people,bullring
perfumes,bullring
piazza,bullring
project,bullring
rain,bullring
restaurant,bullring
sculpture,bullring
sensations,bullring
sole,bullring
sorocaba,bullring
sport,bullring
stop,bullring
temporary,bullring
test,bullring
theater,bullring
tram,bullring
tranquillity,bullring
tree,bullring
turismo,bullring
vaporetto,bullring
venice,bullring
vision,bullring
voices,bullring
wall,bullring
water,bullring
wells,bullring
words_and_more,bullring
._reference,bus
33bienal,bus
accessible,bus
art,bus
audible_traffic_lights,bus
bar,bus
bells,bus
bike,bus
binary,bus
birds,bus
blindwiki,bus
calle_closed,bus
carnevale,bus
caution,bus
crowded_environment,bus
dead,bus
description,bus
door,bus
easter,bus
fish,bus
friendship,bus
fruits,bus
garden,bus
girls,bus
he_lives_together,bus
headquarters,bus
hello,bus
laramara,bus
legends,bus
library,bus
machine,bus
maritime,bus
market,bus
meeting,bus
mislata,bus
museum,bus
music,bus
neighborhood,bus
night,bus
obstacle,bus
odor,bus
park,bus
paseo,bus
people,bus
perfumes,bus
piazza,bus
project,bus
rain,bus
scale,bus
sculpture,bus
sculptures,bus
sensations,bus
shop,bus
sole,bus
sorocaba,bus
sport,bus
steps,bus
temporary,bus
theater,bus
touch,bus
tram,bus
tree,bus
university,bus
venice,bus
vento,bus
voices,bus
water,bus
wells,bus
words_and_more,bus
work,bus
33bienal,bus_stop
accessible,bus_stop
ambient_noise,bus_stop
art,bus_stop
audible_traffic_lights,bus_stop
bar,bus_stop
bike,bus_stop
binary,bus_stop
birds,bus_stop
blindwiki,bus_stop
bridges,bus_stop
calle_closed,bus_stop
car,bus_stop
caution,bus_stop
crowded_environment,bus_stop
culture,bus_stop
dangerous,bus_stop
dead,bus_stop
description,bus_stop
door,bus_stop
easter,bus_stop
fish,bus_stop
foundations,bus_stop
friendship,bus_stop
garden,bus_stop
germany,bus_stop
headquarters,bus_stop
hello,bus_stop
hospital,bus_stop
laramara,bus_stop
legends,bus_stop
library,bus_stop
machine,bus_stop
maritime,bus_stop
meeting,bus_stop
memorial,bus_stop
mislata,bus_stop
museum,bus_stop
music,bus_stop
nature,bus_stop
neighborhood,bus_stop
night,bus_stop
paseo,bus_stop
people,bus_stop
perfumes,bus_stop
piazza,bus_stop
rain,bus_stop
restaurant,bus_stop
scale,bus_stop
sculpture,bus_stop
sensations,bus_stop
sole,bus_stop
sorocaba,bus_stop
sport,bus_stop
steps,bus_stop
stop,bus_stop
tactile,bus_stop
temporary,bus_stop
test,bus_stop
theater,bus_stop
touch,bus_stop
tram,bus_stop
tree,bus_stop
turismo,bus_stop
vaporetto,bus_stop
vento,bus_stop
vision,bus_stop
voices,bus_stop
water,bus_stop
words_and_more,bus_stop
work,bus_stop
33bienal,bustle
accessible,bustle
ambient_noise,bustle
art,bustle
audible_traffic_lights,bustle
bike,bustle
birds,bustle
bridges,bustle
calle_closed,bustle
car,bustle
carnevale,bustle
caution,bustle
crowded_environment,bustle
dangerous,bustle
dead,bustle
easter,bustle
fish,bustle
friendship,bustle
garden,bustle
girls,bustle
he_lives_together,bustle
hello,bustle
hiking,bustle
hospital,bustle
lande,bustle
luci,bustle
machine,bustle
maritime,bustle
market,bustle
movement,bustle
music,bustle
nature,bustle
obstacle,bustle
odor,bustle
park,bustle
paseo,bustle
people,bustle
piazza,bustle
rain,bustle
restaurant,bustle
scale,bustle
sculpture,bustle
shop,bustle
sole,bustle
sorocaba,bustle
streets,bustle
tactile,bustle
temporary,bustle
touch,bustle
tram,bustle
tranquillity,bustle
tree,bustle
turismo,bustle
university,bustle
vaporetto,bustle
vision,bustle
voices,bustle
wall,bustle
words_and_more,bustle
work,bustle
._reference,but_fogonussa
33bienal,but_fogonussa
accessible,but_fogonussa
ambient_noise,but_fogonussa
audible_traffic_lights,but_fogonussa
bar,but_fogonussa
bells,but_fogonussa
bike,but_fogonussa
bridges,but_fogonussa
calle_closed,but_fogonussa
car,but_fogonussa
carnevale,but_fogonussa
crowded_environment,but_fogonussa
dead,but_fogonussa
description,but_fogonussa
door,but_fogonussa
fish,but_fogonussa
foundations,but_fogonussa
fruits,but_fogonussa
girls,but_fogonussa
he_lives_together,but_fogonussa
headquarters,but_fogonussa
hiking,but_fogonussa
history,but_fogonussa
iglesia,but_fogonussa
lande,but_fogonussa
laramara,but_fogonussa
legends,but_fogonussa
library,but_fogonussa
luci,but_fogonussa
machine,but_fogonussa
maritime,but_fogonussa
market,but_fogonussa
meeting,but_fogonussa
memorial,but_fogonussa
mislata,but_fogonussa
movement,but_fogonussa
museum,but_fogonussa
music,but_fogonussa
nature,but_fogonussa
neighborhood,but_fogonussa
night,but_fogonussa
obstacle,but_fogonussa
park,but_fogonussa
people,but_fogonussa
perfumes,but_fogonussa
project,but_fogonussa
rain,but_fogonussa
restaurant,but_fogonussa
scale,but_fogonussa
sculptures,but_fogonussa
sensations,but_fogonussa
shop,but_fogonussa
sole,but_fogonussa
sport,but_fogonussa
stop,but_fogonussa
streets,but_fogonussa
tactile,but_fogonussa
temporary,but_fogonussa
test,but_fogonussa
theater,but_fogonussa
touch,but_fogonussa
tram,but_fogonussa
tranquillity,but_fogonussa
tree,but_fogonussa
turismo,but_fogonussa
vaporetto,but_fogonussa
vento,but_fogonussa
wall,but_fogonussa
water,but_fogonussa
wells,but_fogonussa
words_and_more,but_fogonussa
work,but_fogonussa
._reference,cabin
33bienal,cabin
accessible,cabin
ambient_noise,cabin
art,cabin
audible_traffic_lights,cabin
bar,cabin
birds,cabin
bridges,cabin
calle_closed,cabin
car,cabin
carnevale,cabin
caution,cabin
crowded_environment,cabin
culture,cabin
dangerous,cabin
dead,cabin
description,cabin
door,cabin
fish,cabin
friendship,cabin
fruits,cabin
garden,cabin
germany,cabin
girls,cabin
headquarters,cabin
hello,cabin
hiking,cabin
history,cabin
hospital,cabin
iglesia,cabin
legends,cabin
library,cabin
luci,cabin
maritime,cabin
market,cabin
meeting,cabin
memorial,cabin
mislata,cabin
movement,cabin
museum,cabin
music,cabin
nature,cabin
night,cabin
obstacle,cabin
odor,cabin
park,cabin
paseo,cabin
people,cabin
piazza,cabin
rain,cabin
restaurant,cabin
scale,cabin
sculptures,cabin
sensations,cabin
shop,cabin
sole,cabin
sport,cabin
stop,cabin
streets,cabin
tactile,cabin
temporary,cabin
theater,cabin
touch,cabin
tram,cabin
tranquillity,cabin
tree,cabin
turismo,cabin
university,cabin
vaporetto,cabin
vento,cabin
vision,cabin
voices,cabin
wall,cabin
water,cabin
words_and_more,cabin
._reference,cabin_phone
33bienal,cabin_phone
accessible,cabin_phone
ambient_noise,cabin_phone
art,cabin_phone
audible_traffic_lights,cabin_phone
bar,cabin_phone
bells,cabin_phone
binary,cabin_phone
calle_closed,cabin_phone
car,cabin_phone
carnevale,cabin_phone
caution,cabin_phone
crowded_environment,cabin_phone
culture,cabin_phone
dangerous,cabin_phone
description,cabin_phone
easter,cabin_phone
fish,cabin_phone
foundations,cabin_phone
friendship,cabin_phone
fruits,cabin_phone
girls,cabin_phone
history,cabin_phone
hospital,cabin_phone
legends,cabin_phone
luci,cabin_phone
machine,cabin_phone
maritime,cabin_phone
meeting,cabin_phone
movement,cabin_phone
museum,cabin_phone
music,cabin_phone
neighborhood,cabin_phone
obstacle,cabin_phone
park,cabin_phone
paseo,cabin_phone
people,cabin_phone
perfumes,cabin_phone
rain,cabin_phone
restaurant,cabin_phone
scale,cabin_phone
sculpture,cabin_phone
sensations,cabin_phone
sole,cabin_phone
sorocaba,cabin_phone
stop,cabin_phone
temporary,cabin_phone
test,cabin_phone
theater,cabin_phone
touch,cabin_phone
tram,cabin_phone
tree,cabin_phone
turismo,cabin_phone
university,cabin_phone
vaporetto,cabin_phone
venice,cabin_phone
vento,cabin_phone
vision,cabin_phone
voices,cabin_phone
wall,cabin_phone
wells,cabin_phone
work,cabin_phone
._reference,cadevi_association
33bienal,cadevi_association
accessible,cadevi_association
ambient_noise,cadevi_association
audible_traffic_lights,cadevi_association
bar,cadevi_association
bells,cadevi_association
bike,cadevi_association
binary,cadevi_association
birds,cadevi_association
bridges,cadevi_association
calle_closed,cadevi_association
car,cadevi_association
carnevale,cadevi_association
caution,cadevi_association
crowded_environment,cadevi_association
description,cadevi_association
door,cadevi_association
fish,cadevi_association
foundations,cadevi_association
friendship,cadevi_association
fruits,cadevi_association
garden,cadevi_association
he_lives_together,cadevi_association
headquarters,cadevi_association
hello,cadevi_association
hiking,cadevi_association
history,cadevi_association
hospital,cadevi_association
iglesia,cadevi_association
lande,cadevi_association
legends,cadevi_association
machine,cadevi_association
maritime,cadevi_association
market,cadevi_association
meeting,cadevi_association
mislata,cadevi_association
movement,cadevi_association
music,cadevi_association
nature,cadevi_association
neighborhood,cadevi_association
night,cadevi_association
obstacle,cadevi_association
odor,cadevi_association
park,cadevi_association
paseo,cadevi_association
people,cadevi_association
perfumes,cadevi_association
piazza,cadevi_association
project,cadevi_association
rain,cadevi_association
scale,cadevi_association
sculpture,cadevi_association
sculptures,cadevi_association
shop,cadevi_association
sole,cadevi_association
sorocaba,cadevi_association
sport,cadevi_association
steps,cadevi_association
stop,cadevi_association
streets,cadevi_association
tactile,cadevi_association
temporary,cadevi_association
test,cadevi_association
theater,cadevi_association
tranquillity,cadevi_association
turismo,cadevi_association
university,cadevi_association
vaporetto,cadevi_association
venice,cadevi_association
vento,cadevi_association
wall,cadevi_association
wells,cadevi_association
words_and_more,cadevi_association
work,cadevi_association
._reference,cafeteria
33bienal,cafeteria
accessible,cafeteria
ambient_noise,cafeteria
art,cafeteria
audible_traffic_lights,cafeteria
bells,cafeteria
bike,cafeteria
binary,cafeteria
birds,cafeteria
blindwiki,cafeteria
bridges,cafeteria
calle_closed,cafeteria
car,cafeteria
carnevale,cafeteria
caution,cafeteria
crowded_environment,cafeteria
culture,cafeteria
dead,cafeteria
description,cafeteria
door,cafeteria
fish,cafeteria
foundations,cafeteria
fruits,cafeteria
garden,cafeteria
girls,cafeteria
he_lives_together,cafeteria
headquarters,cafeteria
hello,cafeteria
hiking,cafeteria
history,cafeteria
hospital,cafeteria
iglesia,cafeteria
laramara,cafeteria
library,cafeteria
luci,cafeteria
machine,cafeteria
maritime,cafeteria
market,cafeteria
meeting,cafeteria
movement,cafeteria
music,cafeteria
nature,cafeteria
night,cafeteria
obstacle,cafeteria
odor,cafeteria
park,cafeteria
paseo,cafeteria
people,cafeteria
piazza,cafeteria
project,cafeteria
rain,cafeteria
restaurant,cafeteria
scale,cafeteria
sculpture,cafeteria
sculptures,cafeteria
sole,cafeteria
sorocaba,cafeteria
sport,cafeteria
steps,cafeteria
stop,cafeteria
streets,cafeteria
tactile,cafeteria
temporary,cafeteria
test,cafeteria
theater,cafeteria
touch,cafeteria
tram,cafeteria
tranquillity,cafeteria
tree,cafeteria
turismo,cafeteria
university,cafeteria
vaporetto,cafeteria
venice,cafeteria
vento,cafeteria
vision,cafeteria
wall,cafeteria
water,cafeteria
wells,cafeteria
words_and_more,cafeteria
._reference,calatrava_bridge
33bienal,calatrava_bridge
accessible,calatrava_bridge
ambient_noise,calatrava_bridge
art,calatrava_bridge
audible_traffic_lights,calatrava_bridge
bells,calatrava_bridge
binary,calatrava_bridge
birds,calatrava_bridge
blindwiki,calatrava_bridge
bridges,calatrava_bridge
car,calatrava_bridge
carnevale,calatrava_bridge
crowded_environment,calatrava_bridge
culture,calatrava_bridge
dangerous,calatrava_bridge
description,calatrava_bridge
door,calatrava_bridge
easter,calatrava_bridge
foundations,calatrava_bridge
fruits,calatrava_bridge
germany,calatrava_bridge
he_lives_together,calatrava_bridge
headquarters,calatrava_bridge
hello,calatrava_bridge
hiking,calatrava_bridge
history,calatrava_bridge
hospital,calatrava_bridge
iglesia,calatrava_bridge
lande,calatrava_bridge
laramara,calatrava_bridge
legends,calatrava_bridge
luci,calatrava_bridge
machine,calatrava_bridge
maritime,calatrava_bridge
market,calatrava_bridge
meeting,calatrava_bridge
mislata,calatrava_bridge
museum,calatrava_bridge
music,calatrava_bridge
night,calatrava_bridge
obstacle,calatrava_bridge
odor,calatrava_bridge
people,calatrava_bridge
project,calatrava_bridge
restaurant,calatrava_bridge
scale,calatrava_bridge
sculpture,calatrava_bridge
sculptures,calatrava_bridge
sensations,calatrava_bridge
shop,calatrava_bridge
sorocaba,calatrava_bridge
sport,calatrava_bridge
stop,calatrava_bridge
streets,calatrava_bridge
tactile,calatrava_bridge
temporary,calatrava_bridge
test,calatrava_bridge
tram,calatrava_bridge
tranquillity,calatrava_bridge
tree,calatrava_bridge
turismo,calatrava_bridge
university,calatrava_bridge
vento,calatrava_bridge
vision,calatrava_bridge
voices,calatrava_bridge
water,calatrava_bridge
words_and_more,calatrava_bridge
33bienal,calli
accessible,calli
audible_traffic_lights,calli
bar,calli
bells,calli
birds,calli
bridges,calli
calle_closed,calli
car,calli
carnevale,calli
caution,calli
crowded_environment,calli
dangerous,calli
dead,calli
description,calli
easter,calli
foundations,calli
friendship,calli
fruits,calli
girls,calli
he_lives_together,calli
headquarters,calli
hiking,calli
hospital,calli
iglesia,calli
lande,calli
legends,calli
library,calli
luci,calli
maritime,calli
market,calli
meeting,calli
mislata,calli
movement,calli
museum,calli
nature,calli
neighborhood,calli
night,calli
obstacle,calli
odor,calli
park,calli
people,calli
perfumes,calli
piazza,calli
restaurant,calli
scale,calli
sculptures,calli
sensations,calli
shop,calli
sole,calli
sorocaba,calli
sport,calli
stop,calli
tactile,calli
temporary,calli
test,calli
touch,calli
tram,calli
tree,calli
turismo,calli
university,calli
vaporetto,calli
venice,calli
vision,calli
voices,calli
wall,calli
water,calli
wells,calli
work,calli
._reference,calm
accessible,calm
ambient_noise,calm
bar,calm
bike,calm
binary,calm
birds,calm
blindwiki,calm
bridges,calm
calle_closed,calm
car,calm
caution,calm
crowded_environment,calm
culture,calm
dead,calm
description,calm
easter,calm
fish,calm
foundations,calm
fruits,calm
garden,calm
germany,calm
he_lives_together,calm
headquarters,calm
hiking,calm
history,calm
hospital,calm
iglesia,calm
lande,calm
legends,calm
library,calm
luci,calm
machine,calm
maritime,calm
meeting,calm
memorial,calm
mislata,calm
museum,calm
nature,calm
night,calm
obstacle,calm
odor,calm
people,calm
perfumes,calm
project,calm
rain,calm
restaurant,calm
scale,calm
sculpture,calm
sculptures,calm
sensations,calm
shop,calm
sole,calm
sorocaba,calm
sport,calm
stop,calm
streets,calm
test,calm
theater,calm
touch,calm
tram,calm
tranquillity,calm
tree,calm
turismo,calm
university,calm
vaporetto,calm
venice,calm
vision,calm
voices,calm
wall,calm
water,calm
wells,calm
words_and_more,calm
work,calm
._reference,camaragibe_street
33bienal,camaragibe_street
accessible,camaragibe_street
ambient_noise,camaragibe_street
audible_traffic_lights,camaragibe_street
bells,camaragibe_street
bike,camaragibe_street
binary,camaragibe_street
birds,camaragibe_street
bridges,camaragibe_street
car,camaragibe_street
caution,camaragibe_street
dangerous,camaragibe_street
dead,camaragibe_street
door,camaragibe_street
fish,camaragibe_street
friendship,camaragibe_street
garden,camaragibe_street
girls,camaragibe_street
he_lives_together,camaragibe_street
hiking,camaragibe_street
history,camaragibe_street
iglesia,camaragibe_street
lande,camaragibe_street
laramara,camaragibe_street
legends,camaragibe_street
luci,camaragibe_street
machine,camaragibe_street
maritime,camaragibe_street
market,camaragibe_street
meeting,camaragibe_street
memorial,camaragibe_street
mislata,camaragibe_street
movement,camaragibe_street
museum,camaragibe_street
music,camaragibe_street
night,camaragibe_street
obstacle,camaragibe_street
odor,camaragibe_street
park,camaragibe_street
people,camaragibe_street
perfumes,camaragibe_street
piazza,camaragibe_street
project,camaragibe_street
rain,camaragibe_street
restaurant,camaragibe_street
sculpture,camaragibe_street
sensations,camaragibe_street
shop,camaragibe_street
sole,camaragibe_street
sorocaba,camaragibe_street
sport,camaragibe_street
steps,camaragibe_street
streets,camaragibe_street
tactile,camaragibe_street
theater,camaragibe_street
tram,camaragibe_street
turismo,camaragibe_street
university,camaragibe_street
vaporetto,camaragibe_street
venice,camaragibe_street
vento,camaragibe_street
vision,camaragibe_street
voices,camaragibe_street
wall,camaragibe_street
water,camaragibe_street
wells,camaragibe_street
work,camaragibe_street
._reference,camino
33bienal,camino
accessible,camino
ambient_noise,camino
art,camino
audible_traffic_lights,camino
bells,camino
bike,camino
binary,camino
birds,camino
blindwiki,camino
bridges,camino
calle_closed,camino
car,camino
carnevale,camino
caution,camino
crowded_environment,camino
culture,camino
description,camino
door,camino
easter,camino
fish,camino
foundations,camino
friendship,camino
fruits,camino
garden,camino
germany,camino
girls,camino
headquarters,camino
hello,camino
hiking,camino
history,camino
hospital,camino
iglesia,camino
lande,camino
legends,camino
luci,camino
machine,camino
maritime,camino
market,camino
meeting,camino
memorial,camino
mislata,camino
nature,camino
neighborhood,camino
obstacle,camino
odor,camino
paseo,camino
people,camino
perfumes,camino
piazza,camino
project,camino
restaurant,camino
scale,camino
sculpture,camino
sculptures,camino
sensations,camino
shop,camino
sole,camino
sorocaba,camino
sport,camino
steps,camino
stop,camino
streets,camino
tactile,camino
temporary,camino
test,camino
touch,camino
tram,camino
tranquillity,camino
tree,camino
turismo,camino
university,camino
vaporetto,camino
venice,camino
vento,camino
vision,camino
voices,camino
wall,camino
water,camino
wells,camino
words_and_more,camino
33bienal,campiello
accessible,campiello
ambient_noise,campiello
art,campiello
audible_traffic_lights,campiello
bar,campiello
bike,campiello
binary,campiello
birds,campiello
bridges,campiello
calle_closed,campiello
carnevale,campiello
caution,campiello
crowded_environment,campiello
culture,campiello
dangerous,campiello
foundations,campiello
friendship,campiello
fruits,campiello
he_lives_together,campiello
headquarters,campiello
hello,campiello
hospital,campiello
legends,campiello
library,campiello
luci,campiello
machine,campiello
maritime,campiello
market,campiello
meeting,campiello
memorial,campiello
mislata,campiello
museum,campiello
music,campiello
nature,campiello
neighborhood,campiello
night,campiello
park,campiello
paseo,campiello
people,campiello
perfumes,campiello
project,campiello
rain,campiello
restaurant,campiello
scale,campiello
sculptures,campiello
sensations,campiello
sole,campiello
sport,campiello
steps,campiello
tactile,campiello
temporary,campiello
theater,campiello
tree,campiello
turismo,campiello
university,campiello
vaporetto,campiello
venice,campiello
vento,campiello
vision,campiello
water,campiello
wells,campiello
words_and_more,campiello
work,campiello
._reference,campo_santa_margherita
33bienal,campo_santa_margherita
accessible,campo_santa_margherita
art,campo_santa_margherita
audible_traffic_lights,campo_santa_margherita
bar,campo_santa_margherita
bells,campo_santa_margherita
bike,campo_santa_margherita
binary,campo_santa_margherita
birds,campo_santa_margherita
blindwiki,campo_santa_margherita
bridges,campo_santa_margherita
calle_closed,campo_santa_margherita
car,campo_santa_margherita
carnevale,campo_santa_margherita
caution,campo_santa_margherita
crowded_environment,campo_santa_margherita
culture,campo_santa_margherita
dangerous,campo_santa_margherita
dead,campo_santa_margherita
description,campo_santa_margherita
door,campo_santa_margherita
easter,campo_santa_margherita
fish,campo_santa_margherita
foundations,campo_santa_margherita
friendship,campo_santa_margherita
fruits,campo_santa_margherita
germany,campo_santa_margherita
girls,campo_santa_margherita
he_lives_together,campo_santa_margherita
headquarters,campo_santa_margherita
hello,campo_santa_margherita
hiking,campo_santa_margherita
history,campo_santa_margherita
iglesia,campo_santa_margherita
lande,campo_santa_margherita
laramara,campo_santa_margherita
legends,campo_santa_margherita
library,campo_santa_margherita
luci,campo_santa_margherita
machine,campo_santa_margherita
maritime,campo_santa_margherita
market,campo_santa_margherita
meeting,campo_santa_margherita
memorial,campo_santa_margherita
mislata,campo_santa_margherita
movement,campo_santa_margherita
museum,campo_santa_margherita
music,campo_santa_margherita
nature,campo_santa_margherita
night,campo_santa_margherita
obstacle,campo_santa_margherita
odor,campo_santa_margherita
park,campo_santa_margherita
paseo,campo_santa_margherita
people,campo_santa_margherita
perfumes,campo_santa_margherita
piazza,campo_santa_margherita
rain,campo_santa_margherita
restaurant,campo_santa_margherita
scale,campo_santa_margherita
sculptures,campo_santa_margherita
sensations,campo_santa_margherita
shop,campo_santa_margherita
sole,campo_santa_margherita
sorocaba,campo_santa_margherita
sport,campo_santa_margherita
steps,campo_santa_margherita
stop,campo_santa_margherita
streets,campo_santa_margherita
tactile,campo_santa_margherita
temporary,campo_santa_margherita
test,campo_santa_margherita
theater,campo_santa_margherita
touch,campo_santa_margherita
tram,campo_santa_margherita
tranquillity,campo_santa_margherita
tree,campo_santa_margherita
turismo,campo_santa_margherita
university,campo_santa_margherita
vaporetto,campo_santa_margherita
venice,campo_santa_margherita
vento,campo_santa_margherita
vision,campo_santa_margherita
voices,campo_santa_margherita
wall,campo_santa_margherita
water,campo_santa_margherita
wells,campo_santa_margherita
words_and_more,campo_santa_margherita
work,campo_santa_margherita
._reference,capital
33bienal,capital
accessible,capital
ambient_noise,capital
bar,capital
bells,capital
binary,capital
birds,capital
blindwiki,capital
bridges,capital
calle_closed,capital
caution,capital
crowded_environment,capital
dangerous,capital
dead,capital
description,capital
door,capital
easter,capital
fish,capital
foundations,capital
friendship,capital
fruits,capital
garden,capital
girls,capital
he_lives_together,capital
headquarters,capital
history,capital
hospital,capital
iglesia,capital
lande,capital
laramara,capital
legends,capital
library,capital
machine,capital
maritime,capital
market,capital
meeting,capital
mislata,capital
movement,capital
museum,capital
music,capital
nature,capital
neighborhood,capital
night,capital
obstacle,capital
odor,capital
park,capital
perfumes,capital
piazza,capital
project,capital
rain,capital
scale,capital
sculpture,capital
sculptures,capital
sensations,capital
shop,capital
sole,capital
sorocaba,capital
sport,capital
steps,capital
stop,capital
tactile,capital
temporary,capital
test,capital
theater,capital
touch,capital
tram,capital
tranquillity,capital
tree,capital
turismo,capital
vaporetto,capital
venice,capital
vento,capital
vision,capital
voices,capital
wall,capital
water,capital
wells,capital
words_and_more,capital
._reference,carlos
33bienal,carlos
accessible,carlos
ambient_noise,carlos
art,carlos
bar,carlos
bells,carlos
bike,carlos
binary,carlos
birds,carlos
blindwiki,carlos
bridges,carlos
calle_closed,carlos
car,carlos
carnevale,carlos
caution,carlos
crowded_environment,carlos
culture,carlos
dangerous,carlos
dead,carlos
description,carlos
door,carlos
fish,carlos
foundations,carlos
friendship,carlos
fruits,carlos
germany,carlos
he_lives_together,carlos
history,carlos
iglesia,carlos
laramara,carlos
legends,carlos
library,carlos
luci,carlos
machine,carlos
market,carlos
memorial,carlos
movement,carlos
museum,carlos
music,carlos
nature,carlos
neighborhood,carlos
night,carlos
park,carlos
people,carlos
perfumes,carlos
piazza,carlos
project,carlos
scale,carlos
sculpture,carlos
sculptures,carlos
sensations,carlos
shop,carlos
sole,carlos
sorocaba,carlos
sport,carlos
steps,carlos
stop,carlos
streets,carlos
tactile,carlos
temporary,carlos
theater,carlos
touch,carlos
tranquillity,carlos
tree,carlos
turismo,carlos
venice,carlos
vento,carlos
vision,carlos
wall,carlos
water,carlos
wells,carlos
words_and_more,carlos
._reference,carolina_maria
33bienal,carolina_maria
ambient_noise,carolina_maria
art,carolina_maria
audible_traffic_lights,carolina_maria
bar,carolina_maria
bells,carolina_maria
bike,carolina_maria
birds,carolina_maria
blindwiki,carolina_maria
carnevale,carolina_maria
caution,carolina_maria
crowded_environment,carolina_maria
culture,carolina_maria
dead,carolina_maria
fish,carolina_maria
friendship,carolina_maria
he_lives_together,carolina_maria
headquarters,carolina_maria
hello,carolina_maria
hiking,carolina_maria
hospital,carolina_maria
lande,carolina_maria
laramara,carolina_maria
legends,carolina_maria
library,carolina_maria
luci,carolina_maria
machine,carolina_maria
maritime,carolina_maria
meeting,carolina_maria
museum,carolina_maria
music,carolina_maria
obstacle,carolina_maria
odor,carolina_maria
paseo,carolina_maria
people,carolina_maria
perfumes,carolina_maria
piazza,carolina_maria
rain,carolina_maria
restaurant,carolina_maria
scale,carolina_maria
sculptures,carolina_maria
sensations,carolina_maria
shop,carolina_maria
sole,carolina_maria
sport,carolina_maria
steps,carolina_maria
stop,carolina_maria
tactile,carolina_maria
temporary,carolina_maria
test,carolina_maria
theater,carolina_maria
touch,carolina_maria
tram,carolina_maria
tranquillity,carolina_maria
turismo,carolina_maria
university,carolina_maria
vaporetto,carolina_maria
venice,carolina_maria
vento,carolina_maria
voices,carolina_maria
wall,carolina_maria
words_and_more,carolina_maria
work,carolina_maria
._reference,casa
33bienal,casa
accessible,casa
ambient_noise,casa
art,casa
audible_traffic_lights,casa
bar,casa
bells,casa
binary,casa
birds,casa
blindwiki,casa
car,casa
carnevale,casa
caution,casa
crowded_environment,casa
dangerous,casa
dead,casa
door,casa
easter,casa
fish,casa
foundations,casa
friendship,casa
fruits,casa
garden,casa
germany,casa
girls,casa
he_lives_together,casa
hello,casa
history,casa
hospital,casa
lande,casa
library,casa
luci,casa
maritime,casa
market,casa
meeting,casa
memorial,casa
mislata,casa
movement,casa
museum,casa
music,casa
nature,casa
neighborhood,casa
night,casa
obstacle,casa
odor,casa
paseo,casa
people,casa
perfumes,casa
piazza,casa
project,casa
rain,casa
restaurant,casa
scale,casa
sculpture,casa
sculptures,casa
shop,casa
sole,casa
sorocaba,casa
sport,casa
steps,casa
stop,casa
streets,casa
tactile,casa
temporary,casa
test,casa
theater,casa
touch,casa
tranquillity,casa
tree,casa
turismo,casa
university,casa
venice,casa
vento,casa
voices,casa
wall,casa
words_and_more,casa
._reference,cascades
33bienal,cascades
accessible,cascades
ambient_noise,cascades
art,cascades
audible_traffic_lights,cascades
bar,cascades
bells,cascades
bike,cascades
binary,cascades
birds,cascades
blindwiki,cascades
bridges,cascades
calle_closed,cascades
car,cascades
carnevale,cascades
caution,cascades
crowded_environment,cascades
culture,cascades
dangerous,cascades
dead,cascades
description,cascades
door,cascades
easter,cascades
fish,cascades
foundations,cascades
fruits,cascades
garden,cascades
girls,cascades
he_lives_together,cascades
headquarters,cascades
hiking,cascades
hospital,cascades
iglesia,cascades
lande,cascades
laramara,cascades
legends,cascades
library,cascades
luci,cascades
machine,cascades
maritime,cascades
market,cascades
memorial,cascades
mislata,cascades
movement,cascades
museum,cascades
music,cascades
nature,cascades
neighborhood,cascades
night,cascades
obstacle,cascades
park,cascades
paseo,cascades
people,cascades
perfumes,cascades
project,cascades
rain,cascades
scale,cascades
sculpture,cascades
sculptures,cascades
shop,cascades
sole,cascades
sorocaba,cascades
sport,cascades
steps,cascades
streets,cascades
tactile,cascades
temporary,cascades
test,cascades
theater,cascades
touch,cascades
tree,cascades
university,cascades
vaporetto,cascades
vento,cascades
vision,cascades
voices,cascades
water,cascades
wells,cascades
words_and_more,cascades
._reference,casino
33bienal,casino
accessible,casino
ambient_noise,casino
audible_traffic_lights,casino
bar,casino
bells,casino
bike,casino
binary,casino
birds,casino
blindwiki,casino
calle_closed,casino
carnevale,casino
crowded_environment,casino
culture,casino
dangerous,casino
dead,casino
description,casino
door,casino
easter,casino
foundations,casino
fruits,casino
germany,casino
he_lives_together,casino
headquarters,casino
hello,casino
hiking,casino
history,casino
hospital,casino
lande,casino
laramara,casino
legends,casino
luci,casino
machine,casino
maritime,casino
market,casino
meeting,casino
movement,casino
music,casino
nature,casino
neighborhood,casino
night,casino
odor,casino
park,casino
people,casino
perfumes,casino
piazza,casino
project,casino
rain,casino
restaurant,casino
sculpture,casino
sculptures,casino
sensations,casino
sole,casino
sorocaba,casino
sport,casino
steps,casino
stop,casino
test,casino
theater,casino
touch,casino
tree,casino
turismo,casino
university,casino
vaporetto,casino
venice,casino
vento,casino
vision,casino
wall,casino
water,casino
wells,casino
words_and_more,casino
33bienal,castellón
ambient_noise,castellón
art,castellón
audible_traffic_lights,castellón
bells,castellón
bike,castellón
binary,castellón
birds,castellón
blindwiki,castellón
bridges,castellón
calle_closed,castellón
car,castellón
carnevale,castellón
caution,castellón
crowded_environment,castellón
culture,castellón
dangerous,castellón
dead,castellón
description,castellón
door,castellón
fish,castellón
foundations,castellón
friendship,castellón
fruits,castellón
garden,castellón
germany,castellón
girls,castellón
he_lives_together,castellón
headquarters,castellón
hello,castellón
hiking,castellón
history,castellón
hospital,castellón
iglesia,castellón
lande,castellón
library,castellón
maritime,castellón
market,castellón
meeting,castellón
memorial,castellón
mislata,castellón
movement,castellón
museum,castellón
music,castellón
nature,castellón
neighborhood,castellón
night,castellón
obstacle,castellón
odor,castellón
park,castellón
paseo,castellón
perfumes,castellón
piazza,castellón
project,castellón
rain,castellón
restaurant,castellón
sculpture,castellón
sensations,castellón
shop,castellón
sole,castellón
sorocaba,castellón
sport,castellón
steps,castellón
streets,castellón
tactile,castellón
temporary,castellón
test,castellón
theater,castellón
touch,castellón
tram,castellón
tranquillity,castellón
tree,castellón
turismo,castellón
university,castellón
vaporetto,castellón
venice,castellón
vento,castellón
vision,castellón
voices,castellón
wall,castellón
water,castellón
words_and_more,castellón
work,castellón
._reference,catalan_pavilion
33bienal,catalan_pavilion
accessible,catalan_pavilion
ambient_noise,catalan_pavilion
art,catalan_pavilion
audible_traffic_lights,catalan_pavilion
bar,catalan_pavilion
binary,catalan_pavilion
birds,catalan_pavilion
blindwiki,catalan_pavilion
bridges,catalan_pavilion
caution,catalan_pavilion
crowded_environment,catalan_pavilion
dead,catalan_pavilion
description,catalan_pavilion
fish,catalan_pavilion
friendship,catalan_pavilion
fruits,catalan_pavilion
garden,catalan_pavilion
germany,catalan_pavilion
girls,catalan_pavilion
he_lives_together,catalan_pavilion
headquarters,catalan_pavilion
hello,catalan_pavilion
hiking,catalan_pavilion
history,catalan_pavilion
iglesia,catalan_pavilion
lande,catalan_pavilion
laramara,catalan_pavilion
legends,catalan_pavilion
luci,catalan_pavilion
machine,catalan_pavilion
maritime,catalan_pavilion
market,catalan_pavilion
meeting,catalan_pavilion
memorial,catalan_pavilion
movement,catalan_pavilion
museum,catalan_pavilion
music,catalan_pavilion
nature,catalan_pavilion
neighborhood,catalan_pavilion
night,catalan_pavilion
park,catalan_pavilion
paseo,catalan_pavilion
people,catalan_pavilion
perfumes,catalan_pavilion
piazza,catalan_pavilion
project,catalan_pavilion
rain,catalan_pavilion
restaurant,catalan_pavilion
scale,catalan_pavilion
sculpture,catalan_pavilion
sculptures,catalan_pavilion
sensations,catalan_pavilion
shop,catalan_pavilion
sorocaba,catalan_pavilion
sport,catalan_pavilion
steps,catalan_pavilion
streets,catalan_pavilion
tactile,catalan_pavilion
temporary,catalan_pavilion
test,catalan_pavilion
touch,catalan_pavilion
tram,catalan_pavilion
tranquillity,catalan_pavilion
tree,catalan_pavilion
university,catalan_pavilion
vaporetto,catalan_pavilion
venice,catalan_pavilion
vento,catalan_pavilion
vision,catalan_pavilion
voices,catalan_pavilion
wall,catalan_pavilion
water,catalan_pavilion
words_and_more,catalan_pavilion
._reference,cathedral
33bienal,cathedral
accessible,cathedral
ambient_noise,cathedral
audible_traffic_lights,cathedral
bar,cathedral
bells,cathedral
binary,cathedral
bridges,cathedral
carnevale,cathedral
caution,cathedral
crowded_environment,cathedral
dangerous,cathedral
description,cathedral
door,cathedral
easter,cathedral
fish,cathedral
fruits,cathedral
girls,cathedral
he_lives_together,cathedral
headquarters,cathedral
hello,cathedral
history,cathedral
hospital,cathedral
iglesia,cathedral
legends,cathedral
library,cathedral
luci,cathedral
machine,cathedral
maritime,cathedral
market,cathedral
meeting,cathedral
memorial,cathedral
mislata,cathedral
movement,cathedral
museum,cathedral
music,cathedral
nature,cathedral
neighborhood,cathedral
night,cathedral
obstacle,cathedral
paseo,cathedral
people,cathedral
perfumes,cathedral
piazza,cathedral
project,cathedral
rain,cathedral
sculpture,cathedral
sculptures,cathedral
sole,cathedral
sorocaba,cathedral
sport,cathedral
stop,cathedral
streets,cathedral
tactile,cathedral
test,cathedral
theater,cathedral
tram,cathedral
tree,cathedral
turismo,cathedral
university,cathedral
vaporetto,cathedral
venice,cathedral
vento,cathedral
vision,cathedral
voices,cathedral
wall,cathedral
water,cathedral
wells,cathedral
work,cathedral
._reference,catwalk
33bienal,catwalk
accessible,catwalk
art,catwalk
audible_traffic_lights,catwalk
bar,catwalk
bells,catwalk
binary,catwalk
blindwiki,catwalk
bridges,catwalk
car,catwalk
caution,catwalk
crowded_environment,catwalk
culture,catwalk
dead,catwalk
door,catwalk
easter,catwalk
fish,catwalk
foundations,catwalk
friendship,catwalk
garden,catwalk
girls,catwalk
he_lives_together,catwalk
hello,catwalk
hiking,catwalk
history,catwalk
hospital,catwalk
iglesia,catwalk
lande,catwalk
laramara,catwalk
legends,catwalk
maritime,catwalk
market,catwalk
meeting,catwalk
memorial,catwalk
mislata,catwalk
movement,catwalk
museum,catwalk
music,catwalk
nature,catwalk
neighborhood,catwalk
night,catwalk
obstacle,catwalk
odor,catwalk
park,catwalk
paseo,catwalk
perfumes,catwalk
piazza,catwalk
project,catwalk
rain,catwalk
sculptures,catwalk
sensations,catwalk
shop,catwalk
sole,catwalk
sorocaba,catwalk
sport,catwalk
steps,catwalk
stop,catwalk
streets,catwalk
tactile,catwalk
test,catwalk
theater,catwalk
touch,catwalk
tram,catwalk
turismo,catwalk
university,catwalk
vaporetto,catwalk
venice,catwalk
vento,catwalk
vision,catwalk
wall,catwalk
wells,catwalk
._reference,center
33bienal,center
accessible,center
ambient_noise,center
bar,center
bike,center
binary,center
birds,center
blindwiki,center
bridges,center
calle_closed,center
car,center
crowded_environment,center
culture,center
dangerous,center
dead,center
description,center
door,center
easter,center
fish,center
foundations,center
friendship,center
fruits,center
garden,center
germany,center
girls,center
he_lives_together,center
headquarters,center
hello,center
hiking,center
history,center
hospital,center
iglesia,center
lande,center
legends,center
luci,center
machine,center
maritime,center
market,center
meeting,center
memorial,center
mislata,center
movement,center
museum,center
music,center
nature,center
neighborhood,center
night,center
obstacle,center
odor,center
park,center
paseo,center
people,center
perfumes,center
piazza,center
project,center
rain,center
restaurant,center
scale,center
sculpture,center
sensations,center
shop,center
sole,center
sorocaba,center
sport,center
steps,center
stop,center
streets,center
tactile,center
temporary,center
test,center
theater,center
touch,center
tram,center
tranquillity,center
tree,center
turismo,center
university,center
vaporetto,center
vento,center
vision,center
voices,center
wall,center
water,center
wells,center
words_and_more,center
work,center
._reference,center_of_the_travelers
33bienal,center_of_the_travelers
accessible,center_of_the_travelers
ambient_noise,center_of_the_travelers
art,center_of_the_travelers
audible_traffic_lights,center_of_the_travelers
bells,center_of_the_travelers
binary,center_of_the_travelers
birds,center_of_the_travelers
bridges,center_of_the_travelers
calle_closed,center_of_the_travelers
car,center_of_the_travelers
caution,center_of_the_travelers
crowded_environment,center_of_the_travelers
culture,center_of_the_travelers
dangerous,center_of_the_travelers
dead,center_of_the_travelers
description,center_of_the_travelers
door,center_of_the_travelers
easter,center_of_the_travelers
fish,center_of_the_travelers
foundations,center_of_the_travelers
friendship,center_of_the_travelers
fruits,center_of_the_travelers
girls,center_of_the_travelers
he_lives_together,center_of_the_travelers
headquarters,center_of_the_travelers
hello,center_of_the_travelers
history,center_of_the_travelers
hospital,center_of_the_travelers
iglesia,center_of_the_travelers
lande,center_of_the_travelers
luci,center_of_the_travelers
machine,center_of_the_travelers
maritime,center_of_the_travelers
market,center_of_the_travelers
meeting,center_of_the_travelers
memorial,center_of_the_travelers
mislata,center_of_the_travelers
movement,center_of_the_travelers
museum,center_of_the_travelers
nature,center_of_the_travelers
neighborhood,center_of_the_travelers
night,center_of_the_travelers
obstacle,center_of_the_travelers
park,center_of_the_travelers
paseo,center_of_the_travelers
people,center_of_the_travelers
perfumes,center_of_the_travelers
piazza,center_of_the_travelers
project,center_of_the_travelers
rain,center_of_the_travelers
scale,center_of_the_travelers
sculpture,center_of_the_travelers
shop,center_of_the_travelers
sole,center_of_the_travelers
sorocaba,center_of_the_travelers
sport,center_of_the_travelers
stop,center_of_the_travelers
streets,center_of_the_travelers
tactile,center_of_the_travelers
temporary,center_of_the_travelers
test,center_of_the_travelers
theater,center_of_the_travelers
touch,center_of_the_travelers
tram,center_of_the_travelers
tree,center_of_the_travelers
turismo,center_of_the_travelers
university,center_of_the_travelers
vaporetto,center_of_the_travelers
venice,center_of_the_travelers
vento,center_of_the_travelers
vision,center_of_the_travelers
voices,center_of_the_travelers
wall,center_of_the_travelers
water,center_of_the_travelers
words_and_more,center_of_the_travelers
work,center_of_the_travelers
33bienal,cerdanya
art,cerdanya
audible_traffic_lights,cerdanya
bar,cerdanya
binary,cerdanya
birds,cerdanya
blindwiki,cerdanya
bridges,cerdanya
calle_closed,cerdanya
car,cerdanya
caution,cerdanya
dangerous,cerdanya
door,cerdanya
fruits,cerdanya
garden,cerdanya
germany,cerdanya
girls,cerdanya
he_lives_together,cerdanya
headquarters,cerdanya
history,cerdanya
hospital,cerdanya
iglesia,cerdanya
lande,cerdanya
laramara,cerdanya
legends,cerdanya
meeting,cerdanya
mislata,cerdanya
movement,cerdanya
museum,cerdanya
nature,cerdanya
neighborhood,cerdanya
obstacle,cerdanya
paseo,cerdanya
people,cerdanya
perfumes,cerdanya
project,cerdanya
rain,cerdanya
restaurant,cerdanya
scale,cerdanya
sculpture,cerdanya
sculptures,cerdanya
sensations,cerdanya
sole,cerdanya
sorocaba,cerdanya
sport,cerdanya
steps,cerdanya
stop,cerdanya
streets,cerdanya
tactile,cerdanya
temporary,cerdanya
test,cerdanya
theater,cerdanya
touch,cerdanya
tram,cerdanya
tree,cerdanya
university,cerdanya
vaporetto,cerdanya
venice,cerdanya
vento,cerdanya
vision,cerdanya
water,cerdanya
wells,cerdanya
words_and_more,cerdanya
work,cerdanya
._reference,chains
33bienal,chains
accessible,chains
ambient_noise,chains
audible_traffic_lights,chains
bar,chains
bells,chains
binary,chains
birds,chains
blindwiki,chains
bridges,chains
calle_closed,chains
car,chains
carnevale,chains
caution,chains
crowded_environment,chains
culture,chains
dangerous,chains
description,chains
easter,chains
fish,chains
foundations,chains
friendship,chains
fruits,chains
garden,chains
germany,chains
girls,chains
headquarters,chains
hello,chains
hiking,chains
history,chains
hospital,chains
laramara,chains
legends,chains
library,chains
luci,chains
market,chains
meeting,chains
memorial,chains
mislata,chains
movement,chains
museum,chains
music,chains
nature,chains
neighborhood,chains
night,chains
obstacle,chains
odor,chains
park,chains
paseo,chains
people,chains
perfumes,chains
piazza,chains
rain,chains
restaurant,chains
sculpture,chains
sensations,chains
sole,chains
sorocaba,chains
sport,chains
steps,chains
stop,chains
streets,chains
tactile,chains
temporary,chains
test,chains
theater,chains
touch,chains
tram,chains
tranquillity,chains
tree,chains
turismo,chains
university,chains
vaporetto,chains
venice,chains
vision,chains
voices,chains
wall,chains
wells,chains
words_and_more,chains
work,chains
._reference,chameleon
33bienal,chameleon
accessible,chameleon
ambient_noise,chameleon
art,chameleon
audible_traffic_lights,chameleon
bar,chameleon
bike,chameleon
binary,chameleon
birds,chameleon
blindwiki,chameleon
bridges,chameleon
calle_closed,chameleon
crowded_environment,chameleon
culture,chameleon
dangerous,chameleon
dead,chameleon
description,chameleon
door,chameleon
easter,chameleon
fish,chameleon
foundations,chameleon
friendship,chameleon
fruits,chameleon
garden,chameleon
germany,chameleon
girls,chameleon
headquarters,chameleon
hello,chameleon
hiking,chameleon
history,chameleon
hospital,chameleon
iglesia,chameleon
laramara,chameleon
legends,chameleon
library,chameleon
luci,chameleon
machine,chameleon
maritime,chameleon
market,chameleon
memorial,chameleon
mislata,chameleon
movement,chameleon
museum,chameleon
nature,chameleon
neighborhood,chameleon
night,chameleon
odor,chameleon
park,chameleon
people,chameleon
piazza,chameleon
project,chameleon
restaurant,chameleon
scale,chameleon
sculpture,chameleon
sculptures,chameleon
sensations,chameleon
shop,chameleon
sole,chameleon
sorocaba,chameleon
sport,chameleon
steps,chameleon
streets,chameleon
tactile,chameleon
temporary,chameleon
test,chameleon
theater,chameleon
tram,chameleon
tranquillity,chameleon
tree,chameleon
turismo,chameleon
university,chameleon
vaporetto,chameleon
venice,chameleon
vento,chameleon
vision,chameleon
voices,chameleon
water,chameleon
wells,chameleon
words_and_more,chameleon
work,chameleon
._reference,channel
33bienal,channel
accessible,channel
ambient_noise,channel
audible_traffic_lights,channel
bar,channel
bells,channel
bike,channel
binary,channel
birds,channel
blindwiki,channel
bridges,channel
car,channel
caution,channel
crowded_environment,channel
dangerous,channel
dead,channel
door,channel
easter,channel
fish,channel
friendship,channel
fruits,channel
garden,channel
germany,channel
girls,channel
he_lives_together,channel
headquarters,channel
hello,channel
hiking,channel
history,channel
hospital,channel
laramara,channel
legends,channel
library,channel
machine,channel
maritime,channel
meeting,channel
memorial,channel
mislata,channel
movement,channel
nature,channel
obstacle,channel
odor,channel
park,channel
people,channel
perfumes,channel
piazza,channel
project,channel
rain,channel
restaurant,channel
scale,channel
sculpture,channel
sculptures,channel
sensations,channel
sole,channel
sorocaba,channel
sport,channel
steps,channel
stop,channel
streets,channel
tactile,channel
temporary,channel
test,channel
theater,channel
touch,channel
tram,channel
turismo,channel
university,channel
vaporetto,channel
venice,channel
vento,channel
vision,channel
voices,channel
wall,channel
wells,channel
words_and_more,channel
work,channel
._reference,cheese_bread
33bienal,cheese_bread
accessible,cheese_bread
ambient_noise,cheese_bread
audible_traffic_lights,cheese_bread
bells,cheese_bread
birds,cheese_bread
blindwiki,cheese_bread
carnevale,cheese_bread
caution,cheese_bread
crowded_environment,cheese_bread
culture,cheese_bread
dead,cheese_bread
door,cheese_bread
easter,cheese_bread
fish,cheese_bread
foundations,cheese_bread
friendship,cheese_bread
fruits,cheese_bread
garden,cheese_bread
germany,cheese_bread
he_lives_together,cheese_bread
headquarters,cheese_bread
hello,cheese_bread
hiking,cheese_bread
laramara,cheese_bread
legends,cheese_bread
library,cheese_bread
machine,cheese_bread
market,cheese_bread
meeting,cheese_bread
memorial,cheese_bread
mislata,cheese_bread
museum,cheese_bread
music,cheese_bread
obstacle,cheese_bread
odor,cheese_bread
paseo,cheese_bread
perfumes,cheese_bread
piazza,cheese_bread
project,cheese_bread
scale,cheese_bread
sensations,cheese_bread
sole,cheese_bread
sorocaba,cheese_bread
steps,cheese_bread
streets,cheese_bread
tactile,cheese_bread
test,cheese_bread
tram,cheese_bread
tranquillity,cheese_bread
turismo,cheese_bread
university,cheese_bread
vaporetto,cheese_bread
vento,cheese_bread
wall,cheese_bread
water,cheese_bread
wells,cheese_bread
words_and_more,cheese_bread
work,cheese_bread
._reference,children_running_around
accessible,children_running_around
ambient_noise,children_running_around
art,children_running_around
audible_traffic_lights,children_running_around
bar,children_running_around
bells,children_running_around
bike,children_running_around
binary,children_running_around
birds,children_running_around
calle_closed,children_running_around
car,children_running_around
carnevale,children_running_around
caution,children_running_around
crowded_environment,children_running_around
culture,children_running_around
dangerous,children_running_around
dead,children_running_around
description,children_running_around
door,children_running_around
foundations,children_running_around
friendship,children_running_around
fruits,children_running_around
garden,children_running_around
girls,children_running_around
headquarters,children_running_around
hello,children_running_around
hiking,children_running_around
history,children_running_around
hospital,children_running_around
iglesia,children_running_around
lande,children_running_around
laramara,children_running_around
library,children_running_around
luci,children_running_around
maritime,children_running_around
market,children_running_around
meeting,children_running_around
memorial,children_running_around
mislata,children_running_around
movement,children_running_around
nature,children_running_around
neighborhood,children_running_around
night,children_running_around
obstacle,children_running_around
odor,children_running_around
park,children_running_around
paseo,children_running_around
people,children_running_around
perfumes,children_running_around
piazza,children_running_around
project,children_running_around
rain,children_running_around
restaurant,children_running_around
scale,children_running_around
sensations,children_running_around
shop,children_running_around
sole,children_running_around
sport,children_running_around
steps,children_running_around
stop,children_running_around
streets,children_running_around
temporary,children_running_around
test,children_running_around
theater,children_running_around
touch,children_running_around
tranquillity,children_running_around
tree,children_running_around
turismo,children_running_around
venice,children_running_around
vento,children_running_around
vision,children_running_around
voices,children_running_around
wall,children_running_around
water,children_running_around
wells,children_running_around
words_and_more,children_running_around
work,children_running_around
33bienal,church_of_rigolisa
accessible,church_of_rigolisa
ambient_noise,church_of_rigolisa
art,church_of_rigolisa
audible_traffic_lights,church_of_rigolisa
bike,church_of_rigolisa
binary,church_of_rigolisa
birds,church_of_rigolisa
bridges,church_of_rigolisa
calle_closed,church_of_rigolisa
car,church_of_rigolisa
caution,church_of_rigolisa
crowded_environment,church_of_rigolisa
culture,church_of_rigolisa
dead,church_of_rigolisa
description,church_of_rigolisa
door,church_of_rigolisa
easter,church_of_rigolisa
foundations,church_of_rigolisa
friendship,church_of_rigolisa
fruits,church_of_rigolisa
garden,church_of_rigolisa
girls,church_of_rigolisa
he_lives_together,church_of_rigolisa
headquarters,church_of_rigolisa
hiking,church_of_rigolisa
history,church_of_rigolisa
hospital,church_of_rigolisa
iglesia,church_of_rigolisa
lande,church_of_rigolisa
laramara,church_of_rigolisa
legends,church_of_rigolisa
machine,church_of_rigolisa
maritime,church_of_rigolisa
market,church_of_rigolisa
mislata,church_of_rigolisa
music,church_of_rigolisa
nature,church_of_rigolisa
neighborhood,church_of_rigolisa
odor,church_of_rigolisa
people,church_of_rigolisa
perfumes,church_of_rigolisa
piazza,church_of_rigolisa
project,church_of_rigolisa
rain,church_of_rigolisa
restaurant,church_of_rigolisa
scale,church_of_rigolisa
sensations,church_of_rigolisa
shop,church_of_rigolisa
sole,church_of_rigolisa
sport,church_of_rigolisa
steps,church_of_rigolisa
stop,church_of_rigolisa
tactile,church_of_rigolisa
temporary,church_of_rigolisa
test,church_of_rigolisa
theater,church_of_rigolisa
touch,church_of_rigolisa
tram,church_of_rigolisa
tree,church_of_rigolisa
university,church_of_rigolisa
venice,church_of_rigolisa
vento,church_of_rigolisa
vision,church_of_rigolisa
voices,church_of_rigolisa
wall,church_of_rigolisa
water,church_of_rigolisa
wells,church_of_rigolisa
words_and_more,church_of_rigolisa
work,church_of_rigolisa
._reference,churros
33bienal,churros
accessible,churros
art,churros
audible_traffic_lights,churros
bar,churros
bells,churros
bike,churros
birds,churros
blindwiki,churros
calle_closed,churros
car,churros
carnevale,churros
caution,churros
crowded_environment,churros
culture,churros
dangerous,churros
dead,churros
description,churros
easter,churros
foundations,churros
friendship,churros
germany,churros
girls,churros
he_lives_together,churros
headquarters,churros
hello,churros
hiking,churros
history,churros
hospital,churros
iglesia,churros
laramara,churros
legends,churros
library,churros
machine,churros
maritime,churros
market,churros
meeting,churros
mislata,churros
museum,churros
nature,churros
neighborhood,churros
night,churros
obstacle,churros
odor,churros
park,churros
paseo,churros
people,churros
perfumes,churros
piazza,churros
project,churros
rain,churros
restaurant,churros
sculptures,churros
sensations,churros
shop,churros
sole,churros
sorocaba,churros
sport,churros
steps,churros
stop,churros
tactile,churros
temporary,churros
test,churros
theater,churros
touch,churros
tranquillity,churros
tree,churros
turismo,churros
university,churros
vaporetto,churros
venice,churros
vento,churros
vision,churros
water,churros
wells,churros
words_and_more,churros
work,churros
._reference,cinemas
33bienal,cinemas
accessible,cinemas
ambient_noise,cinemas
art,cinemas
audible_traffic_lights,cinemas
bar,cinemas
bells,cinemas
bike,cinemas
binary,cinemas
blindwiki,cinemas
bridges,cinemas
calle_closed,cinemas
car,cinemas
carnevale,cinemas
caution,cinemas
crowded_environment,cinemas
culture,cinemas
dangerous,cinemas
description,cinemas
door,cinemas
easter,cinemas
fish,cinemas
foundations,cinemas
friendship,cinemas
fruits,cinemas
garden,cinemas
germany,cinemas
girls,cinemas
he_lives_together,cinemas
headquarters,cinemas
hello,cinemas
hiking,cinemas
history,cinemas
hospital,cinemas
iglesia,cinemas
laramara,cinemas
legends,cinemas
library,cinemas
luci,cinemas
market,cinemas
meeting,cinemas
memorial,cinemas
mislata,cinemas
museum,cinemas
music,cinemas
neighborhood,cinemas
night,cinemas
odor,cinemas
park,cinemas
paseo,cinemas
people,cinemas
perfumes,cinemas
project,cinemas
restaurant,cinemas
scale,cinemas
sculpture,cinemas
sculptures,cinemas
sensations,cinemas
shop,cinemas
sole,cinemas
sorocaba,cinemas
sport,cinemas
steps,cinemas
stop,cinemas
streets,cinemas
tactile,cinemas
temporary,cinemas
theater,cinemas
tram,cinemas
tree,cinemas
turismo,cinemas
university,cinemas
vaporetto,cinemas
venice,cinemas
vision,cinemas
wall,cinemas
water,cinemas
words_and_more,cinemas
work,cinemas
._reference,city_game
33bienal,city_game
accessible,city_game
ambient_noise,city_game
art,city_game
audible_traffic_lights,city_game
bar,city_game
bells,city_game
bike,city_game
birds,city_game
blindwiki,city_game
bridges,city_game
carnevale,city_game
caution,city_game
crowded_environment,city_game
culture,city_game
dangerous,city_game
dead,city_game
fish,city_game
foundations,city_game
friendship,city_game
fruits,city_game
garden,city_game
girls,city_game
he_lives_together,city_game
headquarters,city_game
hello,city_game
hiking,city_game
hospital,city_game
iglesia,city_game
lande,city_game
laramara,city_game
legends,city_game
library,city_game
luci,city_game
machine,city_game
maritime,city_game
market,city_game
meeting,city_game
memorial,city_game
mislata,city_game
movement,city_game
music,city_game
nature,city_game
neighborhood,city_game
night,city_game
odor,city_game
park,city_game
paseo,city_game
people,city_game
project,city_game
rain,city_game
restaurant,city_game
scale,city_game
sculpture,city_game
sensations,city_game
shop,city_game
sole,city_game
sorocaba,city_game
sport,city_game
steps,city_game
stop,city_game
streets,city_game
tactile,city_game
temporary,city_game
test,city_game
theater,city_game
touch,city_game
tram,city_game
tranquillity,city_game
tree,city_game
turismo,city_game
university,city_game
vaporetto,city_game
vento,city_game
vision,city_game
voices,city_game
wall,city_game
water,city_game
words_and_more,city_game
work,city_game
._reference,city_matarazzo
33bienal,city_matarazzo
accessible,city_matarazzo
art,city_matarazzo
audible_traffic_lights,city_matarazzo
bar,city_matarazzo
binary,city_matarazzo
birds,city_matarazzo
blindwiki,city_matarazzo
bridges,city_matarazzo
calle_closed,city_matarazzo
carnevale,city_matarazzo
caution,city_matarazzo
crowded_environment,city_matarazzo
culture,city_matarazzo
dangerous,city_matarazzo
dead,city_matarazzo
description,city_matarazzo
door,city_matarazzo
fish,city_matarazzo
foundations,city_matarazzo
friendship,city_matarazzo
fruits,city_matarazzo
garden,city_matarazzo
headquarters,city_matarazzo
hiking,city_matarazzo
history,city_matarazzo
iglesia,city_matarazzo
lande,city_matarazzo
laramara,city_matarazzo
luci,city_matarazzo
machine,city_matarazzo
maritime,city_matarazzo
market,city_matarazzo
mislata,city_matarazzo
museum,city_matarazzo
music,city_matarazzo
nature,city_matarazzo
neighborhood,city_matarazzo
night,city_matarazzo
obstacle,city_matarazzo
park,city_matarazzo
paseo,city_matarazzo
people,city_matarazzo
perfumes,city_matarazzo
project,city_matarazzo
restaurant,city_matarazzo
scale,city_matarazzo
sculpture,city_matarazzo
sculptures,city_matarazzo
sensations,city_matarazzo
shop,city_matarazzo
sole,city_matarazzo
sorocaba,city_matarazzo
sport,city_matarazzo
steps,city_matarazzo
stop,city_matarazzo
temporary,city_matarazzo
test,city_matarazzo
theater,city_matarazzo
touch,city_matarazzo
tram,city_matarazzo
tranquillity,city_matarazzo
tree,city_matarazzo
turismo,city_matarazzo
university,city_matarazzo
vaporetto,city_matarazzo
venice,city_matarazzo
vento,city_matarazzo
voices,city_matarazzo
wall,city_matarazzo
water,city_matarazzo
._reference,claim
33bienal,claim
accessible,claim
ambient_noise,claim
audible_traffic_lights,claim
bar,claim
bells,claim
binary,claim
birds,claim
blindwiki,claim
calle_closed,claim
car,claim
caution,claim
crowded_environment,claim
culture,claim
description,claim
door,claim
fish,claim
foundations,claim
fruits,claim
girls,claim
he_lives_together,claim
headquarters,claim
hello,claim
hiking,claim
history,claim
hospital,claim
lande,claim
legends,claim
library,claim
market,claim
meeting,claim
memorial,claim
mislata,claim
museum,claim
music,claim
nature,claim
neighborhood,claim
night,claim
obstacle,claim
odor,claim
park,claim
people,claim
perfumes,claim
piazza,claim
project,claim
rain,claim
restaurant,claim
scale,claim
sculpture,claim
sensations,claim
sole,claim
sorocaba,claim
sport,claim
steps,claim
stop,claim
streets,claim
tactile,claim
temporary,claim
test,claim
theater,claim
touch,claim
tranquillity,claim
tree,claim
turismo,claim
vaporetto,claim
venice,claim
vento,claim
vision,claim
voices,claim
wells,claim
words_and_more,claim
work,claim
._reference,cloister
33bienal,cloister
accessible,cloister
ambient_noise,cloister
audible_traffic_lights,cloister
bar,cloister
bike,cloister
binary,cloister
birds,cloister
blindwiki,cloister
bridges,cloister
calle_closed,cloister
car,cloister
carnevale,cloister
caution,cloister
crowded_environment,cloister
culture,cloister
dangerous,cloister
dead,cloister
description,cloister
door,cloister
easter,cloister
fish,cloister
friendship,cloister
fruits,cloister
garden,cloister
germany,cloister
girls,cloister
headquarters,cloister
hello,cloister
hiking,cloister
history,cloister
hospital,cloister
lande,cloister
laramara,cloister
legends,cloister
luci,cloister
machine,cloister
maritime,cloister
market,cloister
meeting,cloister
memorial,cloister
mislata,cloister
museum,cloister
music,cloister
nature,cloister
neighborhood,cloister
obstacle,cloister
odor,cloister
paseo,cloister
people,cloister
piazza,cloister
project,cloister
rain,cloister
restaurant,cloister
scale,cloister
sculpture,cloister
shop,cloister
sole,cloister
sorocaba,cloister
sport,cloister
steps,cloister
stop,cloister
streets,cloister
tactile,cloister
temporary,cloister
test,cloister
theater,cloister
touch,cloister
tram,cloister
tranquillity,cloister
turismo,cloister
university,cloister
vaporetto,cloister
vento,cloister
voices,cloister
wall,cloister
wells,cloister
words_and_more,cloister
33bienal,club
accessible,club
ambient_noise,club
bells,club
bike,club
binary,club
birds,club
blindwiki,club
bridges,club
calle_closed,club
car,club
carnevale,club
caution,club
crowded_environment,club
culture,club
dangerous,club
dead,club
door,club
foundations,club
friendship,club
fruits,club
germany,club
girls,club
he_lives_together,club
headquarters,club
hello,club
hiking,club
hospital,club
iglesia,club
lande,club
legends,club
library,club
luci,club
machine,club
maritime,club
market,club
meeting,club
memorial,club
mislata,club
museum,club
music,club
nature,club
neighborhood,club
night,club
odor,club
park,club
paseo,club
people,club
perfumes,club
piazza,club
project,club
restaurant,club
scale,club
sculpture,club
sculptures,club
sensations,club
sorocaba,club
sport,club
steps,club
stop,club
streets,club
tactile,club
temporary,club
test,club
theater,club
touch,club
tram,club
tranquillity,club
tree,club
university,club
vaporetto,club
vento,club
vision,club
voices,club
wall,club
water,club
wells,club
words_and_more,club
work,club
33bienal,co_berlin
accessible,co_berlin
ambient_noise,co_berlin
art,co_berlin
audible_traffic_lights,co_berlin
bar,co_berlin
bells,co_berlin
bike,co_berlin
binary,co_berlin
bridges,co_berlin
calle_closed,co_berlin
car,co_berlin
culture,co_berlin
dangerous,co_berlin
dead,co_berlin
description,co_berlin
door,co_berlin
easter,co_berlin
fish,co_berlin
foundations,co_berlin
friendship,co_berlin
fruits,co_berlin
germany,co_berlin
girls,co_berlin
he_lives_together,co_berlin
headquarters,co_berlin
history,co_berlin
iglesia,co_berlin
lande,co_berlin
legends,co_berlin
library,co_berlin
machine,co_berlin
market,co_berlin
meeting,co_berlin
mislata,co_berlin
movement,co_berlin
museum,co_berlin
nature,co_berlin
neighborhood,co_berlin
obstacle,co_berlin
odor,co_berlin
people,co_berlin
project,co_berlin
rain,co_berlin
restaurant,co_berlin
scale,co_berlin
sculpture,co_berlin
sculptures,co_berlin
sensations,co_berlin
shop,co_berlin
sole,co_berlin
sorocaba,co_berlin
sport,co_berlin
steps,co_berlin
stop,co_berlin
tactile,co_berlin
temporary,co_berlin
theater,co_berlin
touch,co_berlin
tram,co_berlin
tree,co_berlin
university,co_berlin
vaporetto,co_berlin
vento,co_berlin
vision,co_berlin
work,co_berlin
._reference,coffee_tables
accessible,coffee_tables
ambient_noise,coffee_tables
art,coffee_tables
audible_traffic_lights,coffee_tables
bells,coffee_tables
binary,coffee_tables
birds,coffee_tables
bridges,coffee_tables
car,coffee_tables
caution,coffee_tables
culture,coffee_tables
dangerous,coffee_tables
description,coffee_tables
door,coffee_tables
easter,coffee_tables
fish,coffee_tables
foundations,coffee_tables
garden,coffee_tables
germany,coffee_tables
girls,coffee_tables
he_lives_together,coffee_tables
headquarters,coffee_tables
hello,coffee_tables
hiking,coffee_tables
history,coffee_tables
hospital,coffee_tables
iglesia,coffee_tables
lande,coffee_tables
laramara,coffee_tables
legends,coffee_tables
library,coffee_tables
machine,coffee_tables
market,coffee_tables
meeting,coffee_tables
memorial,coffee_tables
mislata,coffee_tables
movement,coffee_tables
museum,coffee_tables
music,coffee_tables
neighborhood,coffee_tables
night,coffee_tables
paseo,coffee_tables
people,coffee_tables
perfumes,coffee_tables
piazza,coffee_tables
project,coffee_tables
rain,coffee_tables
restaurant,coffee_tables
scale,coffee_tables
sculpture,coffee_tables
sculptures,coffee_tables
sensations,coffee_tables
shop,coffee_tables
sole,coffee_tables
sport,coffee_tables
stop,coffee_tables
streets,coffee_tables
temporary,coffee_tables
test,coffee_tables
theater,coffee_tables
touch,coffee_tables
tram,coffee_tables
tree,coffee_tables
university,coffee_tables
venice,coffee_tables
vento,coffee_tables
voices,coffee_tables
wall,coffee_tables
water,coffee_tables
wells,coffee_tables
words_and_more,coffee_tables
._reference,cokes
accessible,cokes
ambient_noise,cokes
art,cokes
audible_traffic_lights,cokes
bar,cokes
bells,cokes
bike,cokes
binary,cokes
calle_closed,cokes
car,cokes
carnevale,cokes
caution,cokes
crowded_environment,cokes
culture,cokes
dangerous,cokes
dead,cokes
description,cokes
door,cokes
friendship,cokes
fruits,cokes
garden,cokes
girls,cokes
headquarters,cokes
hiking,cokes
hospital,cokes
iglesia,cokes
lande,cokes
legends,cokes
luci,cokes
machine,cokes
maritime,cokes
market,cokes
memorial,cokes
mislata,cokes
movement,cokes
music,cokes
nature,cokes
neighborhood,cokes
night,cokes
obstacle,cokes
odor,cokes
park,cokes
paseo,cokes
people,cokes
perfumes,cokes
piazza,cokes
rain,cokes
scale,cokes
sculpture,cokes
sculptures,cokes
sensations,cokes
shop,cokes
sole,cokes
sorocaba,cokes
sport,cokes
steps,cokes
stop,cokes
streets,cokes
tactile,cokes
temporary,cokes
touch,cokes
tram,cokes
tranquillity,cokes
tree,cokes
turismo,cokes
university,cokes
vaporetto,cokes
venice,cokes
vento,cokes
voices,cokes
wall,cokes
water,cokes
words_and_more,cokes
work,cokes
._reference,colonna
33bienal,colonna
accessible,colonna
ambient_noise,colonna
art,colonna
audible_traffic_lights,colonna
bells,colonna
bike,colonna
binary,colonna
bridges,colonna
calle_closed,colonna
car,colonna
caution,colonna
crowded_environment,colonna
culture,colonna
dangerous,colonna
dead,colonna
door,colonna
fish,colonna
foundations,colonna
fruits,colonna
garden,colonna
girls,colonna
he_lives_together,colonna
hello,colonna
hiking,colonna
history,colonna
iglesia,colonna
lande,colonna
laramara,colonna
library,colonna
machine,colonna
maritime,colonna
market,colonna
meeting,colonna
memorial,colonna
movement,colonna
music,colonna
nature,colonna
neighborhood,colonna
park,colonna
paseo,colonna
people,colonna
perfumes,colonna
piazza,colonna
project,colonna
restaurant,colonna
sculpture,colonna
sensations,colonna
shop,colonna
sole,colonna
sorocaba,colonna
steps,colonna
stop,colonna
temporary,colonna
test,colonna
theater,colonna
tranquillity,colonna
tree,colonna
turismo,colonna
vento,colonna
voices,colonna
wall,colonna
water,colonna
wells,colonna
words_and_more,colonna
accessible,colors
ambient_noise,colors
art,colors
audible_traffic_lights,colors
bar,colors
bells,colors
binary,colors
bridges,colors
calle_closed,colors
car,colors
carnevale,colors
caution,colors
culture,colors
dangerous,colors
dead,colors
door,colors
foundations,colors
fruits,colors
garden,colors
girls,colors
headquarters,colors
hello,colors
hiking,colors
history,colors
hospital,colors
iglesia,colors
laramara,colors
legends,colors
library,colors
machine,colors
maritime,colors
memorial,colors
mislata,colors
movement,colors
music,colors
neighborhood,colors
night,colors
obstacle,colors
people,colors
perfumes,colors
piazza,colors
project,colors
rain,colors
scale,colors
sculpture,colors
sculptures,colors
sensations,colors
shop,colors
sole,colors
sorocaba,colors
sport,colors
steps,colors
stop,colors
streets,colors
tactile,colors
test,colors
theater,colors
touch,colors
tranquillity,colors
tree,colors
turismo,colors
university,colors
vaporetto,colors
venice,colors
vision,colors
wall,colors
water,colors
words_and_more,colors
work,colors
._reference,concert
33bienal,concert
accessible,concert
ambient_noise,concert
audible_traffic_lights,concert
bells,concert
binary,concert
bridges,concert
calle_closed,concert
carnevale,concert
caution,concert
crowded_environment,concert
culture,concert
dangerous,concert
dead,concert
easter,concert
fish,concert
fruits,concert
garden,concert
germany,concert
girls,concert
he_lives_together,concert
headquarters,concert
history,concert
hospital,concert
laramara,concert
legends,concert
library,concert
luci,concert
market,concert
meeting,concert
memorial,concert
mislata,concert
movement,concert
museum,concert
music,concert
nature,concert
neighborhood,concert
night,concert
obstacle,concert
odor,concert
park,concert
paseo,concert
people,concert
perfumes,concert
piazza,concert
project,concert
rain,concert
restaurant,concert
scale,concert
sculpture,concert
sculptures,concert
sensations,concert
shop,concert
sole,concert
sorocaba,concert
sport,concert
steps,concert
stop,concert
streets,concert
tactile,concert
temporary,concert
test,concert
theater,concert
tram,concert
tree,concert
turismo,concert
vaporetto,concert
venice,concert
vento,concert
vision,concert
voices,concert
water,concert
wells,concert
words_and_more,concert
work,concert
._reference,concerto
33bienal,concerto
accessible,concerto
ambient_noise,concerto
art,concerto
bells,concerto
bike,concerto
binary,concerto
bridges,concerto
calle_closed,concerto
car,concerto
caution,concerto
crowded_environment,concerto
culture,concerto
dangerous,concerto
dead,concerto
description,concerto
door,concerto
fish,concerto
foundations,concerto
friendship,concerto
garden,concerto
girls,concerto
he_lives_together,concerto
hello,concerto
history,concerto
hospital,concerto
iglesia,concerto
lande,concerto
legends,concerto
library,concerto
luci,concerto
machine,concerto
market,concerto
meeting,concerto
memorial,concerto
mislata,concerto
movement,concerto
museum,concerto
music,concerto
nature,concerto
neighborhood,concerto
night,concerto
obstacle,concerto
odor,concerto
paseo,concerto
people,concerto
project,concerto
restaurant,concerto
scale,concerto
sculpture,concerto
sculptures,concerto
sensations,concerto
shop,concerto
sole,concerto
sorocaba,concerto
sport,concerto
steps,concerto
stop,concerto
streets,concerto
tactile,concerto
temporary,concerto
test,concerto
theater,concerto
touch,concerto
tranquillity,concerto
tree,concerto
turismo,concerto
university,concerto
vaporetto,concerto
venice,concerto
vento,concerto
vision,concerto
voices,concerto
wall,concerto
water,concerto
wells,concerto
33bienal,contemporary_art
accessible,contemporary_art
ambient_noise,contemporary_art
art,contemporary_art
audible_traffic_lights,contemporary_art
bar,contemporary_art
bells,contemporary_art
binary,contemporary_art
birds,contemporary_art
blindwiki,contemporary_art
bridges,contemporary_art
calle_closed,contemporary_art
caution,contemporary_art
crowded_environment,contemporary_art
culture,contemporary_art
dead,contemporary_art
description,contemporary_art
easter,contemporary_art
fish,contemporary_art
foundations,contemporary_art
friendship,contemporary_art
fruits,contemporary_art
garden,contemporary_art
germany,contemporary_art
girls,contemporary_art
he_lives_together,contemporary_art
headquarters,contemporary_art
hello,contemporary_art
history,contemporary_art
iglesia,contemporary_art
laramara,contemporary_art
legends,contemporary_art
library,contemporary_art
luci,contemporary_art
machine,contemporary_art
market,contemporary_art
meeting,contemporary_art
mislata,contemporary_art
movement,contemporary_art
museum,contemporary_art
night,contemporary_art
obstacle,contemporary_art
paseo,contemporary_art
people,contemporary_art
perfumes,contemporary_art
piazza,contemporary_art
project,contemporary_art
rain,contemporary_art
restaurant,contemporary_art
scale,contemporary_art
sculpture,contemporary_art
sculptures,contemporary_art
sensations,contemporary_art
sole,contemporary_art
sorocaba,contemporary_art
sport,contemporary_art
tactile,contemporary_art
temporary,contemporary_art
touch,contemporary_art
tram,contemporary_art
tranquillity,contemporary_art
tree,contemporary_art
university,contemporary_art
vento,contemporary_art
vision,contemporary_art
wall,contemporary_art
wells,contemporary_art
words_and_more,contemporary_art
work,contemporary_art
._reference,correos
accessible,correos
ambient_noise,correos
art,correos
audible_traffic_lights,correos
bar,correos
binary,correos
birds,correos
blindwiki,correos
calle_closed,correos
carnevale,correos
caution,correos
crowded_environment,correos
culture,correos
dead,correos
description,correos
easter,correos
fish,correos
foundations,correos
friendship,correos
fruits,correos
garden,correos
girls,correos
he_lives_together,correos
headquarters,correos
hospital,correos
iglesia,correos
laramara,correos
legends,correos
luci,correos
market,correos
memorial,correos
mislata,correos
movement,correos
museum,correos
music,correos
nature,correos
night,correos
obstacle,correos
odor,correos
park,correos
paseo,correos
people,correos
perfumes,correos
project,correos
rain,correos
scale,correos
sculptures,correos
sensations,correos
shop,correos
sole,correos
sorocaba,correos
sport,correos
steps,correos
streets,correos
tactile,correos
temporary,correos
test,correos
theater,correos
touch,correos
tram,correos
tree,correos
turismo,correos
vaporetto,correos
voices,correos
wall,correos
words_and_more,correos
work,correos
._reference,court
33bienal,court
accessible,court
bar,court
bells,court
binary,court
birds,court
blindwiki,court
bridges,court
calle_closed,court
carnevale,court
caution,court
crowded_environment,court
culture,court
dead,court
description,court
easter,court
fish,court
foundations,court
friendship,court
fruits,court
garden,court
germany,court
he_lives_together,court
history,court
hospital,court
iglesia,court
laramara,court
legends,court
library,court
luci,court
machine,court
maritime,court
market,court
meeting,court
mislata,court
movement,court
museum,court
music,court
nature,court
neighborhood,court
night,court
obstacle,court
odor,court
park,court
paseo,court
people,court
perfumes,court
piazza,court
rain,court
restaurant,court
scale,court
sculpture,court
sculptures,court
sensations,court
shop,court
sole,court
sorocaba,court
steps,court
streets,court
tactile,court
temporary,court
theater,court
touch,court
tram,court
tranquillity,court
tree,court
turismo,court
university,court
vaporetto,court
venice,court
vento,court
vision,court
voices,court
water,court
wells,court
words_and_more,court
work,court
._reference,courtyard
33bienal,courtyard
accessible,courtyard
art,courtyard
audible_traffic_lights,courtyard
bar,courtyard
bells,courtyard
bike,courtyard
binary,courtyard
bridges,courtyard
calle_closed,courtyard
carnevale,courtyard
caution,courtyard
crowded_environment,courtyard
culture,courtyard
dead,courtyard
description,courtyard
easter,courtyard
fish,courtyard
foundations,courtyard
friendship,courtyard
fruits,courtyard
garden,courtyard
germany,courtyard
he_lives_together,courtyard
headquarters,courtyard
hiking,courtyard
history,courtyard
hospital,courtyard
iglesia,courtyard
legends,courtyard
luci,courtyard
machine,courtyard
maritime,courtyard
market,courtyard
meeting,courtyard
mislata,courtyard
music,courtyard
nature,courtyard
neighborhood,courtyard
obstacle,courtyard
park,courtyard
paseo,courtyard
people,courtyard
perfumes,courtyard
piazza,courtyard
project,courtyard
rain,courtyard
restaurant,courtyard
scale,courtyard
sculptures,courtyard
sensations,courtyard
sole,courtyard
sorocaba,courtyard
sport,courtyard
steps,courtyard
stop,courtyard
streets,courtyard
tactile,courtyard
temporary,courtyard
test,courtyard
theater,courtyard
touch,courtyard
tram,courtyard
tranquillity,courtyard
tree,courtyard
university,courtyard
venice,courtyard
vento,courtyard
vision,courtyard
wall,courtyard
water,courtyard
wells,courtyard
words_and_more,courtyard
work,courtyard
._reference,courtyards
accessible,courtyards
ambient_noise,courtyards
art,courtyards
audible_traffic_lights,courtyards
bar,courtyards
bells,courtyards
bike,courtyards
binary,courtyards
birds,courtyards
blindwiki,courtyards
bridges,courtyards
calle_closed,courtyards
carnevale,courtyards
caution,courtyards
crowded_environment,courtyards
culture,courtyards
dangerous,courtyards
dead,courtyards
description,courtyards
easter,courtyards
foundations,courtyards
friendship,courtyards
fruits,courtyards
garden,courtyards
germany,courtyards
girls,courtyards
headquarters,courtyards
hello,courtyards
hiking,courtyards
history,courtyards
iglesia,courtyards
lande,courtyards
legends,courtyards
library,courtyards
maritime,courtyards
market,courtyards
mislata,courtyards
movement,courtyards
museum,courtyards
music,courtyards
nature,courtyards
neighborhood,courtyards
night,courtyards
obstacle,courtyards
odor,courtyards
park,courtyards
perfumes,courtyards
piazza,courtyards
project,courtyards
rain,courtyards
restaurant,courtyards
scale,courtyards
sculpture,courtyards
sculptures,courtyards
shop,courtyards
sole,courtyards
sorocaba,courtyards
sport,courtyards
steps,courtyards
streets,courtyards
tactile,courtyards
temporary,courtyards
test,courtyards
theater,courtyards
touch,courtyards
tram,courtyards
tree,courtyards
turismo,courtyards
vaporetto,courtyards
venice,courtyards
vento,courtyards
vision,courtyards
voices,courtyards
wall,courtyards
water,courtyards
words_and_more,courtyards
work,courtyards
._reference,crafts_in_paulista
33bienal,crafts_in_paulista
accessible,crafts_in_paulista
art,crafts_in_paulista
bar,crafts_in_paulista
bells,crafts_in_paulista
binary,crafts_in_paulista
birds,crafts_in_paulista
blindwiki,crafts_in_paulista
bridges,crafts_in_paulista
calle_closed,crafts_in_paulista
car,crafts_in_paulista
carnevale,crafts_in_paulista
caution,crafts_in_paulista
crowded_environment,crafts_in_paulista
dangerous,crafts_in_paulista
dead,crafts_in_paulista
door,crafts_in_paulista
easter,crafts_in_paulista
fish,crafts_in_paulista
foundations,crafts_in_paulista
friendship,crafts_in_paulista
fruits,crafts_in_paulista
garden,crafts_in_paulista
germany,crafts_in_paulista
girls,crafts_in_paulista
he_lives_together,crafts_in_paulista
hello,crafts_in_paulista
hiking,crafts_in_paulista
history,crafts_in_paulista
hospital,crafts_in_paulista
iglesia,crafts_in_paulista
lande,crafts_in_paulista
legends,crafts_in_paulista
luci,crafts_in_paulista
machine,crafts_in_paulista
meeting,crafts_in_paulista
memorial,crafts_in_paulista
mislata,crafts_in_paulista
movement,crafts_in_paulista
museum,crafts_in_paulista
music,crafts_in_paulista
nature,crafts_in_paulista
neighborhood,crafts_in_paulista
night,crafts_in_paulista
obstacle,crafts_in_paulista
odor,crafts_in_paulista
park,crafts_in_paulista
paseo,crafts_in_paulista
people,crafts_in_paulista
perfumes,crafts_in_paulista
piazza,crafts_in_paulista
project,crafts_in_paulista
rain,crafts_in_paulista
restaurant,crafts_in_paulista
scale,crafts_in_paulista
sculpture,crafts_in_paulista
sculptures,crafts_in_paulista
sensations,crafts_in_paulista
sole,crafts_in_paulista
sport,crafts_in_paulista
steps,crafts_in_paulista
streets,crafts_in_paulista
test,crafts_in_paulista
theater,crafts_in_paulista
touch,crafts_in_paulista
tranquillity,crafts_in_paulista
turismo,crafts_in_paulista
university,crafts_in_paulista
vaporetto,crafts_in_paulista
venice,crafts_in_paulista
vento,crafts_in_paulista
vision,crafts_in_paulista
voices,crafts_in_paulista
water,crafts_in_paulista
words_and_more,crafts_in_paulista
work,crafts_in_paulista
._reference,craftsmanship
33bienal,craftsmanship
ambient_noise,craftsmanship
art,craftsmanship
audible_traffic_lights,craftsmanship
bar,craftsmanship
bells,craftsmanship
bike,craftsmanship
birds,craftsmanship
blindwiki,craftsmanship
bridges,craftsmanship
calle_closed,craftsmanship
car,craftsmanship
carnevale,craftsmanship
caution,craftsmanship
crowded_environment,craftsmanship
culture,craftsmanship
dangerous,craftsmanship
dead,craftsmanship
description,craftsmanship
door,craftsmanship
easter,craftsmanship
fish,craftsmanship
friendship,craftsmanship
fruits,craftsmanship
germany,craftsmanship
girls,craftsmanship
he_lives_together,craftsmanship
headquarters,craftsmanship
hello,craftsmanship
history,craftsmanship
hospital,craftsmanship
lande,craftsmanship
laramara,craftsmanship
legends,craftsmanship
library,craftsmanship
machine,craftsmanship
maritime,craftsmanship
market,craftsmanship
meeting,craftsmanship
memorial,craftsmanship
mislata,craftsmanship
movement,craftsmanship
museum,craftsmanship
music,craftsmanship
nature,craftsmanship
neighborhood,craftsmanship
night,craftsmanship
obstacle,craftsmanship
park,craftsmanship
paseo,craftsmanship
perfumes,craftsmanship
project,craftsmanship
rain,craftsmanship
restaurant,craftsmanship
sculpture,craftsmanship
sensations,craftsmanship
sole,craftsmanship
sorocaba,craftsmanship
steps,craftsmanship
stop,craftsmanship
streets,craftsmanship
tactile,craftsmanship
temporary,craftsmanship
theater,craftsmanship
touch,craftsmanship
tram,craftsmanship
tree,craftsmanship
university,craftsmanship
vaporetto,craftsmanship
venice,craftsmanship
vento,craftsmanship
vision,craftsmanship
voices,craftsmanship
wall,craftsmanship
water,craftsmanship
wells,craftsmanship
words_and_more,craftsmanship
work,craftsmanship
._reference,crossing
accessible,crossing
ambient_noise,crossing
audible_traffic_lights,crossing
bells,crossing
bike,crossing
binary,crossing
birds,crossing
blindwiki,crossing
bridges,crossing
calle_closed,crossing
car,crossing
carnevale,crossing
caution,crossing
culture,crossing
dead,crossing
easter,crossing
fish,crossing
foundations,crossing
garden,crossing
germany,crossing
girls,crossing
he_lives_together,crossing
headquarters,crossing
history,crossing
hospital,crossing
iglesia,crossing
laramara,crossing
luci,crossing
machine,crossing
maritime,crossing
meeting,crossing
memorial,crossing
mislata,crossing
movement,crossing
music,crossing
nature,crossing
neighborhood,crossing
night,crossing
obstacle,crossing
odor,crossing
park,crossing
paseo,crossing
people,crossing
perfumes,crossing
project,crossing
rain,crossing
restaurant,crossing
scale,crossing
sculpture,crossing
sculptures,crossing
sensations,crossing
shop,crossing
sorocaba,crossing
steps,crossing
stop,crossing
tactile,crossing
test,crossing
theater,crossing
tram,crossing
tree,crossing
turismo,crossing
vento,crossing
vision,crossing
wall,crossing
water,crossing
words_and_more,crossing
work,crossing
._reference,crossroads
accessible,crossroads
ambient_noise,crossroads
art,crossroads
bar,crossroads
bells,crossroads
bike,crossroads
binary,crossroads
bridges,crossroads
calle_closed,crossroads
car,crossroads
carnevale,crossroads
caution,crossroads
crowded_environment,crossroads
culture,crossroads
dangerous,crossroads
dead,crossroads
description,crossroads
door,crossroads
easter,crossroads
fish,crossroads
foundations,crossroads
friendship,crossroads
fruits,crossroads
garden,crossroads
germany,crossroads
girls,crossroads
headquarters,crossroads
hiking,crossroads
history,crossroads
hospital,crossroads
iglesia,crossroads
laramara,crossroads
legends,crossroads
library,crossroads
luci,crossroads
machine,crossroads
maritime,crossroads
market,crossroads
meeting,crossroads
mislata,crossroads
movement,crossroads
museum,crossroads
music,crossroads
nature,crossroads
neighborhood,crossroads
night,crossroads
obstacle,crossroads
odor,crossroads
park,crossroads
paseo,crossroads
people,crossroads
perfumes,crossroads
piazza,crossroads
project,crossroads
rain,crossroads
restaurant,crossroads
scale,crossroads
sculpture,crossroads
sculptures,crossroads
sole,crossroads
sorocaba,crossroads
sport,crossroads
stop,crossroads
streets,crossroads
tactile,crossroads
temporary,crossroads
test,crossroads
theater,crossroads
touch,crossroads
tram,crossroads
tranquillity,crossroads
tree,crossroads
turismo,crossroads
university,crossroads
vaporetto,crossroads
vento,crossroads
vision,crossroads
voices,crossroads
wall,crossroads
wells,crossroads
words_and_more,crossroads
work,crossroads
._reference,crowding
33bienal,crowding
accessible,crowding
ambient_noise,crowding
art,crowding
audible_traffic_lights,crowding
bar,crowding
bells,crowding
bike,crowding
binary,crowding
birds,crowding
blindwiki,crowding
bridges,crowding
calle_closed,crowding
car,crowding
carnevale,crowding
caution,crowding
crowded_environment,crowding
culture,crowding
dangerous,crowding
dead,crowding
description,crowding
door,crowding
fish,crowding
foundations,crowding
fruits,crowding
garden,crowding
germany,crowding
girls,crowding
headquarters,crowding
hiking,crowding
hospital,crowding
iglesia,crowding
lande,crowding
laramara,crowding
library,crowding
machine,crowding
maritime,crowding
meeting,crowding
memorial,crowding
music,crowding
neighborhood,crowding
night,crowding
obstacle,crowding
odor,crowding
park,crowding
paseo,crowding
piazza,crowding
rain,crowding
restaurant,crowding
scale,crowding
sculptures,crowding
sensations,crowding
shop,crowding
sole,crowding
sorocaba,crowding
steps,crowding
stop,crowding
streets,crowding
tactile,crowding
temporary,crowding
test,crowding
theater,crowding
touch,crowding
tram,crowding
tree,crowding
turismo,crowding
vento,crowding
vision,crowding
voices,crowding
wall,crowding
water,crowding
wells,crowding
words_and_more,crowding
._reference,cultural_center
33bienal,cultural_center
accessible,cultural_center
ambient_noise,cultural_center
audible_traffic_lights,cultural_center
bar,cultural_center
bells,cultural_center
bike,cultural_center
binary,cultural_center
birds,cultural_center
bridges,cultural_center
calle_closed,cultural_center
car,cultural_center
caution,cultural_center
crowded_environment,cultural_center
culture,cultural_center
dangerous,cultural_center
dead,cultural_center
door,cultural_center
easter,cultural_center
fish,cultural_center
foundations,cultural_center
friendship,cultural_center
fruits,cultural_center
garden,cultural_center
germany,cultural_center
he_lives_together,cultural_center
hello,cultural_center
history,cultural_center
hospital,cultural_center
iglesia,cultural_center
lande,cultural_center
legends,cultural_center
library,cultural_center
luci,cultural_center
machine,cultural_center
meeting,cultural_center
memorial,cultural_center
mislata,cultural_center
movement,cultural_center
museum,cultural_center
nature,cultural_center
night,cultural_center
obstacle,cultural_center
park,cultural_center
people,cultural_center
perfumes,cultural_center
piazza,cultural_center
project,cultural_center
rain,cultural_center
restaurant,cultural_center
sculpture,cultural_center
sensations,cultural_center
sole,cultural_center
sorocaba,cultural_center
sport,cultural_center
steps,cultural_center
streets,cultural_center
tactile,cultural_center
temporary,cultural_center
test,cultural_center
theater,cultural_center
touch,cultural_center
tram,cultural_center
tree,cultural_center
turismo,cultural_center
university,cultural_center
vaporetto,cultural_center
venice,cultural_center
vision,cultural_center
voices,cultural_center
wall,cultural_center
water,cultural_center
wells,cultural_center
words_and_more,cultural_center
work,cultural_center
._reference,curiosity
accessible,curiosity
ambient_noise,curiosity
art,curiosity
audible_traffic_lights,curiosity
bar,curiosity
bells,curiosity
bike,curiosity
binary,curiosity
birds,curiosity
calle_closed,curiosity
car,curiosity
crowded_environment,curiosity
culture,curiosity
dangerous,curiosity
dead,curiosity
door,curiosity
easter,curiosity
fish,curiosity
foundations,curiosity
friendship,curiosity
garden,curiosity
germany,curiosity
girls,curiosity
he_lives_together,curiosity
headquarters,curiosity
hello,curiosity
hiking,curiosity
history,curiosity
hospital,curiosity
iglesia,curiosity
lande,curiosity
laramara,curiosity
library,curiosity
luci,curiosity
machine,curiosity
maritime,curiosity
market,curiosity
meeting,curiosity
memorial,curiosity
mislata,curiosity
museum,curiosity
music,curiosity
neighborhood,curiosity
night,curiosity
obstacle,curiosity
odor,curiosity
park,curiosity
people,curiosity
perfumes,curiosity
piazza,curiosity
restaurant,curiosity
scale,curiosity
sensations,curiosity
shop,curiosity
sole,curiosity
sport,curiosity
steps,curiosity
streets,curiosity
test,curiosity
theater,curiosity
touch,curiosity
tree,curiosity
turismo,curiosity
venice,curiosity
vision,curiosity
voices,curiosity
wall,curiosity
water,curiosity
wells,curiosity
words_and_more,curiosity
work,curiosity
._reference,dance
ambient_noise,dance
audible_traffic_lights,dance
bar,dance
bells,dance
binary,dance
blindwiki,dance
bridges,dance
car,dance
carnevale,dance
caution,dance
crowded_environment,dance
culture,dance
dangerous,dance
dead,dance
easter,dance
fish,dance
friendship,dance
fruits,dance
garden,dance
girls,dance
hospital,dance
iglesia,dance
laramara,dance
luci,dance
maritime,dance
market,dance
meeting,dance
memorial,dance
mislata,dance
movement,dance
museum,dance
night,dance
obstacle,dance
odor,dance
paseo,dance
people,dance
perfumes,dance
piazza,dance
restaurant,dance
scale,dance
sculptures,dance
sensations,dance
shop,dance
sole,dance
sport,dance
steps,dance
stop,dance
streets,dance
tactile,dance
temporary,dance
test,dance
theater,dance
tram,dance
tranquillity,dance
tree,dance
university,dance
vaporetto,dance
venice,dance
vento,dance
vision,dance
wall,dance
water,dance
words_and_more,dance
work,dance
._reference,danger
33bienal,danger
ambient_noise,danger
bar,danger
bike,danger
birds,danger
blindwiki,danger
calle_closed,danger
carnevale,danger
caution,danger
dangerous,danger
door,danger
easter,danger
fish,danger
foundations,danger
friendship,danger
fruits,danger
garden,danger
headquarters,danger
hello,danger
hiking,danger
history,danger
hospital,danger
iglesia,danger
lande,danger
laramara,danger
legends,danger
library,danger
luci,danger
machine,danger
maritime,danger
market,danger
meeting,danger
memorial,danger
movement,danger
museum,danger
music,danger
nature,danger
odor,danger
park,danger
paseo,danger
people,danger
perfumes,danger
piazza,danger
project,danger
rain,danger
restaurant,danger
scale,danger
sculpture,danger
sculptures,danger
sensations,danger
shop,danger
sole,danger
sorocaba,danger
sport,danger
steps,danger
stop,danger
streets,danger
tactile,danger
temporary,danger
test,danger
theater,danger
touch,danger
tram,danger
tranquillity,danger
turismo,danger
university,danger
vaporetto,danger
venice,danger
vento,danger
vision,danger
voices,danger
wall,danger
wells,danger
words_and_more,danger
33bienal,dark
accessible,dark
art,dark
bar,dark
bells,dark
bike,dark
binary,dark
birds,dark
blindwiki,dark
bridges,dark
car,dark
carnevale,dark
caution,dark
crowded_environment,dark
culture,dark
dead,dark
fish,dark
foundations,dark
friendship,dark
fruits,dark
garden,dark
girls,dark
he_lives_together,dark
hello,dark
hiking,dark
hospital,dark
iglesia,dark
laramara,dark
legends,dark
library,dark
luci,dark
machine,dark
maritime,dark
market,dark
meeting,dark
mislata,dark
movement,dark
museum,dark
music,dark
nature,dark
neighborhood,dark
night,dark
odor,dark
park,dark
paseo,dark
perfumes,dark
piazza,dark
project,dark
rain,dark
scale,dark
sculpture,dark
sculptures,dark
sensations,dark
sole,dark
sorocaba,dark
sport,dark
steps,dark
stop,dark
streets,dark
tactile,dark
temporary,dark
theater,dark
touch,dark
tranquillity,dark
tree,dark
turismo,dark
university,dark
venice,dark
vento,dark
vision,dark
voices,dark
water,dark
wells,dark
words_and_more,dark
work,dark
._reference,darsena
art,darsena
audible_traffic_lights,darsena
bar,darsena
bells,darsena
birds,darsena
bridges,darsena
calle_closed,darsena
caution,darsena
culture,darsena
dead,darsena
description,darsena
fish,darsena
foundations,darsena
fruits,darsena
garden,darsena
girls,darsena
he_lives_together,darsena
headquarters,darsena
hello,darsena
hiking,darsena
history,darsena
hospital,darsena
iglesia,darsena
lande,darsena
luci,darsena
machine,darsena
market,darsena
memorial,darsena
mislata,darsena
movement,darsena
music,darsena
night,darsena
obstacle,darsena
people,darsena
piazza,darsena
project,darsena
rain,darsena
scale,darsena
sculpture,darsena
sculptures,darsena
sensations,darsena
shop,darsena
sole,darsena
sport,darsena
steps,darsena
stop,darsena
streets,darsena
tactile,darsena
theater,darsena
touch,darsena
tranquillity,darsena
tree,darsena
turismo,darsena
university,darsena
vaporetto,darsena
venice,darsena
vento,darsena
voices,darsena
wall,darsena
water,darsena
wells,darsena
words_and_more,darsena
work,darsena
._reference,dead_bridges
33bienal,dead_bridges
ambient_noise,dead_bridges
art,dead_bridges
audible_traffic_lights,dead_bridges
bar,dead_bridges
bells,dead_bridges
binary,dead_bridges
birds,dead_bridges
blindwiki,dead_bridges
bridges,dead_bridges
car,dead_bridges
caution,dead_bridges
crowded_environment,dead_bridges
culture,dead_bridges
dangerous,dead_bridges
dead,dead_bridges
description,dead_bridges
door,dead_bridges
easter,dead_bridges
fish,dead_bridges
foundations,dead_bridges
friendship,dead_bridges
garden,dead_bridges
germany,dead_bridges
headquarters,dead_bridges
hiking,dead_bridges
history,dead_bridges
iglesia,dead_bridges
laramara,dead_bridges
legends,dead_bridges
library,dead_bridges
luci,dead_bridges
maritime,dead_bridges
market,dead_bridges
meeting,dead_bridges
mislata,dead_bridges
movement,dead_bridges
museum,dead_bridges
music,dead_bridges
nature,dead_bridges
neighborhood,dead_bridges
obstacle,dead_bridges
odor,dead_bridges
paseo,dead_bridges
people,dead_bridges
perfumes,dead_bridges
project,dead_bridges
rain,dead_bridges
restaurant,dead_bridges
scale,dead_bridges
sculpture,dead_bridges
sensations,dead_bridges
sole,dead_bridges
sorocaba,dead_bridges
sport,dead_bridges
steps,dead_bridges
stop,dead_bridges
tactile,dead_bridges
temporary,dead_bridges
test,dead_bridges
theater,dead_bridges
touch,dead_bridges
tranquillity,dead_bridges
tree,dead_bridges
university,dead_bridges
venice,dead_bridges
vento,dead_bridges
vision,dead_bridges
wall,dead_bridges
water,dead_bridges
words_and_more,dead_bridges
work,dead_bridges
33bienal,dead_calla
accessible,dead_calla
ambient_noise,dead_calla
audible_traffic_lights,dead_calla
bar,dead_calla
binary,dead_calla
birds,dead_calla
blindwiki,dead_calla
car,dead_calla
carnevale,dead_calla
caution,dead_calla
crowded_environment,dead_calla
culture,dead_calla
description,dead_calla
door,dead_calla
fish,dead_calla
friendship,dead_calla
fruits,dead_calla
garden,dead_calla
germany,dead_calla
he_lives_together,dead_calla
headquarters,dead_calla
history,dead_calla
hospital,dead_calla
iglesia,dead_calla
lande,dead_calla
legends,dead_calla
luci,dead_calla
machine,dead_calla
maritime,dead_calla
market,dead_calla
memorial,dead_calla
mislata,dead_calla
movement,dead_calla
museum,dead_calla
music,dead_calla
nature,dead_calla
neighborhood,dead_calla
obstacle,dead_calla
odor,dead_calla
park,dead_calla
paseo,dead_calla
people,dead_calla
perfumes,dead_calla
piazza,dead_calla
project,dead_calla
rain,dead_calla
restaurant,dead_calla
scale,dead_calla
sculpture,dead_calla
sculptures,dead_calla
sensations,dead_calla
shop,dead_calla
sport,dead_calla
steps,dead_calla
stop,dead_calla
streets,dead_calla
tactile,dead_calla
temporary,dead_calla
test,dead_calla
theater,dead_calla
tree,dead_calla
vento,dead_calla
voices,dead_calla
wall,dead_calla
water,dead_calla
wells,dead_calla
work,dead_calla
accessible,deck_chairs
ambient_noise,deck_chairs
art,deck_chairs
audible_traffic_lights,deck_chairs
bike,deck_chairs
blindwiki,deck_chairs
bridges,deck_chairs
calle_closed,deck_chairs
carnevale,deck_chairs
culture,deck_chairs
dangerous,deck_chairs
dead,deck_chairs
door,deck_chairs
easter,deck_chairs
fish,deck_chairs
foundations,deck_chairs
friendship,deck_chairs
fruits,deck_chairs
girls,deck_chairs
headquarters,deck_chairs
hello,deck_chairs
hiking,deck_chairs
history,deck_chairs
hospital,deck_chairs
iglesia,deck_chairs
laramara,deck_chairs
legends,deck_chairs
luci,deck_chairs
maritime,deck_chairs
market,deck_chairs
memorial,deck_chairs
mislata,deck_chairs
movement,deck_chairs
museum,deck_chairs
music,deck_chairs
neighborhood,deck_chairs
night,deck_chairs
obstacle,deck_chairs
paseo,deck_chairs
people,deck_chairs
piazza,deck_chairs
rain,deck_chairs
scale,deck_chairs
sculptures,deck_chairs
sensations,deck_chairs
shop,deck_chairs
sport,deck_chairs
steps,deck_chairs
stop,deck_chairs
streets,deck_chairs
temporary,deck_chairs
theater,deck_chairs
tram,deck_chairs
turismo,deck_chairs
university,deck_chairs
vaporetto,deck_chairs
venice,deck_chairs
vento,deck_chairs
wall,deck_chairs
words_and_more,deck_chairs
._reference,defect
33bienal,defect
accessible,defect
ambient_noise,defect
art,defect
audible_traffic_lights,defect
bar,defect
bike,defect
binary,defect
birds,defect
blindwiki,defect
bridges,defect
car,defect
carnevale,defect
crowded_environment,defect
culture,defect
dangerous,defect
dead,defect
description,defect
fish,defect
foundations,defect
fruits,defect
garden,defect
germany,defect
girls,defect
he_lives_together,defect
headquarters,defect
hiking,defect
history,defect
library,defect
luci,defect
machine,defect
maritime,defect
market,defect
meeting,defect
memorial,defect
mislata,defect
museum,defect
music,defect
neighborhood,defect
night,defect
obstacle,defect
odor,defect
park,defect
paseo,defect
people,defect
perfumes,defect
rain,defect
restaurant,defect
sculpture,defect
sculptures,defect
sensations,defect
shop,defect
sole,defect
sorocaba,defect
sport,defect
stop,defect
tactile,defect
temporary,defect
theater,defect
touch,defect
tranquillity,defect
tree,defect
university,defect
vaporetto,defect
venice,defect
vento,defect
vision,defect
wall,defect
water,defect
wells,defect
words_and_more,defect
work,defect
._reference,demonstration
33bienal,demonstration
accessible,demonstration
ambient_noise,demonstration
audible_traffic_lights,demonstration
bar,demonstration
bells,demonstration
bike,demonstration
blindwiki,demonstration
bridges,demonstration
calle_closed,demonstration
car,demonstration
carnevale,demonstration
culture,demonstration
dangerous,demonstration
dead,demonstration
description,demonstration
door,demonstration
easter,demonstration
friendship,demonstration
fruits,demonstration
garden,demonstration
germany,demonstration
girls,demonstration
hello,demonstration
hiking,demonstration
lande,demonstration
laramara,demonstration
legends,demonstration
library,demonstration
luci,demonstration
machine,demonstration
maritime,demonstration
market,demonstration
meeting,demonstration
memorial,demonstration
mislata,demonstration
movement,demonstration
museum,demonstration
music,demonstration
nature,demonstration
neighborhood,demonstration
night,demonstration
obstacle,demonstration
odor,demonstration
perfumes,demonstration
piazza,demonstration
project,demonstration
rain,demonstration
restaurant,demonstration
sculptures,demonstration
sensations,demonstration
sole,demonstration
sorocaba,demonstration
sport,demonstration
stop,demonstration
streets,demonstration
tactile,demonstration
temporary,demonstration
touch,demonstration
tram,demonstration
tranquillity,demonstration
tree,demonstration
turismo,demonstration
university,demonstration
venice,demonstration
vento,demonstration
vision,demonstration
voices,demonstration
wall,demonstration
water,demonstration
words_and_more,demonstration
work,demonstration
33bienal,deterrent_pillar
accessible,deterrent_pillar
ambient_noise,deterrent_pillar
art,deterrent_pillar
audible_traffic_lights,deterrent_pillar
bar,deterrent_pillar
bike,deterrent_pillar
birds,deterrent_pillar
blindwiki,deterrent_pillar
calle_closed,deterrent_pillar
carnevale,deterrent_pillar
caution,deterrent_pillar
crowded_environment,deterrent_pillar
culture,deterrent_pillar
dangerous,deterrent_pillar
dead,deterrent_pillar
description,deterrent_pillar
easter,deterrent_pillar
fish,deterrent_pillar
foundations,deterrent_pillar
friendship,deterrent_pillar
garden,deterrent_pillar
germany,deterrent_pillar
girls,deterrent_pillar
he_lives_together,deterrent_pillar
headquarters,deterrent_pillar
hiking,deterrent_pillar
history,deterrent_pillar
hospital,deterrent_pillar
iglesia,deterrent_pillar
lande,deterrent_pillar
library,deterrent_pillar
luci,deterrent_pillar
machine,deterrent_pillar
maritime,deterrent_pillar
market,deterrent_pillar
meeting,deterrent_pillar
memorial,deterrent_pillar
mislata,deterrent_pillar
movement,deterrent_pillar
nature,deterrent_pillar
neighborhood,deterrent_pillar
night,deterrent_pillar
obstacle,deterrent_pillar
odor,deterrent_pillar
park,deterrent_pillar
paseo,deterrent_pillar
people,deterrent_pillar
perfumes,deterrent_pillar
piazza,deterrent_pillar
project,deterrent_pillar
restaurant,deterrent_pillar
scale,deterrent_pillar
sculpture,deterrent_pillar
sculptures,deterrent_pillar
sensations,deterrent_pillar
shop,deterrent_pillar
sole,deterrent_pillar
sorocaba,deterrent_pillar
steps,deterrent_pillar
streets,deterrent_pillar
tactile,deterrent_pillar
temporary,deterrent_pillar
theater,deterrent_pillar
tram,deterrent_pillar
tree,deterrent_pillar
vento,deterrent_pillar
vision,deterrent_pillar
voices,deterrent_pillar
wall,deterrent_pillar
water,deterrent_pillar
words_and_more,deterrent_pillar
work,deterrent_pillar
33bienal,deus
accessible,deus
ambient_noise,deus
art,deus
audible_traffic_lights,deus
bar,deus
bells,deus
bike,deus
binary,deus
birds,deus
bridges,deus
caution,deus
culture,deus
description,deus
door,deus
easter,deus
foundations,deus
friendship,deus
germany,deus
he_lives_together,deus
headquarters,deus
hello,deus
history,deus
hospital,deus
iglesia,deus
laramara,deus
library,deus
maritime,deus
market,deus
memorial,deus
mislata,deus
movement,deus
museum,deus
music,deus
nature,deus
neighborhood,deus
night,deus
obstacle,deus
park,deus
people,deus
perfumes,deus
piazza,deus
rain,deus
sensations,deus
sole,deus
sorocaba,deus
steps,deus
streets,deus
tactile,deus
temporary,deus
test,deus
theater,deus
tram,deus
tranquillity,deus
tree,deus
turismo,deus
vaporetto,deus
venice,deus
vento,deus
vision,deus
voices,deus
wall,deus
wells,deus
words_and_more,deus
work,deus
._reference,different_look
ambient_noise,different_look
art,different_look
bar,different_look
binary,different_look
birds,different_look
blindwiki,different_look
bridges,different_look
calle_closed,different_look
car,different_look
carnevale,different_look
crowded_environment,different_look
culture,different_look
dead,different_look
description,different_look
door,different_look
fish,different_look
foundations,different_look
friendship,different_look
fruits,different_look
germany,different_look
girls,different_look
headquarters,different_look
hiking,different_look
history,different_look
hospital,different_look
iglesia,different_look
lande,different_look
legends,different_look
library,different_look
machine,different_look
maritime,different_look
market,different_look
memorial,different_look
museum,different_look
music,different_look
nature,different_look
neighborhood,different_look
night,different_look
obstacle,different_look
paseo,different_look
piazza,different_look
rain,different_look
sculptures,different_look
sorocaba,different_look
sport,different_look
streets,different_look
test,different_look
theater,different_look
touch,different_look
tram,different_look
tranquillity,different_look
tree,different_look
vaporetto,different_look
vento,different_look
vision,different_look
voices,different_look
wall,different_look
water,different_look
words_and_more,different_look
work,different_look
33bienal,disabled_access
accessible,disabled_access
ambient_noise,disabled_access
art,disabled_access
audible_traffic_lights,disabled_access
bar,disabled_access
bells,disabled_access
bike,disabled_access
binary,disabled_access
blindwiki,disabled_access
bridges,disabled_access
carnevale,disabled_access
crowded_environment,disabled_access
culture,disabled_access
dangerous,disabled_access
dead,disabled_access
description,disabled_access
door,disabled_access
easter,disabled_access
fish,disabled_access
foundations,disabled_access
friendship,disabled_access
garden,disabled_access
girls,disabled_access
headquarters,disabled_access
hello,disabled_access
hiking,disabled_access
history,disabled_access
hospital,disabled_access
iglesia,disabled_access
lande,disabled_access
laramara,disabled_access
legends,disabled_access
library,disabled_access
machine,disabled_access
market,disabled_access
meeting,disabled_access
memorial,disabled_access
mislata,disabled_access
movement,disabled_access
museum,disabled_access
nature,disabled_access
neighborhood,disabled_access
night,disabled_access
obstacle,disabled_access
odor,disabled_access
park,disabled_access
perfumes,disabled_access
project,disabled_access
rain,disabled_access
sculpture,disabled_access
sculptures,disabled_access
sensations,disabled_access
sole,disabled_access
steps,disabled_access
streets,disabled_access
tactile,disabled_access
temporary,disabled_access
test,disabled_access
theater,disabled_access
touch,disabled_access
tram,disabled_access
tranquillity,disabled_access
tree,disabled_access
turismo,disabled_access
university,disabled_access
vaporetto,disabled_access
venice,disabled_access
vento,disabled_access
vision,disabled_access
voices,disabled_access
water,disabled_access
wells,disabled_access
work,disabled_access
ambient_noise,disabled_parking
art,disabled_parking
audible_traffic_lights,disabled_parking
bike,disabled_parking
binary,disabled_parking
birds,disabled_parking
blindwiki,disabled_parking
bridges,disabled_parking
calle_closed,disabled_parking
car,disabled_parking
carnevale,disabled_parking
caution,disabled_parking
crowded_environment,disabled_parking
culture,disabled_parking
dangerous,disabled_parking
description,disabled_parking
fish,disabled_parking
foundations,disabled_parking
friendship,disabled_parking
fruits,disabled_parking
garden,disabled_parking
germany,disabled_parking
girls,disabled_parking
he_lives_together,disabled_parking
headquarters,disabled_parking
hiking,disabled_parking
history,disabled_parking
iglesia,disabled_parking
laramara,disabled_parking
library,disabled_parking
luci,disabled_parking
machine,disabled_parking
maritime,disabled_parking
market,disabled_parking
memorial,disabled_parking
mislata,disabled_parking
museum,disabled_parking
music,disabled_parking
nature,disabled_parking
neighborhood,disabled_parking
obstacle,disabled_parking
odor,disabled_parking
park,disabled_parking
perfumes,disabled_parking
piazza,disabled_parking
restaurant,disabled_parking
sculpture,disabled_parking
sculptures,disabled_parking
sensations,disabled_parking
sole,disabled_parking
sport,disabled_parking
steps,disabled_parking
tactile,disabled_parking
temporary,disabled_parking
theater,disabled_parking
touch,disabled_parking
tram,disabled_parking
tranquillity,disabled_parking
tree,disabled_parking
turismo,disabled_parking
vaporetto,disabled_parking
vento,disabled_parking
voices,disabled_parking
wall,disabled_parking
wells,disabled_parking
words_and_more,disabled_parking
work,disabled_parking
._reference,diversity_in_paulista
33bienal,diversity_in_paulista
accessible,diversity_in_paulista
ambient_noise,diversity_in_paulista
audible_traffic_lights,diversity_in_paulista
bar,diversity_in_paulista
binary,diversity_in_paulista
birds,diversity_in_paulista
blindwiki,diversity_in_paulista
calle_closed,diversity_in_paulista
carnevale,diversity_in_paulista
caution,diversity_in_paulista
crowded_environment,diversity_in_paulista
culture,diversity_in_paulista
dangerous,diversity_in_paulista
dead,diversity_in_paulista
description,diversity_in_paulista
door,diversity_in_paulista
easter,diversity_in_paulista
fish,diversity_in_paulista
foundations,diversity_in_paulista
friendship,diversity_in_paulista
fruits,diversity_in_paulista
germany,diversity_in_paulista
girls,diversity_in_paulista
he_lives_together,diversity_in_paulista
headquarters,diversity_in_paulista
hello,diversity_in_paulista
hiking,diversity_in_paulista
history,diversity_in_paulista
hospital,diversity_in_paulista
lande,diversity_in_paulista
legends,diversity_in_paulista
luci,diversity_in_paulista
machine,diversity_in_paulista
memorial,diversity_in_paulista
mislata,diversity_in_paulista
movement,diversity_in_paulista
museum,diversity_in_paulista
music,diversity_in_paulista
neighborhood,diversity_in_paulista
night,diversity_in_paulista
obstacle,diversity_in_paulista
odor,diversity_in_paulista
park,diversity_in_paulista
paseo,diversity_in_paulista
people,diversity_in_paulista
perfumes,diversity_in_paulista
piazza,diversity_in_paulista
project,diversity_in_paulista
rain,diversity_in_paulista
restaurant,diversity_in_paulista
scale,diversity_in_paulista
sculpture,diversity_in_paulista
sculptures,diversity_in_paulista
sensations,diversity_in_paulista
shop,diversity_in_paulista
sole,diversity_in_paulista
sorocaba,diversity_in_paulista
sport,diversity_in_paulista
steps,diversity_in_paulista
streets,diversity_in_paulista
tactile,diversity_in_paulista
temporary,diversity_in_paulista
theater,diversity_in_paulista
touch,diversity_in_paulista
tram,diversity_in_paulista
tranquillity,diversity_in_paulista
tree,diversity_in_paulista
turismo,diversity_in_paulista
university,diversity_in_paulista
vaporetto,diversity_in_paulista
venice,diversity_in_paulista
vento,diversity_in_paulista
vision,diversity_in_paulista
voices,diversity_in_paulista
water,diversity_in_paulista
wells,diversity_in_paulista
work,diversity_in_paulista
._reference,documenta
33bienal,documenta
accessible,documenta
ambient_noise,documenta
art,documenta
audible_traffic_lights,documenta
bike,documenta
birds,documenta
blindwiki,documenta
bridges,documenta
calle_closed,documenta
car,documenta
caution,documenta
crowded_environment,documenta
culture,documenta
dangerous,documenta
dead,documenta
description,documenta
door,documenta
fish,documenta
friendship,documenta
fruits,documenta
garden,documenta
girls,documenta
he_lives_together,documenta
headquarters,documenta
hiking,documenta
history,documenta
iglesia,documenta
laramara,documenta
legends,documenta
library,documenta
machine,documenta
market,documenta
meeting,documenta
movement,documenta
music,documenta
nature,documenta
neighborhood,documenta
obstacle,documenta
park,documenta
paseo,documenta
perfumes,documenta
piazza,documenta
project,documenta
rain,documenta
restaurant,documenta
scale,documenta
sculpture,documenta
sculptures,documenta
sensations,documenta
shop,documenta
sole,documenta
sorocaba,documenta
sport,documenta
steps,documenta
stop,documenta
tactile,documenta
temporary,documenta
test,documenta
touch,documenta
tranquillity,documenta
tree,documenta
university,documenta
vaporetto,documenta
vision,documenta
water,documenta
wells,documenta
words_and_more,documenta
work,documenta
._reference,dog
33bienal,dog
accessible,dog
ambient_noise,dog
art,dog
audible_traffic_lights,dog
bar,dog
bells,dog
binary,dog
birds,dog
blindwiki,dog
bridges,dog
caution,dog
culture,dog
dangerous,dog
dead,dog
description,dog
door,dog
easter,dog
fish,dog
foundations,dog
friendship,dog
fruits,dog
germany,dog
girls,dog
he_lives_together,dog
headquarters,dog
history,dog
hospital,dog
iglesia,dog
lande,dog
laramara,dog
legends,dog
library,dog
luci,dog
machine,dog
market,dog
meeting,dog
memorial,dog
mislata,dog
museum,dog
nature,dog
neighborhood,dog
obstacle,dog
odor,dog
park,dog
people,dog
perfumes,dog
piazza,dog
rain,dog
restaurant,dog
scale,dog
sculpture,dog
sculptures,dog
sensations,dog
shop,dog
sole,dog
sorocaba,dog
sport,dog
steps,dog
streets,dog
tactile,dog
temporary,dog
theater,dog
tram,dog
tranquillity,dog
tree,dog
turismo,dog
university,dog
venice,dog
vision,dog
voices,dog
wall,dog
water,dog
wells,dog
work,dog
._reference,domingo
33bienal,domingo
accessible,domingo
ambient_noise,domingo
art,domingo
audible_traffic_lights,domingo
bar,domingo
bells,domingo
bike,domingo
birds,domingo
calle_closed,domingo
car,domingo
carnevale,domingo
crowded_environment,domingo
dangerous,domingo
dead,domingo
description,domingo
fish,domingo
foundations,domingo
friendship,domingo
fruits,domingo
germany,domingo
girls,domingo
he_lives_together,domingo
headquarters,domingo
hello,domingo
hiking,domingo
hospital,domingo
iglesia,domingo
laramara,domingo
legends,domingo
library,domingo
maritime,domingo
market,domingo
meeting,domingo
memorial,domingo
movement,domingo
museum,domingo
music,domingo
neighborhood,domingo
night,domingo
odor,domingo
park,domingo
paseo,domingo
people,domingo
project,domingo
rain,domingo
scale,domingo
sculpture,domingo
sculptures,domingo
sensations,domingo
shop,domingo
sole,domingo
sorocaba,domingo
sport,domingo
streets,domingo
temporary,domingo
touch,domingo
tranquillity,domingo
tree,domingo
turismo,domingo
university,domingo
vaporetto,domingo
venice,domingo
vision,domingo
voices,domingo
wells,domingo
words_and_more,domingo
work,domingo
._reference,donne
33bienal,donne
accessible,donne
ambient_noise,donne
art,donne
audible_traffic_lights,donne
bike,donne
binary,donne
birds,donne
bridges,donne
calle_closed,donne
car,donne
caution,donne
crowded_environment,donne
culture,donne
dangerous,donne
dead,donne
description,donne
door,donne
easter,donne
fish,donne
foundations,donne
friendship,donne
fruits,donne
garden,donne
germany,donne
girls,donne
he_lives_together,donne
hello,donne
hiking,donne
iglesia,donne
laramara,donne
legends,donne
library,donne
machine,donne
maritime,donne
market,donne
meeting,donne
memorial,donne
museum,donne
music,donne
nature,donne
neighborhood,donne
obstacle,donne
odor,donne
paseo,donne
people,donne
perfumes,donne
piazza,donne
project,donne
rain,donne
restaurant,donne
sculpture,donne
sensations,donne
sole,donne
sorocaba,donne
sport,donne
steps,donne
stop,donne
tactile,donne
temporary,donne
theater,donne
touch,donne
tram,donne
tranquillity,donne
tree,donne
turismo,donne
university,donne
vaporetto,donne
venice,donne
vento,donne
vision,donne
voices,donne
wall,donne
wells,donne
words_and_more,donne
work,donne
accessible,dorina_nowill
ambient_noise,dorina_nowill
art,dorina_nowill
audible_traffic_lights,dorina_nowill
bar,dorina_nowill
bike,dorina_nowill
binary,dorina_nowill
bridges,dorina_nowill
car,dorina_nowill
carnevale,dorina_nowill
caution,dorina_nowill
crowded_environment,dorina_nowill
culture,dorina_nowill
dangerous,dorina_nowill
dead,dorina_nowill
description,dorina_nowill
door,dorina_nowill
fish,dorina_nowill
foundations,dorina_nowill
fruits,dorina_nowill
germany,dorina_nowill
headquarters,dorina_nowill
hiking,dorina_nowill
hospital,dorina_nowill
iglesia,dorina_nowill
lande,dorina_nowill
laramara,dorina_nowill
legends,dorina_nowill
library,dorina_nowill
machine,dorina_nowill
maritime,dorina_nowill
market,dorina_nowill
meeting,dorina_nowill
memorial,dorina_nowill
movement,dorina_nowill
museum,dorina_nowill
music,dorina_nowill
nature,dorina_nowill
neighborhood,dorina_nowill
odor,dorina_nowill
paseo,dorina_nowill
perfumes,dorina_nowill
piazza,dorina_nowill
project,dorina_nowill
rain,dorina_nowill
restaurant,dorina_nowill
scale,dorina_nowill
sculptures,dorina_nowill
sensations,dorina_nowill
shop,dorina_nowill
sole,dorina_nowill
sorocaba,dorina_nowill
steps,dorina_nowill
stop,dorina_nowill
streets,dorina_nowill
tactile,dorina_nowill
temporary,dorina_nowill
test,dorina_nowill
theater,dorina_nowill
touch,dorina_nowill
tram,dorina_nowill
tree,dorina_nowill
university,dorina_nowill
vaporetto,dorina_nowill
venice,dorina_nowill
vento,dorina_nowill
wall,dorina_nowill
wells,dorina_nowill
work,dorina_nowill
._reference,dorinanowill
accessible,dorinanowill
ambient_noise,dorinanowill
art,dorinanowill
audible_traffic_lights,dorinanowill
bar,dorinanowill
binary,dorinanowill
birds,dorinanowill
blindwiki,dorinanowill
bridges,dorinanowill
calle_closed,dorinanowill
car,dorinanowill
caution,dorinanowill
culture,dorinanowill
dead,dorinanowill
description,dorinanowill
door,dorinanowill
easter,dorinanowill
foundations,dorinanowill
friendship,dorinanowill
fruits,dorinanowill
garden,dorinanowill
germany,dorinanowill
girls,dorinanowill
he_lives_together,dorinanowill
headquarters,dorinanowill
hello,dorinanowill
history,dorinanowill
hospital,dorinanowill
legends,dorinanowill
luci,dorinanowill
machine,dorinanowill
maritime,dorinanowill
market,dorinanowill
memorial,dorinanowill
museum,dorinanowill
music,dorinanowill
neighborhood,dorinanowill
obstacle,dorinanowill
park,dorinanowill
paseo,dorinanowill
people,dorinanowill
perfumes,dorinanowill
piazza,dorinanowill
project,dorinanowill
scale,dorinanowill
sculptures,dorinanowill
shop,dorinanowill
sole,dorinanowill
sorocaba,dorinanowill
sport,dorinanowill
steps,dorinanowill
stop,dorinanowill
streets,dorinanowill
tactile,dorinanowill
temporary,dorinanowill
test,dorinanowill
theater,dorinanowill
tree,dorinanowill
turismo,dorinanowill
university,dorinanowill
vaporetto,dorinanowill
vision,dorinanowill
voices,dorinanowill
wall,dorinanowill
water,dorinanowill
wells,dorinanowill
words_and_more,dorinanowill
work,dorinanowill
._reference,drinking_fountain
33bienal,drinking_fountain
accessible,drinking_fountain
ambient_noise,drinking_fountain
art,drinking_fountain
audible_traffic_lights,drinking_fountain
bar,drinking_fountain
bells,drinking_fountain
bike,drinking_fountain
binary,drinking_fountain
blindwiki,drinking_fountain
bridges,drinking_fountain
calle_closed,drinking_fountain
car,drinking_fountain
carnevale,drinking_fountain
caution,drinking_fountain
crowded_environment,drinking_fountain
culture,drinking_fountain
dangerous,drinking_fountain
dead,drinking_fountain
description,drinking_fountain
door,drinking_fountain
easter,drinking_fountain
foundations,drinking_fountain
friendship,drinking_fountain
fruits,drinking_fountain
girls,drinking_fountain
he_lives_together,drinking_fountain
hello,drinking_fountain
history,drinking_fountain
hospital,drinking_fountain
lande,drinking_fountain
laramara,drinking_fountain
legends,drinking_fountain
luci,drinking_fountain
maritime,drinking_fountain
market,drinking_fountain
meeting,drinking_fountain
memorial,drinking_fountain
mislata,drinking_fountain
movement,drinking_fountain
museum,drinking_fountain
neighborhood,drinking_fountain
obstacle,drinking_fountain
odor,drinking_fountain
park,drinking_fountain
perfumes,drinking_fountain
piazza,drinking_fountain
project,drinking_fountain
rain,drinking_fountain
scale,drinking_fountain
sculpture,drinking_fountain
sculptures,drinking_fountain
sole,drinking_fountain
sorocaba,drinking_fountain
sport,drinking_fountain
steps,drinking_fountain
stop,drinking_fountain
streets,drinking_fountain
tactile,drinking_fountain
temporary,drinking_fountain
test,drinking_fountain
theater,drinking_fountain
touch,drinking_fountain
tranquillity,drinking_fountain
tree,drinking_fountain
vaporetto,drinking_fountain
venice,drinking_fountain
vento,drinking_fountain
vision,drinking_fountain
voices,drinking_fountain
wall,drinking_fountain
words_and_more,drinking_fountain
work,drinking_fountain
33bienal,drinking_water
accessible,drinking_water
ambient_noise,drinking_water
art,drinking_water
audible_traffic_lights,drinking_water
bar,drinking_water
bells,drinking_water
bike,drinking_water
binary,drinking_water
blindwiki,drinking_water
bridges,drinking_water
calle_closed,drinking_water
car,drinking_water
carnevale,drinking_water
caution,drinking_water
crowded_environment,drinking_water
dangerous,drinking_water
dead,drinking_water
description,drinking_water
door,drinking_water
easter,drinking_water
fish,drinking_water
foundations,drinking_water
friendship,drinking_water
garden,drinking_water
germany,drinking_water
girls,drinking_water
he_lives_together,drinking_water
headquarters,drinking_water
hello,drinking_water
hospital,drinking_water
iglesia,drinking_water
lande,drinking_water
laramara,drinking_water
luci,drinking_water
machine,drinking_water
maritime,drinking_water
market,drinking_water
memorial,drinking_water
movement,drinking_water
music,drinking_water
neighborhood,drinking_water
odor,drinking_water
park,drinking_water
paseo,drinking_water
perfumes,drinking_water
piazza,drinking_water
rain,drinking_water
restaurant,drinking_water
scale,drinking_water
sculpture,drinking_water
sensations,drinking_water
shop,drinking_water
sole,drinking_water
sport,drinking_water
stop,drinking_water
streets,drinking_water
tactile,drinking_water
temporary,drinking_water
theater,drinking_water
touch,drinking_water
tram,drinking_water
tranquillity,drinking_water
tree,drinking_water
university,drinking_water
vaporetto,drinking_water
venice,drinking_water
vento,drinking_water
vision,drinking_water
voices,drinking_water
wall,drinking_water
water,drinking_water
wells,drinking_water
work,drinking_water
33bienal,drum
accessible,drum
ambient_noise,drum
art,drum
audible_traffic_lights,drum
bells,drum
bike,drum
blindwiki,drum
bridges,drum
calle_closed,drum
car,drum
carnevale,drum
caution,drum
crowded_environment,drum
culture,drum
dangerous,drum
dead,drum
door,drum
easter,drum
fish,drum
foundations,drum
fruits,drum
garden,drum
germany,drum
girls,drum
he_lives_together,drum
headquarters,drum
hello,drum
hiking,drum
history,drum
hospital,drum
iglesia,drum
lande,drum
laramara,drum
legends,drum
library,drum
luci,drum
market,drum
meeting,drum
memorial,drum
movement,drum
music,drum
nature,drum
neighborhood,drum
night,drum
obstacle,drum
park,drum
paseo,drum
people,drum
perfumes,drum
piazza,drum
project,drum
sculptures,drum
shop,drum
sole,drum
sorocaba,drum
streets,drum
tactile,drum
test,drum
theater,drum
tram,drum
tranquillity,drum
tree,drum
university,drum
venice,drum
vento,drum
vision,drum
wall,drum
wells,drum
words_and_more,drum
work,drum
._reference,dwarfs
33bienal,dwarfs
accessible,dwarfs
ambient_noise,dwarfs
audible_traffic_lights,dwarfs
bells,dwarfs
binary,dwarfs
birds,dwarfs
calle_closed,dwarfs
carnevale,dwarfs
caution,dwarfs
crowded_environment,dwarfs
culture,dwarfs
dangerous,dwarfs
dead,dwarfs
door,dwarfs
easter,dwarfs
fish,dwarfs
foundations,dwarfs
friendship,dwarfs
germany,dwarfs
girls,dwarfs
he_lives_together,dwarfs
headquarters,dwarfs
history,dwarfs
iglesia,dwarfs
laramara,dwarfs
legends,dwarfs
library,dwarfs
maritime,dwarfs
memorial,dwarfs
mislata,dwarfs
movement,dwarfs
museum,dwarfs
music,dwarfs
nature,dwarfs
night,dwarfs
obstacle,dwarfs
odor,dwarfs
park,dwarfs
people,dwarfs
perfumes,dwarfs
piazza,dwarfs
project,dwarfs
rain,dwarfs
scale,dwarfs
sculpture,dwarfs
sculptures,dwarfs
shop,dwarfs
sport,dwarfs
steps,dwarfs
streets,dwarfs
test,dwarfs
theater,dwarfs
touch,dwarfs
tranquillity,dwarfs
tree,dwarfs
university,dwarfs
vaporetto,dwarfs
venice,dwarfs
vento,dwarfs
vision,dwarfs
voices,dwarfs
wall,dwarfs
water,dwarfs
work,dwarfs
._reference,earrings
33bienal,earrings
accessible,earrings
ambient_noise,earrings
art,earrings
bar,earrings
bells,earrings
bike,earrings
binary,earrings
birds,earrings
blindwiki,earrings
bridges,earrings
calle_closed,earrings
car,earrings
carnevale,earrings
caution,earrings
culture,earrings
dangerous,earrings
dead,earrings
door,earrings
fish,earrings
foundations,earrings
friendship,earrings
fruits,earrings
germany,earrings
he_lives_together,earrings
headquarters,earrings
hello,earrings
hiking,earrings
history,earrings
hospital,earrings
legends,earrings
library,earrings
luci,earrings
machine,earrings
market,earrings
meeting,earrings
mislata,earrings
movement,earrings
museum,earrings
music,earrings
nature,earrings
neighborhood,earrings
night,earrings
obstacle,earrings
park,earrings
paseo,earrings
people,earrings
perfumes,earrings
project,earrings
restaurant,earrings
scale,earrings
sculpture,earrings
sculptures,earrings
sensations,earrings
shop,earrings
sorocaba,earrings
sport,earrings
steps,earrings
stop,earrings
tactile,earrings
temporary,earrings
test,earrings
theater,earrings
touch,earrings
tranquillity,earrings
tree,earrings
turismo,earrings
university,earrings
vaporetto,earrings
vento,earrings
vision,earrings
voices,earrings
water,earrings
wells,earrings
words_and_more,earrings
._reference,eco
33bienal,eco
accessible,eco
ambient_noise,eco
art,eco
audible_traffic_lights,eco
bar,eco
bells,eco
bike,eco
binary,eco
birds,eco
blindwiki,eco
calle_closed,eco
car,eco
carnevale,eco
crowded_environment,eco
culture,eco
dangerous,eco
dead,eco
description,eco
door,eco
easter,eco
fish,eco
foundations,eco
friendship,eco
fruits,eco
garden,eco
germany,eco
girls,eco
he_lives_together,eco
hello,eco
history,eco
hospital,eco
iglesia,eco
legends,eco
luci,eco
machine,eco
maritime,eco
meeting,eco
mislata,eco
movement,eco
museum,eco
music,eco
nature,eco
neighborhood,eco
night,eco
obstacle,eco
park,eco
paseo,eco
people,eco
perfumes,eco
rain,eco
scale,eco
sculptures,eco
sensations,eco
shop,eco
sole,eco
sorocaba,eco
sport,eco
steps,eco
stop,eco
tactile,eco
temporary,eco
test,eco
touch,eco
tram,eco
tranquillity,eco
tree,eco
turismo,eco
university,eco
vaporetto,eco
venice,eco
vento,eco
vision,eco
voices,eco
wall,eco
water,eco
words_and_more,eco
work,eco
._reference,education
33bienal,education
accessible,education
ambient_noise,education
audible_traffic_lights,education
bar,education
bells,education
bike,education
binary,education
blindwiki,education
bridges,education
calle_closed,education
caution,education
crowded_environment,education
dangerous,education
dead,education
description,education
door,education
easter,education
fish,education
foundations,education
friendship,education
fruits,education
garden,education
girls,education
he_lives_together,education
hello,education
hiking,education
history,education
hospital,education
legends,education
library,education
luci,education
maritime,education
memorial,education
mislata,education
music,education
nature,education
neighborhood,education
night,education
obstacle,education
odor,education
paseo,education
perfumes,education
piazza,education
rain,education
scale,education
sculptures,education
shop,education
sole,education
sport,education
steps,education
stop,education
streets,education
tactile,education
test,education
theater,education
touch,education
tram,education
tranquillity,education
turismo,education
venice,education
vision,education
wall,education
water,education
wells,education
work,education
33bienal,empty
accessible,empty
ambient_noise,empty
art,empty
audible_traffic_lights,empty
bar,empty
bells,empty
bike,empty
binary,empty
birds,empty
blindwiki,empty
bridges,empty
calle_closed,empty
car,empty
caution,empty
crowded_environment,empty
culture,empty
dangerous,empty
dead,empty
description,empty
door,empty
easter,empty
fish,empty
friendship,empty
fruits,empty
garden,empty
germany,empty
he_lives_together,empty
hiking,empty
history,empty
hospital,empty
iglesia,empty
lande,empty
library,empty
luci,empty
machine,empty
maritime,empty
market,empty
mislata,empty
movement,empty
museum,empty
music,empty
neighborhood,empty
obstacle,empty
odor,empty
park,empty
paseo,empty
people,empty
perfumes,empty
piazza,empty
rain,empty
restaurant,empty
scale,empty
sculpture,empty
sculptures,empty
sensations,empty
sole,empty
sorocaba,empty
sport,empty
steps,empty
stop,empty
tactile,empty
temporary,empty
test,empty
touch,empty
tram,empty
tree,empty
university,empty
vaporetto,empty
vento,empty
vision,empty
voices,empty
wall,empty
water,empty
wells,empty
words_and_more,empty
work,empty
._reference,engine
33bienal,engine
accessible,engine
ambient_noise,engine
audible_traffic_lights,engine
bells,engine
binary,engine
blindwiki,engine
car,engine
caution,engine
crowded_environment,engine
dangerous,engine
dead,engine
description,engine
fish,engine
garden,engine
girls,engine
he_lives_together,engine
headquarters,engine
hello,engine
history,engine
hospital,engine
iglesia,engine
lande,engine
laramara,engine
legends,engine
library,engine
luci,engine
machine,engine
maritime,engine
market,engine
memorial,engine
movement,engine
museum,engine
music,engine
nature,engine
neighborhood,engine
night,engine
obstacle,engine
park,engine
people,engine
perfumes,engine
piazza,engine
project,engine
rain,engine
restaurant,engine
scale,engine
sculpture,engine
sculptures,engine
sensations,engine
sole,engine
steps,engine
stop,engine
streets,engine
tactile,engine
temporary,engine
test,engine
touch,engine
tree,engine
university,engine
vaporetto,engine
voices,engine
wells,engine
work,engine
._reference,entrance
33bienal,entrance
accessible,entrance
ambient_noise,entrance
art,entrance
audible_traffic_lights,entrance
bells,entrance
binary,entrance
birds,entrance
blindwiki,entrance
bridges,entrance
calle_closed,entrance
car,entrance
caution,entrance
culture,entrance
dangerous,entrance
dead,entrance
description,entrance
easter,entrance
fish,entrance
foundations,entrance
friendship,entrance
fruits,entrance
garden,entrance
germany,entrance
girls,entrance
headquarters,entrance
hello,entrance
hiking,entrance
history,entrance
iglesia,entrance
lande,entrance
laramara,entrance
library,entrance
luci,entrance
maritime,entrance
market,entrance
meeting,entrance
mislata,entrance
movement,entrance
nature,entrance
neighborhood,entrance
night,entrance
obstacle,entrance
odor,entrance
park,entrance
people,entrance
project,entrance
restaurant,entrance
sculpture,entrance
sculptures,entrance
sensations,entrance
shop,entrance
sorocaba,entrance
sport,entrance
steps,entrance
stop,entrance
streets,entrance
tactile,entrance
temporary,entrance
test,entrance
theater,entrance
touch,entrance
tram,entrance
tranquillity,entrance
tree,entrance
turismo,entrance
university,entrance
vaporetto,entrance
venice,entrance
vento,entrance
vision,entrance
voices,entrance
wall,entrance
water,entrance
words_and_more,entrance
work,entrance
._reference,environmental_description
33bienal,environmental_description
accessible,environmental_description
ambient_noise,environmental_description
art,environmental_description
audible_traffic_lights,environmental_description
bells,environmental_description
bike,environmental_description
binary,environmental_description
birds,environmental_description
blindwiki,environmental_description
bridges,environmental_description
calle_closed,environmental_description
caution,environmental_description
crowded_environment,environmental_description
culture,environmental_description
dangerous,environmental_description
dead,environmental_description
description,environmental_description
door,environmental_description
fish,environmental_description
foundations,environmental_description
friendship,environmental_description
fruits,environmental_description
garden,environmental_description
germany,environmental_description
girls,environmental_description
headquarters,environmental_description
hello,environmental_description
hiking,environmental_description
history,environmental_description
hospital,environmental_description
iglesia,environmental_description
lande,environmental_description
laramara,environmental_description
legends,environmental_description
library,environmental_description
luci,environmental_description
machine,environmental_description
maritime,environmental_description
meeting,environmental_description
memorial,environmental_description
movement,environmental_description
museum,environmental_description
nature,environmental_description
neighborhood,environmental_description
night,environmental_description
obstacle,environmental_description
odor,environmental_description
park,environmental_description
paseo,environmental_description
people,environmental_description
perfumes,environmental_description
piazza,environmental_description
project,environmental_description
rain,environmental_description
restaurant,environmental_description
scale,environmental_description
sculpture,environmental_description
sculptures,environmental_description
sensations,environmental_description
shop,environmental_description
sole,environmental_description
sorocaba,environmental_description
sport,environmental_description
steps,environmental_description
stop,environmental_description
streets,environmental_description
tactile,environmental_description
temporary,environmental_description
test,environmental_description
theater,environmental_description
tram,environmental_description
tranquillity,environmental_description
tree,environmental_description
turismo,environmental_description
university,environmental_description
vaporetto,environmental_description
venice,environmental_description
vision,environmental_description
voices,environmental_description
wall,environmental_description
water,environmental_description
wells,environmental_description
words_and_more,environmental_description
work,environmental_description
._reference,eodoviaria
33bienal,eodoviaria
accessible,eodoviaria
art,eodoviaria
audible_traffic_lights,eodoviaria
bar,eodoviaria
bells,eodoviaria
binary,eodoviaria
bridges,eodoviaria
calle_closed,eodoviaria
carnevale,eodoviaria
caution,eodoviaria
culture,eodoviaria
dangerous,eodoviaria
dead,eodoviaria
door,eodoviaria
easter,eodoviaria
fish,eodoviaria
foundations,eodoviaria
friendship,eodoviaria
garden,eodoviaria
germany,eodoviaria
girls,eodoviaria
he_lives_together,eodoviaria
headquarters,eodoviaria
hello,eodoviaria
history,eodoviaria
hospital,eodoviaria
iglesia,eodoviaria
lande,eodoviaria
legends,eodoviaria
library,eodoviaria
luci,eodoviaria
mislata,eodoviaria
movement,eodoviaria
music,eodoviaria
nature,eodoviaria
neighborhood,eodoviaria
night,eodoviaria
odor,eodoviaria
park,eodoviaria
people,eodoviaria
perfumes,eodoviaria
piazza,eodoviaria
project,eodoviaria
rain,eodoviaria
restaurant,eodoviaria
scale,eodoviaria
shop,eodoviaria
sole,eodoviaria
sorocaba,eodoviaria
sport,eodoviaria
stop,eodoviaria
streets,eodoviaria
temporary,eodoviaria
touch,eodoviaria
tranquillity,eodoviaria
tree,eodoviaria
turismo,eodoviaria
vaporetto,eodoviaria
vento,eodoviaria
voices,eodoviaria
wall,eodoviaria
water,eodoviaria
wells,eodoviaria
words_and_more,eodoviaria
._reference,exhibition
33bienal,exhibition
accessible,exhibition
ambient_noise,exhibition
audible_traffic_lights,exhibition
bar,exhibition
bells,exhibition
binary,exhibition
blindwiki,exhibition
calle_closed,exhibition
car,exhibition
caution,exhibition
crowded_environment,exhibition
culture,exhibition
dangerous,exhibition
description,exhibition
easter,exhibition
fish,exhibition
foundations,exhibition
friendship,exhibition
fruits,exhibition
garden,exhibition
girls,exhibition
he_lives_together,exhibition
headquarters,exhibition
lande,exhibition
laramara,exhibition
library,exhibition
luci,exhibition
machine,exhibition
maritime,exhibition
market,exhibition
memorial,exhibition
movement,exhibition
museum,exhibition
music,exhibition
nature,exhibition
neighborhood,exhibition
night,exhibition
obstacle,exhibition
odor,exhibition
park,exhibition
paseo,exhibition
people,exhibition
rain,exhibition
restaurant,exhibition
scale,exhibition
sculpture,exhibition
sculptures,exhibition
sensations,exhibition
shop,exhibition
sole,exhibition
sport,exhibition
steps,exhibition
stop,exhibition
streets,exhibition
tactile,exhibition
temporary,exhibition
test,exhibition
theater,exhibition
tranquillity,exhibition
tree,exhibition
vaporetto,exhibition
venice,exhibition
vision,exhibition
wall,exhibition
water,exhibition
wells,exhibition
words_and_more,exhibition
work,exhibition
._reference,exhibitions
accessible,exhibitions
ambient_noise,exhibitions
art,exhibitions
audible_traffic_lights,exhibitions
bar,exhibitions
bells,exhibitions
binary,exhibitions
birds,exhibitions
bridges,exhibitions
calle_closed,exhibitions
car,exhibitions
carnevale,exhibitions
caution,exhibitions
crowded_environment,exhibitions
culture,exhibitions
dangerous,exhibitions
dead,exhibitions
door,exhibitions
easter,exhibitions
fish,exhibitions
foundations,exhibitions
friendship,exhibitions
fruits,exhibitions
garden,exhibitions
germany,exhibitions
girls,exhibitions
headquarters,exhibitions
hello,exhibitions
hiking,exhibitions
history,exhibitions
hospital,exhibitions
iglesia,exhibitions
lande,exhibitions
laramara,exhibitions
legends,exhibitions
library,exhibitions
luci,exhibitions
machine,exhibitions
maritime,exhibitions
market,exhibitions
meeting,exhibitions
mislata,exhibitions
movement,exhibitions
museum,exhibitions
music,exhibitions
nature,exhibitions
neighborhood,exhibitions
night,exhibitions
obstacle,exhibitions
odor,exhibitions
park,exhibitions
paseo,exhibitions
people,exhibitions
perfumes,exhibitions
piazza,exhibitions
rain,exhibitions
restaurant,exhibitions
scale,exhibitions
sculpture,exhibitions
sculptures,exhibitions
shop,exhibitions
sole,exhibitions
sorocaba,exhibitions
sport,exhibitions
steps,exhibitions
stop,exhibitions
streets,exhibitions
tactile,exhibitions
temporary,exhibitions
test,exhibitions
theater,exhibitions
tram,exhibitions
tranquillity,exhibitions
tree,exhibitions
turismo,exhibitions
university,exhibitions
vaporetto,exhibitions
venice,exhibitions
vento,exhibitions
vision,exhibitions
voices,exhibitions
wall,exhibitions
water,exhibitions
wells,exhibitions
words_and_more,exhibitions
work,exhibitions
._reference,experience
33bienal,experience
accessible,experience
ambient_noise,experience
art,experience
audible_traffic_lights,experience
bar,experience
bells,experience
bike,experience
binary,experience
birds,experience
blindwiki,experience
bridges,experience
calle_closed,experience
car,experience
carnevale,experience
caution,experience
crowded_environment,experience
culture,experience
dangerous,experience
dead,experience
door,experience
easter,experience
fish,experience
foundations,experience
friendship,experience
fruits,experience
garden,experience
germany,experience
girls,experience
he_lives_together,experience
headquarters,experience
hello,experience
history,experience
hospital,experience
iglesia,experience
lande,experience
laramara,experience
library,experience
machine,experience
maritime,experience
market,experience
meeting,experience
memorial,experience
movement,experience
museum,experience
music,experience
nature,experience
neighborhood,experience
night,experience
obstacle,experience
odor,experience
park,experience
paseo,experience
perfumes,experience
project,experience
restaurant,experience
sculptures,experience
sensations,experience
shop,experience
sole,experience
sorocaba,experience
sport,experience
steps,experience
stop,experience
streets,experience
tactile,experience
temporary,experience
test,experience
theater,experience
touch,experience
tram,experience
tranquillity,experience
tree,experience
turismo,experience
university,experience
venice,experience
vision,experience
voices,experience
wall,experience
water,experience
words_and_more,experience
work,experience
._reference,family
33bienal,family
accessible,family
ambient_noise,family
art,family
audible_traffic_lights,family
bar,family
bells,family
bike,family
binary,family
birds,family
blindwiki,family
bridges,family
calle_closed,family
car,family
carnevale,family
caution,family
crowded_environment,family
culture,family
dangerous,family
dead,family
description,family
door,family
easter,family
foundations,family
fruits,family
garden,family
germany,family
girls,family
he_lives_together,family
headquarters,family
hello,family
hiking,family
hospital,family
lande,family
laramara,family
legends,family
library,family
luci,family
machine,family
maritime,family
market,family
meeting,family
memorial,family
mislata,family
museum,family
music,family
nature,family
neighborhood,family
night,family
obstacle,family
odor,family
park,family
paseo,family
people,family
piazza,family
project,family
rain,family
restaurant,family
scale,family
sculpture,family
sculptures,family
sensations,family
shop,family
sole,family
sorocaba,family
steps,family
streets,family
tactile,family
temporary,family
test,family
theater,family
touch,family
tram,family
tranquillity,family
tree,family
turismo,family
university,family
vaporetto,family
venice,family
vento,family
vision,family
voices,family
wall,family
water,family
wells,family
words_and_more,family
work,family
._reference,fauna
33bienal,fauna
accessible,fauna
ambient_noise,fauna
art,fauna
audible_traffic_lights,fauna
bar,fauna
bells,fauna
bike,fauna
binary,fauna
birds,fauna
blindwiki,fauna
bridges,fauna
calle_closed,fauna
car,fauna
carnevale,fauna
crowded_environment,fauna
dangerous,fauna
dead,fauna
description,fauna
door,fauna
easter,fauna
fish,fauna
fruits,fauna
garden,fauna
germany,fauna
girls,fauna
he_lives_together,fauna
hello,fauna
hiking,fauna
history,fauna
hospital,fauna
iglesia,fauna
laramara,fauna
legends,fauna
library,fauna
luci,fauna
machine,fauna
maritime,fauna
market,fauna
meeting,fauna
memorial,fauna
mislata,fauna
movement,fauna
museum,fauna
music,fauna
nature,fauna
neighborhood,fauna
night,fauna
obstacle,fauna
odor,fauna
park,fauna
paseo,fauna
people,fauna
perfumes,fauna
piazza,fauna
project,fauna
rain,fauna
restaurant,fauna
scale,fauna
sculpture,fauna
sculptures,fauna
sole,fauna
sorocaba,fauna
stop,fauna
streets,fauna
tactile,fauna
temporary,fauna
test,fauna
theater,fauna
touch,fauna
tram,fauna
tranquillity,fauna
tree,fauna
turismo,fauna
university,fauna
venice,fauna
vento,fauna
vision,fauna
wall,fauna
water,fauna
wells,fauna
words_and_more,fauna
work,fauna
accessible,fences
ambient_noise,fences
art,fences
audible_traffic_lights,fences
bar,fences
bells,fences
bike,fences
binary,fences
birds,fences
blindwiki,fences
bridges,fences
car,fences
carnevale,fences
crowded_environment,fences
culture,fences
dangerous,fences
dead,fences
description,fences
easter,fences
foundations,fences
friendship,fences
fruits,fences
garden,fences
germany,fences
girls,fences
he_lives_together,fences
headquarters,fences
hello,fences
hiking,fences
history,fences
iglesia,fences
lande,fences
laramara,fences
legends,fences
library,fences
luci,fences
machine,fences
maritime,fences
market,fences
meeting,fences
mislata,fences
movement,fences
museum,fences
music,fences
nature,fences
neighborhood,fences
night,fences
obstacle,fences
park,fences
project,fences
rain,fences
restaurant,fences
scale,fences
sculpture,fences
sculptures,fences
sensations,fences
shop,fences
sorocaba,fences
steps,fences
stop,fences
streets,fences
tactile,fences
temporary,fences
test,fences
theater,fences
touch,fences
tram,fences
tranquillity,fences
tree,fences
turismo,fences
university,fences
vaporetto,fences
vento,fences
vision,fences
voices,fences
wall,fences
water,fences
wells,fences
words_and_more,fences
._reference,fiesp
33bienal,fiesp
ambient_noise,fiesp
audible_traffic_lights,fiesp
bar,fiesp
bells,fiesp
binary,fiesp
birds,fiesp
blindwiki,fiesp
bridges,fiesp
car,fiesp
carnevale,fiesp
caution,fiesp
crowded_environment,fiesp
culture,fiesp
dangerous,fiesp
description,fiesp
door,fiesp
easter,fiesp
fish,fiesp
foundations,fiesp
friendship,fiesp
fruits,fiesp
garden,fiesp
germany,fiesp
girls,fiesp
headquarters,fiesp
hiking,fiesp
hospital,fiesp
iglesia,fiesp
lande,fiesp
legends,fiesp
luci,fiesp
machine,fiesp
maritime,fiesp
market,fiesp
meeting,fiesp
memorial,fiesp
mislata,fiesp
movement,fiesp
museum,fiesp
nature,fiesp
neighborhood,fiesp
night,fiesp
obstacle,fiesp
odor,fiesp
paseo,fiesp
people,fiesp
perfumes,fiesp
piazza,fiesp
project,fiesp
restaurant,fiesp
scale,fiesp
sculpture,fiesp
sculptures,fiesp
sensations,fiesp
shop,fiesp
sole,fiesp
sorocaba,fiesp
sport,fiesp
steps,fiesp
stop,fiesp
temporary,fiesp
test,fiesp
theater,fiesp
touch,fiesp
tranquillity,fiesp
tree,fiesp
turismo,fiesp
university,fiesp
vaporetto,fiesp
venice,fiesp
vento,fiesp
vision,fiesp
voices,fiesp
wall,fiesp
water,fiesp
wells,fiesp
words_and_more,fiesp
33bienal,first_tram
ambient_noise,first_tram
art,first_tram
bells,first_tram
binary,first_tram
blindwiki,first_tram
calle_closed,first_tram
car,first_tram
carnevale,first_tram
caution,first_tram
crowded_environment,first_tram
dangerous,first_tram
dead,first_tram
description,first_tram
door,first_tram
easter,first_tram
fish,first_tram
foundations,first_tram
friendship,first_tram
fruits,first_tram
garden,first_tram
germany,first_tram
girls,first_tram
he_lives_together,first_tram
headquarters,first_tram
hiking,first_tram
history,first_tram
hospital,first_tram
iglesia,first_tram
legends,first_tram
library,first_tram
luci,first_tram
machine,first_tram
maritime,first_tram
market,first_tram
meeting,first_tram
mislata,first_tram
movement,first_tram
museum,first_tram
nature,first_tram
obstacle,first_tram
odor,first_tram
park,first_tram
paseo,first_tram
people,first_tram
project,first_tram
rain,first_tram
restaurant,first_tram
scale,first_tram
sculptures,first_tram
sensations,first_tram
shop,first_tram
sole,first_tram
sorocaba,first_tram
sport,first_tram
steps,first_tram
stop,first_tram
tactile,first_tram
temporary,first_tram
test,first_tram
turismo,first_tram
university,first_tram
vaporetto,first_tram
vento,first_tram
voices,first_tram
wall,first_tram
water,first_tram
wells,first_tram
words_and_more,first_tram
work,first_tram
._reference,fish_market
33bienal,fish_market
accessible,fish_market
ambient_noise,fish_market
art,fish_market
audible_traffic_lights,fish_market
bar,fish_market
bells,fish_market
bike,fish_market
birds,fish_market
bridges,fish_market
calle_closed,fish_market
car,fish_market
caution,fish_market
crowded_environment,fish_market
culture,fish_market
dead,fish_market
description,fish_market
easter,fish_market
fish,fish_market
foundations,fish_market
friendship,fish_market
fruits,fish_market
girls,fish_market
he_lives_together,fish_market
headquarters,fish_market
hello,fish_market
hiking,fish_market
hospital,fish_market
iglesia,fish_market
lande,fish_market
laramara,fish_market
legends,fish_market
library,fish_market
luci,fish_market
machine,fish_market
maritime,fish_market
market,fish_market
meeting,fish_market
memorial,fish_market
mislata,fish_market
movement,fish_market
museum,fish_market
music,fish_market
neighborhood,fish_market
night,fish_market
obstacle,fish_market
odor,fish_market
park,fish_market
paseo,fish_market
perfumes,fish_market
project,fish_market
rain,fish_market
restaurant,fish_market
scale,fish_market
sculptures,fish_market
shop,fish_market
sorocaba,fish_market
sport,fish_market
steps,fish_market
stop,fish_market
streets,fish_market
tactile,fish_market
temporary,fish_market
test,fish_market
theater,fish_market
touch,fish_market
tram,fish_market
tranquillity,fish_market
tree,fish_market
turismo,fish_market
university,fish_market
vaporetto,fish_market
vento,fish_market
voices,fish_market
wall,fish_market
words_and_more,fish_market
work,fish_market
._reference,flavors
33bienal,flavors
accessible,flavors
ambient_noise,flavors
art,flavors
audible_traffic_lights,flavors
bar,flavors
bells,flavors
birds,flavors
blindwiki,flavors
bridges,flavors
calle_closed,flavors
car,flavors
carnevale,flavors
caution,flavors
crowded_environment,flavors
culture,flavors
dangerous,flavors
dead,flavors
description,flavors
door,flavors
easter,flavors
fish,flavors
friendship,flavors
fruits,flavors
garden,flavors
he_lives_together,flavors
headquarters,flavors
hello,flavors
history,flavors
iglesia,flavors
laramara,flavors
legends,flavors
library,flavors
machine,flavors
maritime,flavors
market,flavors
meeting,flavors
memorial,flavors
mislata,flavors
movement,flavors
museum,flavors
music,flavors
nature,flavors
neighborhood,flavors
night,flavors
obstacle,flavors
odor,flavors
paseo,flavors
people,flavors
perfumes,flavors
piazza,flavors
project,flavors
rain,flavors
scale,flavors
sculptures,flavors
sensations,flavors
shop,flavors
sole,flavors
sorocaba,flavors
steps,flavors
stop,flavors
streets,flavors
tactile,flavors
temporary,flavors
test,flavors
theater,flavors
touch,flavors
tram,flavors
tranquillity,flavors
turismo,flavors
university,flavors
vaporetto,flavors
venice,flavors
vento,flavors
vision,flavors
voices,flavors
wall,flavors
water,flavors
words_and_more,flavors
work,flavors
._reference,folklore_museum
33bienal,folklore_museum
accessible,folklore_museum
art,folklore_museum
audible_traffic_lights,folklore_museum
bar,folklore_museum
bells,folklore_museum
bike,folklore_museum
binary,folklore_museum
blindwiki,folklore_museum
bridges,folklore_museum
calle_closed,folklore_museum
car,folklore_museum
caution,folklore_museum
crowded_environment,folklore_museum
culture,folklore_museum
dangerous,folklore_museum
dead,folklore_museum
description,folklore_museum
foundations,folklore_museum
friendship,folklore_museum
fruits,folklore_museum
garden,folklore_museum
germany,folklore_museum
girls,folklore_museum
headquarters,folklore_museum
hiking,folklore_museum
history,folklore_museum
hospital,folklore_museum
iglesia,folklore_museum
lande,folklore_museum
laramara,folklore_museum
legends,folklore_museum
library,folklore_museum
machine,folklore_museum
maritime,folklore_museum
market,folklore_museum
memorial,folklore_museum
museum,folklore_museum
music,folklore_museum
nature,folklore_museum
neighborhood,folklore_museum
obstacle,folklore_museum
odor,folklore_museum
park,folklore_museum
paseo,folklore_museum
people,folklore_museum
perfumes,folklore_museum
rain,folklore_museum
restaurant,folklore_museum
scale,folklore_museum
sculpture,folklore_museum
sculptures,folklore_museum
sensations,folklore_museum
sole,folklore_museum
sorocaba,folklore_museum
sport,folklore_museum
stop,folklore_museum
streets,folklore_museum
temporary,folklore_museum
theater,folklore_museum
touch,folklore_museum
tranquillity,folklore_museum
tree,folklore_museum
turismo,folklore_museum
vento,folklore_museum
voices,folklore_museum
wall,folklore_museum
wells,folklore_museum
words_and_more,folklore_museum
work,folklore_museum
._reference,fontana
accessible,fontana
ambient_noise,fontana
art,fontana
audible_traffic_lights,fontana
bells,fontana
bike,fontana
binary,fontana
birds,fontana
blindwiki,fontana
bridges,fontana
calle_closed,fontana
car,fontana
carnevale,fontana
caution,fontana
crowded_environment,fontana
culture,fontana
dangerous,fontana
dead,fontana
description,fontana
door,fontana
fish,fontana
foundations,fontana
friendship,fontana
fruits,fontana
germany,fontana
girls,fontana
he_lives_together,fontana
headquarters,fontana
hello,fontana
hiking,fontana
history,fontana
hospital,fontana
iglesia,fontana
lande,fontana
laramara,fontana
legends,fontana
luci,fontana
machine,fontana
market,fontana
meeting,fontana
memorial,fontana
mislata,fontana
movement,fontana
museum,fontana
music,fontana
nature,fontana
night,fontana
obstacle,fontana
odor,fontana
park,fontana
people,fontana
perfumes,fontana
piazza,fontana
project,fontana
rain,fontana
restaurant,fontana
sculpture,fontana
sculptures,fontana
sensations,fontana
sole,fontana
sorocaba,fontana
sport,fontana
steps,fontana
stop,fontana
streets,fontana
tactile,fontana
temporary,fontana
test,fontana
theater,fontana
touch,fontana
tram,fontana
tranquillity,fontana
tree,fontana
turismo,fontana
university,fontana
vaporetto,fontana
venice,fontana
vento,fontana
vision,fontana
voices,fontana
wall,fontana
water,fontana
wells,fontana
words_and_more,fontana
work,fontana
._reference,food
accessible,food
ambient_noise,food
audible_traffic_lights,food
bar,food
bells,food
bike,food
binary,food
birds,food
blindwiki,food
calle_closed,food
car,food
caution,food
crowded_environment,food
culture,food
dangerous,food
dead,food
description,food
easter,food
fish,food
foundations,food
fruits,food
garden,food
he_lives_together,food
headquarters,food
hello,food
history,food
hospital,food
lande,food
legends,food
library,food
luci,food
machine,food
maritime,food
market,food
meeting,food
mislata,food
movement,food
music,food
neighborhood,food
night,food
obstacle,food
odor,food
park,food
paseo,food
people,food
project,food
rain,food
scale,food
sculpture,food
sculptures,food
sole,food
sorocaba,food
steps,food
streets,food
tactile,food
temporary,food
test,food
theater,food
tram,food
tranquillity,food
tree,food
turismo,food
university,food
vaporetto,food
venice,food
vento,food
vision,food
voices,food
water,food
work,food
._reference,food_area
accessible,food_area
ambient_noise,food_area
art,food_area
audible_traffic_lights,food_area
bells,food_area
bike,food_area
binary,food_area
blindwiki,food_area
bridges,food_area
calle_closed,food_area
carnevale,food_area
caution,food_area
dead,food_area
description,food_area
easter,food_area
fruits,food_area
germany,food_area
he_lives_together,food_area
headquarters,food_area
hello,food_area
history,food_area
lande,food_area
legends,food_area
library,food_area
machine,food_area
maritime,food_area
market,food_area
meeting,food_area
memorial,food_area
mislata,food_area
music,food_area
neighborhood,food_area
obstacle,food_area
odor,food_area
park,food_area
paseo,food_area
people,food_area
perfumes,food_area
piazza,food_area
rain,food_area
restaurant,food_area
scale,food_area
sculpture,food_area
sensations,food_area
sole,food_area
sorocaba,food_area
sport,food_area
steps,food_area
stop,food_area
tactile,food_area
temporary,food_area
theater,food_area
tram,food_area
tranquillity,food_area
tree,food_area
turismo,food_area
university,food_area
vaporetto,food_area
vento,food_area
vision,food_area
voices,food_area
wall,food_area
water,food_area
wells,food_area
words_and_more,food_area
work,food_area
._reference,football
33bienal,football
accessible,football
ambient_noise,football
art,football
bar,football
bells,football
bike,football
binary,football
birds,football
blindwiki,football
bridges,football
calle_closed,football
car,football
carnevale,football
crowded_environment,football
culture,football
dangerous,football
dead,football
easter,football
fish,football
foundations,football
friendship,football
fruits,football
garden,football
germany,football
girls,football
he_lives_together,football
headquarters,football
hiking,football
history,football
hospital,football
lande,football
laramara,football
legends,football
library,football
luci,football
machine,football
maritime,football
market,football
memorial,football
mislata,football
museum,football
music,football
nature,football
night,football
obstacle,football
odor,football
park,football
paseo,football
people,football
perfumes,football
piazza,football
project,football
rain,football
restaurant,football
scale,football
sculpture,football
sculptures,football
sensations,football
shop,football
sole,football
sorocaba,football
sport,football
streets,football
tactile,football
temporary,football
test,football
theater,football
touch,football
tram,football
tranquillity,football
turismo,football
university,football
venice,football
vento,football
vision,football
voices,football
wall,football
water,football
words_and_more,football
work,football
._reference,forest
33bienal,forest
accessible,forest
ambient_noise,forest
art,forest
audible_traffic_lights,forest
bar,forest
bells,forest
bike,forest
binary,forest
birds,forest
blindwiki,forest
bridges,forest
calle_closed,forest
car,forest
carnevale,forest
caution,forest
crowded_environment,forest
dangerous,forest
dead,forest
door,forest
easter,forest
fish,forest
foundations,forest
friendship,forest
fruits,forest
garden,forest
germany,forest
girls,forest
he_lives_together,forest
headquarters,forest
hello,forest
hiking,forest
history,forest
hospital,forest
iglesia,forest
lande,forest
laramara,forest
legends,forest
library,forest
luci,forest
machine,forest
market,forest
meeting,forest
memorial,forest
movement,forest
museum,forest
music,forest
nature,forest
night,forest
obstacle,forest
odor,forest
park,forest
paseo,forest
people,forest
perfumes,forest
piazza,forest
project,forest
rain,forest
scale,forest
sculpture,forest
sensations,forest
sole,forest
sorocaba,forest
sport,forest
steps,forest
stop,forest
streets,forest
tactile,forest
temporary,forest
test,forest
touch,forest
tram,forest
tranquillity,forest
tree,forest
turismo,forest
university,forest
vaporetto,forest
venice,forest
vento,forest
vision,forest
voices,forest
wall,forest
water,forest
wells,forest
words_and_more,forest
work,forest
._reference,fortune
33bienal,fortune
accessible,fortune
ambient_noise,fortune
art,fortune
bar,fortune
bells,fortune
bike,fortune
binary,fortune
birds,fortune
bridges,fortune
calle_closed,fortune
carnevale,fortune
caution,fortune
crowded_environment,fortune
culture,fortune
dangerous,fortune
dead,fortune
easter,fortune
fish,fortune
foundations,fortune
friendship,fortune
fruits,fortune
garden,fortune
girls,fortune
he_lives_together,fortune
headquarters,fortune
hello,fortune
hiking,fortune
history,fortune
iglesia,fortune
laramara,fortune
library,fortune
luci,fortune
machine,fortune
maritime,fortune
market,fortune
meeting,fortune
memorial,fortune
mislata,fortune
movement,fortune
museum,fortune
music,fortune
nature,fortune
neighborhood,fortune
night,fortune
obstacle,fortune
odor,fortune
paseo,fortune
people,fortune
perfumes,fortune
project,fortune
restaurant,fortune
scale,fortune
sensations,fortune
shop,fortune
sole,fortune
sport,fortune
steps,fortune
stop,fortune
streets,fortune
tactile,fortune
temporary,fortune
theater,fortune
touch,fortune
tranquillity,fortune
tree,fortune
vaporetto,fortune
venice,fortune
vision,fortune
voices,fortune
water,fortune
wells,fortune
work,fortune
._reference,frari
33bienal,frari
accessible,frari
ambient_noise,frari
audible_traffic_lights,frari
bar,frari
binary,frari
birds,frari
blindwiki,frari
bridges,frari
calle_closed,frari
car,frari
carnevale,frari
caution,frari
culture,frari
dangerous,frari
description,frari
door,frari
fish,frari
foundations,frari
friendship,frari
germany,frari
headquarters,frari
hello,frari
history,frari
iglesia,frari
lande,frari
laramara,frari
legends,frari
library,frari
luci,frari
machine,frari
market,frari
meeting,frari
memorial,frari
mislata,frari
movement,frari
museum,frari
music,frari
nature,frari
neighborhood,frari
night,frari
obstacle,frari
park,frari
paseo,frari
people,frari
project,frari
rain,frari
scale,frari
sculpture,frari
sculptures,frari
sensations,frari
shop,frari
sorocaba,frari
sport,frari
steps,frari
stop,frari
streets,frari
tactile,frari
temporary,frari
test,frari
theater,frari
touch,frari
tranquillity,frari
tree,frari
university,frari
vaporetto,frari
venice,frari
vento,frari
voices,frari
wall,frari
wells,frari
words_and_more,frari
33bienal,free_market
accessible,free_market
ambient_noise,free_market
art,free_market
audible_traffic_lights,free_market
bar,free_market
bells,free_market
binary,free_market
birds,free_market
blindwiki,free_market
calle_closed,free_market
car,free_market
carnevale,free_market
caution,free_market
crowded_environment,free_market
culture,free_market
dangerous,free_market
dead,free_market
description,free_market
easter,free_market
foundations,free_market
friendship,free_market
fruits,free_market
girls,free_market
he_lives_together,free_market
hello,free_market
hiking,free_market
history,free_market
hospital,free_market
iglesia,free_market
lande,free_market
laramara,free_market
legends,free_market
library,free_market
luci,free_market
machine,free_market
maritime,free_market
market,free_market
meeting,free_market
memorial,free_market
mislata,free_market
movement,free_market
nature,free_market
neighborhood,free_market
night,free_market
obstacle,free_market
odor,free_market
park,free_market
paseo,free_market
people,free_market
perfumes,free_market
piazza,free_market
project,free_market
restaurant,free_market
scale,free_market
sculpture,free_market
sculptures,free_market
sensations,free_market
shop,free_market
sole,free_market
sorocaba,free_market
steps,free_market
stop,free_market
streets,free_market
tactile,free_market
temporary,free_market
test,free_market
theater,free_market
touch,free_market
tram,free_market
tree,free_market
turismo,free_market
vaporetto,free_market
venice,free_market
voices,free_market
wall,free_market
wells,free_market
work,free_market
accessible,french_cottage
ambient_noise,french_cottage
audible_traffic_lights,french_cottage
bar,french_cottage
bells,french_cottage
bike,french_cottage
binary,french_cottage
birds,french_cottage
blindwiki,french_cottage
bridges,french_cottage
calle_closed,french_cottage
carnevale,french_cottage
caution,french_cottage
crowded_environment,french_cottage
dangerous,french_cottage
description,french_cottage
door,french_cottage
easter,french_cottage
fish,french_cottage
germany,french_cottage
girls,french_cottage
he_lives_together,french_cottage
headquarters,french_cottage
hello,french_cottage
hiking,french_cottage
history,french_cottage
hospital,french_cottage
iglesia,french_cottage
legends,french_cottage
library,french_cottage
luci,french_cottage
maritime,french_cottage
market,french_cottage
meeting,french_cottage
memorial,french_cottage
mislata,french_cottage
museum,french_cottage
music,french_cottage
nature,french_cottage
night,french_cottage
obstacle,french_cottage
odor,french_cottage
park,french_cottage
paseo,french_cottage
people,french_cottage
perfumes,french_cottage
piazza,french_cottage
project,french_cottage
rain,french_cottage
restaurant,french_cottage
scale,french_cottage
sculpture,french_cottage
sculptures,french_cottage
sensations,french_cottage
shop,french_cottage
sole,french_cottage
sport,french_cottage
steps,french_cottage
stop,french_cottage
tactile,french_cottage
temporary,french_cottage
tram,french_cottage
tranquillity,french_cottage
tree,french_cottage
university,french_cottage
vaporetto,french_cottage
venice,french_cottage
vento,french_cottage
vision,french_cottage
voices,french_cottage
wall,french_cottage
water,french_cottage
wells,french_cottage
words_and_more,french_cottage
accessible,friends
art,friends
audible_traffic_lights,friends
bells,friends
binary,friends
birds,friends
blindwiki,friends
bridges,friends
car,friends
carnevale,friends
caution,friends
culture,friends
dangerous,friends
dead,friends
description,friends
door,friends
easter,friends
fish,friends
foundations,friends
friendship,friends
fruits,friends
garden,friends
germany,friends
he_lives_together,friends
headquarters,friends
history,friends
iglesia,friends
laramara,friends
legends,friends
library,friends
luci,friends
machine,friends
maritime,friends
market,friends
meeting,friends
memorial,friends
mislata,friends
museum,friends
music,friends
nature,friends
neighborhood,friends
night,friends
obstacle,friends
odor,friends
people,friends
perfumes,friends
piazza,friends
project,friends
rain,friends
restaurant,friends
scale,friends
sculpture,friends
sculptures,friends
sensations,friends
shop,friends
sole,friends
sorocaba,friends
sport,friends
steps,friends
tactile,friends
temporary,friends
theater,friends
touch,friends
tram,friends
tranquillity,friends
tree,friends
turismo,friends
university,friends
vaporetto,friends
venice,friends
vento,friends
vision,friends
voices,friends
wall,friends
water,friends
wells,friends
words_and_more,friends
work,friends
._reference,fruit_boxes
accessible,fruit_boxes
art,fruit_boxes
bar,fruit_boxes
bells,fruit_boxes
binary,fruit_boxes
birds,fruit_boxes
blindwiki,fruit_boxes
calle_closed,fruit_boxes
car,fruit_boxes
caution,fruit_boxes
culture,fruit_boxes
dangerous,fruit_boxes
description,fruit_boxes
easter,fruit_boxes
fish,fruit_boxes
foundations,fruit_boxes
fruits,fruit_boxes
garden,fruit_boxes
germany,fruit_boxes
girls,fruit_boxes
he_lives_together,fruit_boxes
headquarters,fruit_boxes
hello,fruit_boxes
hiking,fruit_boxes
history,fruit_boxes
hospital,fruit_boxes
lande,fruit_boxes
laramara,fruit_boxes
legends,fruit_boxes
library,fruit_boxes
luci,fruit_boxes
maritime,fruit_boxes
market,fruit_boxes
meeting,fruit_boxes
memorial,fruit_boxes
music,fruit_boxes
neighborhood,fruit_boxes
night,fruit_boxes
obstacle,fruit_boxes
odor,fruit_boxes
park,fruit_boxes
paseo,fruit_boxes
piazza,fruit_boxes
rain,fruit_boxes
restaurant,fruit_boxes
scale,fruit_boxes
sculptures,fruit_boxes
sensations,fruit_boxes
sole,fruit_boxes
sorocaba,fruit_boxes
sport,fruit_boxes
stop,fruit_boxes
tactile,fruit_boxes
temporary,fruit_boxes
touch,fruit_boxes
tree,fruit_boxes
university,fruit_boxes
vaporetto,fruit_boxes
venice,fruit_boxes
vento,fruit_boxes
voices,fruit_boxes
wall,fruit_boxes
wells,fruit_boxes
words_and_more,fruit_boxes
._reference,fun
33bienal,fun
accessible,fun
ambient_noise,fun
art,fun
audible_traffic_lights,fun
bar,fun
bells,fun
bike,fun
binary,fun
birds,fun
blindwiki,fun
bridges,fun
calle_closed,fun
car,fun
crowded_environment,fun
culture,fun
dead,fun
description,fun
door,fun
easter,fun
fish,fun
foundations,fun
friendship,fun
fruits,fun
garden,fun
germany,fun
girls,fun
he_lives_together,fun
headquarters,fun
hiking,fun
history,fun
hospital,fun
iglesia,fun
lande,fun
library,fun
luci,fun
machine,fun
maritime,fun
market,fun
meeting,fun
memorial,fun
mislata,fun
movement,fun
music,fun
nature,fun
neighborhood,fun
night,fun
odor,fun
park,fun
paseo,fun
people,fun
perfumes,fun
piazza,fun
project,fun
rain,fun
restaurant,fun
scale,fun
sculpture,fun
sensations,fun
shop,fun
sole,fun
sorocaba,fun
steps,fun
stop,fun
streets,fun
tactile,fun
test,fun
theater,fun
touch,fun
tram,fun
tranquillity,fun
tree,fun
turismo,fun
university,fun
venice,fun
vento,fun
vision,fun
voices,fun
wall,fun
wells,fun
words_and_more,fun
work,fun
._reference,furniture
33bienal,furniture
accessible,furniture
ambient_noise,furniture
art,furniture
audible_traffic_lights,furniture
bar,furniture
bells,furniture
bike,furniture
binary,furniture
birds,furniture
blindwiki,furniture
calle_closed,furniture
car,furniture
carnevale,furniture
crowded_environment,furniture
culture,furniture
dangerous,furniture
dead,furniture
description,furniture
door,furniture
easter,furniture
fish,furniture
friendship,furniture
fruits,furniture
garden,furniture
he_lives_together,furniture
headquarters,furniture
hello,furniture
hiking,furniture
history,furniture
hospital,furniture
iglesia,furniture
lande,furniture
laramara,furniture
legends,furniture
library,furniture
luci,furniture
machine,furniture
market,furniture
meeting,furniture
mislata,furniture
movement,furniture
museum,furniture
music,furniture
nature,furniture
neighborhood,furniture
night,furniture
obstacle,furniture
park,furniture
people,furniture
perfumes,furniture
piazza,furniture
project,furniture
rain,furniture
scale,furniture
sculpture,furniture
sculptures,furniture
sensations,furniture
sport,furniture
steps,furniture
stop,furniture
streets,furniture
tactile,furniture
temporary,furniture
test,furniture
theater,furniture
touch,furniture
tranquillity,furniture
tree,furniture
turismo,furniture
university,furniture
vento,furniture
vision,furniture
voices,furniture
wall,furniture
water,furniture
wells,furniture
words_and_more,furniture
work,furniture
._reference,galway
33bienal,galway
audible_traffic_lights,galway
bike,galway
binary,galway
bridges,galway
calle_closed,galway
car,galway
crowded_environment,galway
culture,galway
dangerous,galway
dead,galway
description,galway
door,galway
easter,galway
foundations,galway
friendship,galway
fruits,galway
garden,galway
germany,galway
he_lives_together,galway
headquarters,galway
history,galway
hospital,galway
laramara,galway
legends,galway
library,galway
luci,galway
maritime,galway
meeting,galway
memorial,galway
movement,galway
music,galway
nature,galway
night,galway
obstacle,galway
odor,galway
paseo,galway
people,galway
perfumes,galway
project,galway
rain,galway
restaurant,galway
scale,galway
sculptures,galway
sensations,galway
shop,galway
sorocaba,galway
sport,galway
steps,galway
stop,galway
temporary,galway
test,galway
theater,galway
touch,galway
tram,galway
tranquillity,galway
tree,galway
turismo,galway
vento,galway
vision,galway
voices,galway
wall,galway
water,galway
wells,galway
work,galway
33bienal,games
accessible,games
ambient_noise,games
art,games
bar,games
bells,games
bike,games
birds,games
blindwiki,games
bridges,games
calle_closed,games
car,games
carnevale,games
caution,games
crowded_environment,games
culture,games
dangerous,games
dead,games
description,games
door,games
easter,games
foundations,games
friendship,games
fruits,games
garden,games
girls,games
he_lives_together,games
headquarters,games
hello,games
hiking,games
hospital,games
iglesia,games
lande,games
legends,games
library,games
luci,games
machine,games
maritime,games
market,games
meeting,games
memorial,games
movement,games
museum,games
nature,games
neighborhood,games
night,games
obstacle,games
odor,games
park,games
paseo,games
people,games
perfumes,games
piazza,games
project,games
rain,games
restaurant,games
sculpture,games
sculptures,games
sensations,games
shop,games
sole,games
steps,games
stop,games
streets,games
tactile,games
temporary,games
test,games
theater,games
touch,games
tram,games
tranquillity,games
tree,games
turismo,games
university,games
vaporetto,games
venice,games
vento,games
vision,games
voices,games
wall,games
water,games
wells,games
words_and_more,games
work,games
._reference,gastronomy
33bienal,gastronomy
ambient_noise,gastronomy
art,gastronomy
audible_traffic_lights,gastronomy
bells,gastronomy
binary,gastronomy
birds,gastronomy
blindwiki,gastronomy
bridges,gastronomy
calle_closed,gastronomy
car,gastronomy
carnevale,gastronomy
caution,gastronomy
crowded_environment,gastronomy
culture,gastronomy
dangerous,gastronomy
dead,gastronomy
description,gastronomy
friendship,gastronomy
fruits,gastronomy
garden,gastronomy
germany,gastronomy
he_lives_together,gastronomy
headquarters,gastronomy
hello,gastronomy
hiking,gastronomy
hospital,gastronomy
iglesia,gastronomy
lande,gastronomy
laramara,gastronomy
legends,gastronomy
library,gastronomy
luci,gastronomy
machine,gastronomy
maritime,gastronomy
memorial,gastronomy
mislata,gastronomy
museum,gastronomy
music,gastronomy
nature,gastronomy
night,gastronomy
obstacle,gastronomy
odor,gastronomy
people,gastronomy
perfumes,gastronomy
piazza,gastronomy
rain,gastronomy
scale,gastronomy
sculpture,gastronomy
sensations,gastronomy
sole,gastronomy
sorocaba,gastronomy
sport,gastronomy
steps,gastronomy
stop,gastronomy
streets,gastronomy
tactile,gastronomy
temporary,gastronomy
test,gastronomy
theater,gastronomy
touch,gastronomy
tranquillity,gastronomy
tree,gastronomy
turismo,gastronomy
university,gastronomy
vaporetto,gastronomy
vento,gastronomy
vision,gastronomy
wall,gastronomy
water,gastronomy
wells,gastronomy
words_and_more,gastronomy
work,gastronomy
._reference,gcm
33bienal,gcm
accessible,gcm
ambient_noise,gcm
art,gcm
audible_traffic_lights,gcm
bar,gcm
bells,gcm
binary,gcm
birds,gcm
bridges,gcm
calle_closed,gcm
car,gcm
caution,gcm
crowded_environment,gcm
culture,gcm
dangerous,gcm
dead,gcm
description,gcm
fish,gcm
foundations,gcm
friendship,gcm
fruits,gcm
germany,gcm
girls,gcm
he_lives_together,gcm
headquarters,gcm
hiking,gcm
history,gcm
hospital,gcm
lande,gcm
legends,gcm
library,gcm
machine,gcm
market,gcm
meeting,gcm
mislata,gcm
movement,gcm
neighborhood,gcm
night,gcm
obstacle,gcm
odor,gcm
park,gcm
paseo,gcm
people,gcm
perfumes,gcm
piazza,gcm
project,gcm
rain,gcm
restaurant,gcm
scale,gcm
sculpture,gcm
sensations,gcm
sole,gcm
sorocaba,gcm
sport,gcm
streets,gcm
tactile,gcm
temporary,gcm
test,gcm
tram,gcm
tranquillity,gcm
tree,gcm
turismo,gcm
university,gcm
vaporetto,gcm
vento,gcm
vision,gcm
voices,gcm
wall,gcm
water,gcm
words_and_more,gcm
work,gcm
._reference,generic_info
33bienal,generic_info
accessible,generic_info
ambient_noise,generic_info
art,generic_info
audible_traffic_lights,generic_info
bar,generic_info
bells,generic_info
bike,generic_info
birds,generic_info
bridges,generic_info
calle_closed,generic_info
car,generic_info
carnevale,generic_info
caution,generic_info
culture,generic_info
dangerous,generic_info
dead,generic_info
door,generic_info
fish,generic_info
foundations,generic_info
garden,generic_info
girls,generic_info
he_lives_together,generic_info
headquarters,generic_info
hiking,generic_info
history,generic_info
hospital,generic_info
iglesia,generic_info
lande,generic_info
legends,generic_info
library,generic_info
luci,generic_info
maritime,generic_info
market,generic_info
memorial,generic_info
mislata,generic_info
museum,generic_info
music,generic_info
neighborhood,generic_info
night,generic_info
obstacle,generic_info
park,generic_info
people,generic_info
perfumes,generic_info
piazza,generic_info
rain,generic_info
restaurant,generic_info
scale,generic_info
sculpture,generic_info
sculptures,generic_info
sensations,generic_info
shop,generic_info
sole,generic_info
sport,generic_info
streets,generic_info
tactile,generic_info
temporary,generic_info
test,generic_info
touch,generic_info
tram,generic_info
tranquillity,generic_info
tree,generic_info
turismo,generic_info
university,generic_info
vaporetto,generic_info
venice,generic_info
vento,generic_info
vision,generic_info
voices,generic_info
wall,generic_info
water,generic_info
wells,generic_info
words_and_more,generic_info
work,generic_info
._reference,german_warehouse
accessible,german_warehouse
art,german_warehouse
bar,german_warehouse
bells,german_warehouse
bike,german_warehouse
binary,german_warehouse
birds,german_warehouse
blindwiki,german_warehouse
car,german_warehouse
carnevale,german_warehouse
caution,german_warehouse
crowded_environment,german_warehouse
culture,german_warehouse
dangerous,german_warehouse
description,german_warehouse
door,german_warehouse
easter,german_warehouse
foundations,german_warehouse
friendship,german_warehouse
fruits,german_warehouse
germany,german_warehouse
girls,german_warehouse
he_lives_together,german_warehouse
headquarters,german_warehouse
hello,german_warehouse
hiking,german_warehouse
history,german_warehouse
hospital,german_warehouse
iglesia,german_warehouse
lande,german_warehouse
laramara,german_warehouse
library,german_warehouse
luci,german_warehouse
machine,german_warehouse
maritime,german_warehouse
market,german_warehouse
meeting,german_warehouse
memorial,german_warehouse
mislata,german_warehouse
movement,german_warehouse
museum,german_warehouse
music,german_warehouse
nature,german_warehouse
obstacle,german_warehouse
park,german_warehouse
paseo,german_warehouse
people,german_warehouse
perfumes,german_warehouse
piazza,german_warehouse
project,german_warehouse
restaurant,german_warehouse
scale,german_warehouse
sensations,german_warehouse
shop,german_warehouse
sole,german_warehouse
sorocaba,german_warehouse
sport,german_warehouse
steps,german_warehouse
stop,german_warehouse
tactile,german_warehouse
temporary,german_warehouse
theater,german_warehouse
touch,german_warehouse
tram,german_warehouse
tranquillity,german_warehouse
tree,german_warehouse
turismo,german_warehouse
university,german_warehouse
vaporetto,german_warehouse
vision,german_warehouse
voices,german_warehouse
wall,german_warehouse
water,german_warehouse
wells,german_warehouse
words_and_more,german_warehouse
work,german_warehouse
._reference,ghetto
accessible,ghetto
art,ghetto
audible_traffic_lights,ghetto
bar,ghetto
bells,ghetto
bike,ghetto
binary,ghetto
birds,ghetto
blindwiki,ghetto
bridges,ghetto
calle_closed,ghetto
carnevale,ghetto
caution,ghetto
crowded_environment,ghetto
culture,ghetto
dangerous,ghetto
dead,ghetto
description,ghetto
door,ghetto
easter,ghetto
fish,ghetto
foundations,ghetto
friendship,ghetto
fruits,ghetto
garden,ghetto
germany,ghetto
girls,ghetto
he_lives_together,ghetto
headquarters,ghetto
hello,ghetto
history,ghetto
laramara,ghetto
legends,ghetto
machine,ghetto
movement,ghetto
museum,ghetto
music,ghetto
nature,ghetto
neighborhood,ghetto
night,ghetto
obstacle,ghetto
odor,ghetto
park,ghetto
paseo,ghetto
people,ghetto
perfumes,ghetto
piazza,ghetto
rain,ghetto
restaurant,ghetto
scale,ghetto
sculpture,ghetto
sculptures,ghetto
sensations,ghetto
shop,ghetto
sole,ghetto
sorocaba,ghetto
sport,ghetto
tactile,ghetto
temporary,ghetto
theater,ghetto
tranquillity,ghetto
tree,ghetto
turismo,ghetto
university,ghetto
vento,ghetto
vision,ghetto
wall,ghetto
water,ghetto
wells,ghetto
work,ghetto
accessible,giudecca
ambient_noise,giudecca
art,giudecca
bells,giudecca
bike,giudecca
binary,giudecca
blindwiki,giudecca
bridges,giudecca
calle_closed,giudecca
car,giudecca
carnevale,giudecca
caution,giudecca
crowded_environment,giudecca
culture,giudecca
dangerous,giudecca
dead,giudecca
description,giudecca
door,giudecca
foundations,giudecca
friendship,giudecca
fruits,giudecca
garden,giudecca
germany,giudecca
girls,giudecca
he_lives_together,giudecca
hello,giudecca
hiking,giudecca
lande,giudecca
laramara,giudecca
legends,giudecca
library,giudecca
luci,giudecca
maritime,giudecca
market,giudecca
meeting,giudecca
memorial,giudecca
mislata,giudecca
movement,giudecca
museum,giudecca
music,giudecca
nature,giudecca
neighborhood,giudecca
night,giudecca
park,giudecca
paseo,giudecca
people,giudecca
perfumes,giudecca
piazza,giudecca
rain,giudecca
restaurant,giudecca
scale,giudecca
sculpture,giudecca
sensations,giudecca
sorocaba,giudecca
sport,giudecca
steps,giudecca
stop,giudecca
streets,giudecca
tactile,giudecca
temporary,giudecca
test,giudecca
touch,giudecca
tranquillity,giudecca
tree,giudecca
turismo,giudecca
university,giudecca
vaporetto,giudecca
venice,giudecca
vento,giudecca
voices,giudecca
wall,giudecca
water,giudecca
words_and_more,giudecca
._reference,gondola
33bienal,gondola
accessible,gondola
ambient_noise,gondola
audible_traffic_lights,gondola
bells,gondola
bike,gondola
binary,gondola
birds,gondola
blindwiki,gondola
calle_closed,gondola
carnevale,gondola
caution,gondola
culture,gondola
dangerous,gondola
dead,gondola
description,gondola
easter,gondola
fish,gondola
foundations,gondola
fruits,gondola
garden,gondola
he_lives_together,gondola
headquarters,gondola
hello,gondola
hiking,gondola
hospital,gondola
iglesia,gondola
lande,gondola
legends,gondola
library,gondola
luci,gondola
machine,gondola
maritime,gondola
market,gondola
meeting,gondola
memorial,gondola
mislata,gondola
museum,gondola
music,gondola
nature,gondola
neighborhood,gondola
night,gondola
odor,gondola
paseo,gondola
perfumes,gondola
piazza,gondola
project,gondola
rain,gondola
restaurant,gondola
scale,gondola
sculpture,gondola
sensations,gondola
sole,gondola
sorocaba,gondola
sport,gondola
stop,gondola
streets,gondola
temporary,gondola
theater,gondola
touch,gondola
tram,gondola
tree,gondola
turismo,gondola
university,gondola
vento,gondola
vision,gondola
voices,gondola
wall,gondola
water,gondola
words_and_more,gondola
._reference,good_cafe
accessible,good_cafe
ambient_noise,good_cafe
art,good_cafe
bar,good_cafe
bells,good_cafe
bike,good_cafe
binary,good_cafe
birds,good_cafe
bridges,good_cafe
calle_closed,good_cafe
car,good_cafe
caution,good_cafe
crowded_environment,good_cafe
culture,good_cafe
dangerous,good_cafe
description,good_cafe
door,good_cafe
easter,good_cafe
fish,good_cafe
foundations,good_cafe
friendship,good_cafe
fruits,good_cafe
garden,good_cafe
germany,good_cafe
girls,good_cafe
he_lives_together,good_cafe
headquarters,good_cafe
history,good_cafe
iglesia,good_cafe
laramara,good_cafe
library,good_cafe
luci,good_cafe
machine,good_cafe
maritime,good_cafe
market,good_cafe
meeting,good_cafe
memorial,good_cafe
mislata,good_cafe
movement,good_cafe
music,good_cafe
night,good_cafe
odor,good_cafe
people,good_cafe
perfumes,good_cafe
piazza,good_cafe
project,good_cafe
rain,good_cafe
restaurant,good_cafe
scale,good_cafe
sculpture,good_cafe
sculptures,good_cafe
sensations,good_cafe
shop,good_cafe
sorocaba,good_cafe
sport,good_cafe
steps,good_cafe
streets,good_cafe
tactile,good_cafe
temporary,good_cafe
touch,good_cafe
tram,good_cafe
tranquillity,good_cafe
tree,good_cafe
turismo,good_cafe
university,good_cafe
vento,good_cafe
voices,good_cafe
wall,good_cafe
water,good_cafe
wells,good_cafe
words_and_more,good_cafe
work,good_cafe
._reference,grass
accessible,grass
ambient_noise,grass
art,grass
audible_traffic_lights,grass
bike,grass
binary,grass
birds,grass
blindwiki,grass
bridges,grass
calle_closed,grass
carnevale,grass
caution,grass
crowded_environment,grass
culture,grass
dangerous,grass
dead,grass
description,grass
door,grass
easter,grass
fish,grass
foundations,grass
fruits,grass
garden,grass
germany,grass
girls,grass
hello,grass
hiking,grass
history,grass
hospital,grass
lande,grass
laramara,grass
legends,grass
luci,grass
machine,grass
maritime,grass
market,grass
meeting,grass
memorial,grass
mislata,grass
movement,grass
museum,grass
music,grass
nature,grass
neighborhood,grass
night,grass
obstacle,grass
odor,grass
park,grass
perfumes,grass
rain,grass
scale,grass
sculpture,grass
sculptures,grass
sensations,grass
shop,grass
sole,grass
sorocaba,grass
sport,grass
steps,grass
stop,grass
tactile,grass
test,grass
theater,grass
tram,grass
tranquillity,grass
university,grass
vaporetto,grass
venice,grass
vision,grass
voices,grass
wall,grass
wells,grass
words_and_more,grass
work,grass
._reference,green_light
33bienal,green_light
accessible,green_light
art,green_light
bar,green_light
bells,green_light
bike,green_light
binary,green_light
blindwiki,green_light
calle_closed,green_light
car,green_light
carnevale,green_light
caution,green_light
crowded_environment,green_light
dead,green_light
description,green_light
door,green_light
easter,green_light
fish,green_light
foundations,green_light
friendship,green_light
he_lives_together,green_light
headquarters,green_light
hello,green_light
history,green_light
hospital,green_light
iglesia,green_light
laramara,green_light
machine,green_light
maritime,green_light
market,green_light
memorial,green_light
movement,green_light
museum,green_light
music,green_light
nature,green_light
neighborhood,green_light
night,green_light
odor,green_light
park,green_light
paseo,green_light
people,green_light
perfumes,green_light
project,green_light
restaurant,green_light
scale,green_light
sculpture,green_light
sculptures,green_light
shop,green_light
sole,green_light
sport,green_light
steps,green_light
streets,green_light
tactile,green_light
temporary,green_light
test,green_light
touch,green_light
tram,green_light
tranquillity,green_light
tree,green_light
turismo,green_light
university,green_light
vaporetto,green_light
vento,green_light
vision,green_light
wall,green_light
water,green_light
wells,green_light
work,green_light
33bienal,greengrocers
accessible,greengrocers
ambient_noise,greengrocers
audible_traffic_lights,greengrocers
bar,greengrocers
bells,greengrocers
binary,greengrocers
birds,greengrocers
bridges,greengrocers
calle_closed,greengrocers
car,greengrocers
carnevale,greengrocers
caution,greengrocers
crowded_environment,greengrocers
dead,greengrocers
description,greengrocers
door,greengrocers
easter,greengrocers
fish,greengrocers
foundations,greengrocers
friendship,greengrocers
fruits,greengrocers
garden,greengrocers
girls,greengrocers
he_lives_together,greengrocers
headquarters,greengrocers
hello,greengrocers
hiking,greengrocers
hospital,greengrocers
iglesia,greengrocers
legends,greengrocers
library,greengrocers
maritime,greengrocers
meeting,greengrocers
memorial,greengrocers
mislata,greengrocers
movement,greengrocers
museum,greengrocers
music,greengrocers
night,greengrocers
obstacle,greengrocers
odor,greengrocers
park,greengrocers
paseo,greengrocers
project,greengrocers
rain,greengrocers
sculptures,greengrocers
sensations,greengrocers
sole,greengrocers
sorocaba,greengrocers
sport,greengrocers
steps,greengrocers
tactile,greengrocers
temporary,greengrocers
test,greengrocers
theater,greengrocers
tranquillity,greengrocers
tree,greengrocers
turismo,greengrocers
university,greengrocers
vaporetto,greengrocers
vento,greengrocers
wall,greengrocers
wells,greengrocers
words_and_more,greengrocers
work,greengrocers
._reference,gretapower
33bienal,gretapower
art,gretapower
audible_traffic_lights,gretapower
bar,gretapower
bells,gretapower
bike,gretapower
binary,gretapower
blindwiki,gretapower
bridges,gretapower
calle_closed,gretapower
carnevale,gretapower
caution,gretapower
culture,gretapower
dangerous,gretapower
description,gretapower
door,gretapower
fish,gretapower
foundations,gretapower
garden,gretapower
headquarters,gretapower
hello,gretapower
hiking,gretapower
hospital,gretapower
lande,gretapower
legends,gretapower
luci,gretapower
machine,gretapower
maritime,gretapower
market,gretapower
meeting,gretapower
memorial,gretapower
movement,gretapower
museum,gretapower
music,gretapower
nature,gretapower
neighborhood,gretapower
obstacle,gretapower
paseo,gretapower
rain,gretapower
restaurant,gretapower
scale,gretapower
sculpture,gretapower
sculptures,gretapower
shop,gretapower
sole,gretapower
steps,gretapower
stop,gretapower
streets,gretapower
temporary,gretapower
test,gretapower
touch,gretapower
tranquillity,gretapower
tree,gretapower
turismo,gretapower
vaporetto,gretapower
venice,gretapower
voices,gretapower
wall,gretapower
water,gretapower
wells,gretapower
._reference,guggenheim
33bienal,guggenheim
accessible,guggenheim
ambient_noise,guggenheim
audible_traffic_lights,guggenheim
bar,guggenheim
bells,guggenheim
bike,guggenheim
binary,guggenheim
birds,guggenheim
bridges,guggenheim
car,guggenheim
crowded_environment,guggenheim
culture,guggenheim
dead,guggenheim
description,guggenheim
door,guggenheim
fish,guggenheim
foundations,guggenheim
friendship,guggenheim
fruits,guggenheim
garden,guggenheim
germany,guggenheim
girls,guggenheim
he_lives_together,guggenheim
headquarters,guggenheim
hello,guggenheim
history,guggenheim
iglesia,guggenheim
lande,guggenheim
legends,guggenheim
library,guggenheim
luci,guggenheim
machine,guggenheim
maritime,guggenheim
market,guggenheim
mislata,guggenheim
movement,guggenheim
nature,guggenheim
park,guggenheim
paseo,guggenheim
piazza,guggenheim
project,guggenheim
restaurant,guggenheim
scale,guggenheim
sculpture,guggenheim
sole,guggenheim
sport,guggenheim
streets,guggenheim
tactile,guggenheim
test,guggenheim
theater,guggenheim
tranquillity,guggenheim
tree,guggenheim
turismo,guggenheim
university,guggenheim
vaporetto,guggenheim
vento,guggenheim
voices,guggenheim
wall,guggenheim
water,guggenheim
wells,guggenheim
words_and_more,guggenheim
._reference,guide_dog
accessible,guide_dog
ambient_noise,guide_dog
bar,guide_dog
bells,guide_dog
binary,guide_dog
blindwiki,guide_dog
bridges,guide_dog
calle_closed,guide_dog
car,guide_dog
carnevale,guide_dog
caution,guide_dog
crowded_environment,guide_dog
dangerous,guide_dog
dead,guide_dog
description,guide_dog
easter,guide_dog
fish,guide_dog
foundations,guide_dog
friendship,guide_dog
fruits,guide_dog
garden,guide_dog
germany,guide_dog
girls,guide_dog
he_lives_together,guide_dog
headquarters,guide_dog
hello,guide_dog
hiking,guide_dog
history,guide_dog
hospital,guide_dog
iglesia,guide_dog
lande,guide_dog
laramara,guide_dog
legends,guide_dog
machine,guide_dog
maritime,guide_dog
market,guide_dog
meeting,guide_dog
memorial,guide_dog
mislata,guide_dog
movement,guide_dog
museum,guide_dog
music,guide_dog
neighborhood,guide_dog
night,guide_dog
obstacle,guide_dog
odor,guide_dog
park,guide_dog
paseo,guide_dog
piazza,guide_dog
rain,guide_dog
scale,guide_dog
sculpture,guide_dog
sculptures,guide_dog
sole,guide_dog
sorocaba,guide_dog
sport,guide_dog
steps,guide_dog
streets,guide_dog
tactile,guide_dog
temporary,guide_dog
test,guide_dog
theater,guide_dog
touch,guide_dog
tree,guide_dog
turismo,guide_dog
university,guide_dog
vaporetto,guide_dog
vision,guide_dog
voices,guide_dog
wall,guide_dog
water,guide_dog
wells,guide_dog
words_and_more,guide_dog
work,guide_dog
._reference,hair_helmet
33bienal,hair_helmet
accessible,hair_helmet
ambient_noise,hair_helmet
bells,hair_helmet
bike,hair_helmet
birds,hair_helmet
blindwiki,hair_helmet
car,hair_helmet
carnevale,hair_helmet
crowded_environment,hair_helmet
culture,hair_helmet
dangerous,hair_helmet
dead,hair_helmet
description,hair_helmet
door,hair_helmet
foundations,hair_helmet
fruits,hair_helmet
garden,hair_helmet
germany,hair_helmet
hello,hair_helmet
hiking,hair_helmet
iglesia,hair_helmet
laramara,hair_helmet
legends,hair_helmet
library,hair_helmet
luci,hair_helmet
maritime,hair_helmet
market,hair_helmet
meeting,hair_helmet
mislata,hair_helmet
museum,hair_helmet
music,hair_helmet
nature,hair_helmet
night,hair_helmet
obstacle,hair_helmet
odor,hair_helmet
park,hair_helmet
paseo,hair_helmet
people,hair_helmet
perfumes,hair_helmet
project,hair_helmet
rain,hair_helmet
scale,hair_helmet
sensations,hair_helmet
shop,hair_helmet
sorocaba,hair_helmet
sport,hair_helmet
steps,hair_helmet
stop,hair_helmet
tactile,hair_helmet
temporary,hair_helmet
theater,hair_helmet
touch,hair_helmet
tram,hair_helmet
tranquillity,hair_helmet
university,hair_helmet
venice,hair_helmet
vento,hair_helmet
vision,hair_helmet
voices,hair_helmet
wall,hair_helmet
water,hair_helmet
wells,hair_helmet
words_and_more,hair_helmet
work,hair_helmet
._reference,handrail
33bienal,handrail
accessible,handrail
ambient_noise,handrail
art,handrail
bells,handrail
bike,handrail
binary,handrail
birds,handrail
bridges,handrail
calle_closed,handrail
carnevale,handrail
caution,handrail
crowded_environment,handrail
culture,handrail
description,handrail
door,handrail
easter,handrail
foundations,handrail
germany,handrail
girls,handrail
he_lives_together,handrail
headquarters,handrail
hiking,handrail
history,handrail
hospital,handrail
iglesia,handrail
lande,handrail
laramara,handrail
legends,handrail
library,handrail
luci,handrail
machine,handrail
maritime,handrail
market,handrail
meeting,handrail
memorial,handrail
mislata,handrail
movement,handrail
museum,handrail
music,handrail
nature,handrail
neighborhood,handrail
night,handrail
obstacle,handrail
odor,handrail
park,handrail
perfumes,handrail
rain,handrail
restaurant,handrail
scale,handrail
sculpture,handrail
sensations,handrail
shop,handrail
sole,handrail
sorocaba,handrail
sport,handrail
steps,handrail
streets,handrail
tactile,handrail
temporary,handrail
test,handrail
theater,handrail
touch,handrail
tranquillity,handrail
tree,handrail
turismo,handrail
vaporetto,handrail
venice,handrail
voices,handrail
wall,handrail
water,handrail
wells,handrail
words_and_more,handrail
work,handrail
._reference,health
accessible,health
ambient_noise,health
art,health
audible_traffic_lights,health
bells,health
bike,health
binary,health
birds,health
blindwiki,health
calle_closed,health
car,health
carnevale,health
crowded_environment,health
culture,health
dangerous,health
dead,health
description,health
door,health
friendship,health
fruits,health
garden,health
germany,health
girls,health
he_lives_together,health
headquarters,health
hello,health
hiking,health
history,health
hospital,health
iglesia,health
legends,health
library,health
luci,health
machine,health
maritime,health
meeting,health
memorial,health
mislata,health
museum,health
music,health
nature,health
neighborhood,health
night,health
obstacle,health
park,health
paseo,health
people,health
perfumes,health
piazza,health
project,health
scale,health
sculpture,health
sculptures,health
sensations,health
shop,health
sole,health
sorocaba,health
sport,health
steps,health
stop,health
streets,health
temporary,health
test,health
tranquillity,health
turismo,health
university,health
vaporetto,health
venice,health
vento,health
vision,health
voices,health
wall,health
wells,health
work,health
accessible,health_facilities
art,health_facilities
audible_traffic_lights,health_facilities
bar,health_facilities
bells,health_facilities
bike,health_facilities
birds,health_facilities
blindwiki,health_facilities
bridges,health_facilities
calle_closed,health_facilities
car,health_facilities
carnevale,health_facilities
culture,health_facilities
dead,health_facilities
fish,health_facilities
fruits,health_facilities
garden,health_facilities
germany,health_facilities
girls,health_facilities
hello,health_facilities
hiking,health_facilities
history,health_facilities
hospital,health_facilities
iglesia,health_facilities
lande,health_facilities
legends,health_facilities
library,health_facilities
luci,health_facilities
maritime,health_facilities
market,health_facilities
memorial,health_facilities
mislata,health_facilities
movement,health_facilities
museum,health_facilities
night,health_facilities
odor,health_facilities
park,health_facilities
piazza,health_facilities
project,health_facilities
rain,health_facilities
restaurant,health_facilities
scale,health_facilities
sensations,health_facilities
sole,health_facilities
sorocaba,health_facilities
stop,health_facilities
streets,health_facilities
tactile,health_facilities
test,health_facilities
theater,health_facilities
touch,health_facilities
tranquillity,health_facilities
turismo,health_facilities
university,health_facilities
venice,health_facilities
vision,health_facilities
voices,health_facilities
wall,health_facilities
water,health_facilities
words_and_more,health_facilities
work,health_facilities
._reference,heat
33bienal,heat
ambient_noise,heat
art,heat
bike,heat
binary,heat
blindwiki,heat
bridges,heat
caution,heat
crowded_environment,heat
culture,heat
dangerous,heat
dead,heat
description,heat
door,heat
fish,heat
fruits,heat
garden,heat
girls,heat
headquarters,heat
hello,heat
hiking,heat
history,heat
hospital,heat
lande,heat
laramara,heat
legends,heat
luci,heat
machine,heat
maritime,heat
market,heat
mislata,heat
movement,heat
museum,heat
music,heat
neighborhood,heat
obstacle,heat
paseo,heat
people,heat
perfumes,heat
piazza,heat
project,heat
rain,heat
restaurant,heat
sculpture,heat
sensations,heat
sole,heat
sorocaba,heat
sport,heat
steps,heat
stop,heat
streets,heat
tactile,heat
test,heat
touch,heat
tranquillity,heat
turismo,heat
vaporetto,heat
vento,heat
voices,heat
wall,heat
water,heat
wells,heat
words_and_more,heat
work,heat
._reference,here
33bienal,here
accessible,here
ambient_noise,here
audible_traffic_lights,here
bar,here
bells,here
birds,here
blindwiki,here
bridges,here
calle_closed,here
car,here
caution,here
crowded_environment,here
culture,here
dangerous,here
dead,here
description,here
door,here
easter,here
fish,here
foundations,here
friendship,here
garden,here
germany,here
he_lives_together,here
headquarters,here
hello,here
hiking,here
history,here
hospital,here
lande,here
legends,here
library,here
luci,here
maritime,here
market,here
memorial,here
mislata,here
museum,here
neighborhood,here
obstacle,here
park,here
paseo,here
people,here
piazza,here
project,here
rain,here
restaurant,here
scale,here
sculptures,here
sensations,here
shop,here
sole,here
sorocaba,here
sport,here
steps,here
streets,here
temporary,here
test,here
theater,here
tranquillity,here
tree,here
university,here
vaporetto,here
venice,here
vision,here
voices,here
wall,here
water,here
wells,here
words_and_more,here
work,here
._reference,hhome
33bienal,hhome
accessible,hhome
art,hhome
audible_traffic_lights,hhome
bells,hhome
bike,hhome
binary,hhome
birds,hhome
bridges,hhome
calle_closed,hhome
car,hhome
carnevale,hhome
caution,hhome
crowded_environment,hhome
culture,hhome
dangerous,hhome
dead,hhome
easter,hhome
fish,hhome
foundations,hhome
friendship,hhome
garden,hhome
germany,hhome
girls,hhome
he_lives_together,hhome
hiking,hhome
history,hhome
hospital,hhome
iglesia,hhome
lande,hhome
laramara,hhome
legends,hhome
library,hhome
luci,hhome
machine,hhome
market,hhome
meeting,hhome
memorial,hhome
mislata,hhome
movement,hhome
music,hhome
night,hhome
odor,hhome
park,hhome
people,hhome
perfumes,hhome
piazza,hhome
restaurant,hhome
scale,hhome
sculpture,hhome
sculptures,hhome
sensations,hhome
shop,hhome
sole,hhome
sorocaba,hhome
sport,hhome
streets,hhome
tactile,hhome
temporary,hhome
test,hhome
theater,hhome
touch,hhome
tram,hhome
tranquillity,hhome
tree,hhome
turismo,hhome
university,hhome
vaporetto,hhome
vision,hhome
voices,hhome
wall,hhome
water,hhome
wells,hhome
words_and_more,hhome
._reference,hole_in_the_sidewalk
accessible,hole_in_the_sidewalk
ambient_noise,hole_in_the_sidewalk
art,hole_in_the_sidewalk
audible_traffic_lights,hole_in_the_sidewalk
bar,hole_in_the_sidewalk
bike,hole_in_the_sidewalk
binary,hole_in_the_sidewalk
blindwiki,hole_in_the_sidewalk
calle_closed,hole_in_the_sidewalk
car,hole_in_the_sidewalk
caution,hole_in_the_sidewalk
crowded_environment,hole_in_the_sidewalk
culture,hole_in_the_sidewalk
dangerous,hole_in_the_sidewalk
dead,hole_in_the_sidewalk
description,hole_in_the_sidewalk
easter,hole_in_the_sidewalk
fish,hole_in_the_sidewalk
foundations,hole_in_the_sidewalk
fruits,hole_in_the_sidewalk
germany,hole_in_the_sidewalk
girls,hole_in_the_sidewalk
he_lives_together,hole_in_the_sidewalk
headquarters,hole_in_the_sidewalk
hello,hole_in_the_sidewalk
history,hole_in_the_sidewalk
iglesia,hole_in_the_sidewalk
lande,hole_in_the_sidewalk
library,hole_in_the_sidewalk
luci,hole_in_the_sidewalk
market,hole_in_the_sidewalk
meeting,hole_in_the_sidewalk
memorial,hole_in_the_sidewalk
mislata,hole_in_the_sidewalk
movement,hole_in_the_sidewalk
museum,hole_in_the_sidewalk
nature,hole_in_the_sidewalk
neighborhood,hole_in_the_sidewalk
night,hole_in_the_sidewalk
odor,hole_in_the_sidewalk
paseo,hole_in_the_sidewalk
people,hole_in_the_sidewalk
piazza,hole_in_the_sidewalk
project,hole_in_the_sidewalk
rain,hole_in_the_sidewalk
restaurant,hole_in_the_sidewalk
sculptures,hole_in_the_sidewalk
sensations,hole_in_the_sidewalk
shop,hole_in_the_sidewalk
sole,hole_in_the_sidewalk
sorocaba,hole_in_the_sidewalk
steps,hole_in_the_sidewalk
tactile,hole_in_the_sidewalk
temporary,hole_in_the_sidewalk
test,hole_in_the_sidewalk
theater,hole_in_the_sidewalk
touch,hole_in_the_sidewalk
tram,hole_in_the_sidewalk
tranquillity,hole_in_the_sidewalk
tree,hole_in_the_sidewalk
turismo,hole_in_the_sidewalk
university,hole_in_the_sidewalk
vision,hole_in_the_sidewalk
voices,hole_in_the_sidewalk
wall,hole_in_the_sidewalk
water,hole_in_the_sidewalk
wells,hole_in_the_sidewalk
words_and_more,hole_in_the_sidewalk
work,hole_in_the_sidewalk
33bienal,holes
accessible,holes
ambient_noise,holes
art,holes
audible_traffic_lights,holes
bar,holes
bells,holes
binary,holes
birds,holes
blindwiki,holes
bridges,holes
calle_closed,holes
car,holes
carnevale,holes
caution,holes
crowded_environment,holes
culture,holes
dangerous,holes
dead,holes
description,holes
door,holes
fish,holes
foundations,holes
friendship,holes
fruits,holes
garden,holes
girls,holes
he_lives_together,holes
headquarters,holes
hello,holes
hiking,holes
history,holes
hospital,holes
iglesia,holes
legends,holes
library,holes
luci,holes
maritime,holes
market,holes
memorial,holes
mislata,holes
movement,holes
museum,holes
music,holes
nature,holes
neighborhood,holes
night,holes
paseo,holes
people,holes
piazza,holes
project,holes
rain,holes
scale,holes
sculptures,holes
shop,holes
sole,holes
sorocaba,holes
sport,holes
streets,holes
tactile,holes
temporary,holes
theater,holes
tram,holes
tree,holes
university,holes
vaporetto,holes
venice,holes
vento,holes
vision,holes
voices,holes
wall,holes
water,holes
wells,holes
words_and_more,holes
work,holes
._reference,horses
accessible,horses
ambient_noise,horses
art,horses
audible_traffic_lights,horses
bar,horses
bells,horses
bike,horses
binary,horses
blindwiki,horses
bridges,horses
calle_closed,horses
caution,horses
crowded_environment,horses
culture,horses
dangerous,horses
dead,horses
description,horses
door,horses
easter,horses
fish,horses
foundations,horses
friendship,horses
fruits,horses
germany,horses
girls,horses
he_lives_together,horses
hiking,horses
hospital,horses
lande,horses
legends,horses
library,horses
luci,horses
machine,horses
maritime,horses
market,horses
meeting,horses
memorial,horses
mislata,horses
museum,horses
music,horses
neighborhood,horses
night,horses
obstacle,horses
odor,horses
park,horses
people,horses
perfumes,horses
piazza,horses
project,horses
rain,horses
restaurant,horses
scale,horses
sculpture,horses
sensations,horses
sole,horses
sport,horses
steps,horses
tactile,horses
temporary,horses
test,horses
touch,horses
tram,horses
tranquillity,horses
tree,horses
turismo,horses
university,horses
vaporetto,horses
vision,horses
voices,horses
water,horses
wells,horses
words_and_more,horses
work,horses
._reference,hostel
33bienal,hostel
accessible,hostel
art,hostel
audible_traffic_lights,hostel
bells,hostel
bike,hostel
binary,hostel
blindwiki,hostel
bridges,hostel
car,hostel
carnevale,hostel
caution,hostel
crowded_environment,hostel
culture,hostel
dangerous,hostel
dead,hostel
description,hostel
door,hostel
easter,hostel
foundations,hostel
fruits,hostel
garden,hostel
germany,hostel
girls,hostel
he_lives_together,hostel
headquarters,hostel
hello,hostel
hiking,hostel
history,hostel
hospital,hostel
iglesia,hostel
lande,hostel
laramara,hostel
legends,hostel
library,hostel
luci,hostel
machine,hostel
maritime,hostel
market,hostel
meeting,hostel
memorial,hostel
movement,hostel
museum,hostel
music,hostel
nature,hostel
neighborhood,hostel
odor,hostel
park,hostel
people,hostel
perfumes,hostel
piazza,hostel
project,hostel
restaurant,hostel
scale,hostel
sculpture,hostel
sensations,hostel
shop,hostel
sole,hostel
sorocaba,hostel
sport,hostel
steps,hostel
stop,hostel
streets,hostel
tactile,hostel
temporary,hostel
test,hostel
theater,hostel
touch,hostel
tram,hostel
tranquillity,hostel
tree,hostel
turismo,hostel
vaporetto,hostel
venice,hostel
vision,hostel
voices,hostel
water,hostel
wells,hostel
words_and_more,hostel
work,hostel
._reference,hotels
33bienal,hotels
accessible,hotels
ambient_noise,hotels
audible_traffic_lights,hotels
bar,hotels
bells,hotels
bike,hotels
binary,hotels
birds,hotels
bridges,hotels
calle_closed,hotels
car,hotels
caution,hotels
crowded_environment,hotels
culture,hotels
dangerous,hotels
dead,hotels
description,hotels
door,hotels
fish,hotels
foundations,hotels
friendship,hotels
fruits,hotels
garden,hotels
germany,hotels
girls,hotels
he_lives_together,hotels
headquarters,hotels
hello,hotels
hiking,hotels
history,hotels
hospital,hotels
iglesia,hotels
lande,hotels
laramara,hotels
legends,hotels
luci,hotels
machine,hotels
maritime,hotels
meeting,hotels
memorial,hotels
movement,hotels
museum,hotels
neighborhood,hotels
night,hotels
obstacle,hotels
odor,hotels
park,hotels
people,hotels
perfumes,hotels
piazza,hotels
project,hotels
rain,hotels
restaurant,hotels
scale,hotels
sensations,hotels
shop,hotels
sorocaba,hotels
sport,hotels
steps,hotels
stop,hotels
tactile,hotels
test,hotels
theater,hotels
touch,hotels
tranquillity,hotels
tree,hotels
turismo,hotels
university,hotels
vaporetto,hotels
venice,hotels
vision,hotels
voices,hotels
wall,hotels
water,hotels
wells,hotels
words_and_more,hotels
work,hotels
._reference,humboldt_university
ambient_noise,humboldt_university
art,humboldt_university
bar,humboldt_university
bells,humboldt_university
bike,humboldt_university
binary,humboldt_university
birds,humboldt_university
blindwiki,humboldt_university
car,humboldt_university
carnevale,humboldt_university
caution,humboldt_university
dangerous,humboldt_university
dead,humboldt_university
description,humboldt_university
door,humboldt_university
easter,humboldt_university
fish,humboldt_university
foundations,humboldt_university
friendship,humboldt_university
fruits,humboldt_university
garden,humboldt_university
germany,humboldt_university
girls,humboldt_university
he_lives_together,humboldt_university
hiking,humboldt_university
history,humboldt_university
hospital,humboldt_university
laramara,humboldt_university
legends,humboldt_university
library,humboldt_university
luci,humboldt_university
machine,humboldt_university
market,humboldt_university
meeting,humboldt_university
memorial,humboldt_university
mislata,humboldt_university
movement,humboldt_university
museum,humboldt_university
music,humboldt_university
nature,humboldt_university
neighborhood,humboldt_university
night,humboldt_university
obstacle,humboldt_university
paseo,humboldt_university
people,humboldt_university
perfumes,humboldt_university
project,humboldt_university
restaurant,humboldt_university
sculpture,humboldt_university
sculptures,humboldt_university
sensations,humboldt_university
shop,humboldt_university
sole,humboldt_university
sorocaba,humboldt_university
sport,humboldt_university
steps,humboldt_university
stop,humboldt_university
tactile,humboldt_university
temporary,humboldt_university
test,humboldt_university
theater,humboldt_university
tram,humboldt_university
tranquillity,humboldt_university
tree,humboldt_university
university,humboldt_university
vento,humboldt_university
vision,humboldt_university
voices,humboldt_university
water,humboldt_university
wells,humboldt_university
words_and_more,humboldt_university
work,humboldt_university
33bienal,i_run
accessible,i_run
ambient_noise,i_run
bar,i_run
bells,i_run
bike,i_run
birds,i_run
bridges,i_run
calle_closed,i_run
caution,i_run
culture,i_run
dangerous,i_run
dead,i_run
description,i_run
door,i_run
easter,i_run
fish,i_run
fruits,i_run
germany,i_run
he_lives_together,i_run
headquarters,i_run
hello,i_run
hiking,i_run
history,i_run
hospital,i_run
iglesia,i_run
laramara,i_run
legends,i_run
luci,i_run
machine,i_run
maritime,i_run
market,i_run
meeting,i_run
mislata,i_run
movement,i_run
nature,i_run
neighborhood,i_run
obstacle,i_run
people,i_run
perfumes,i_run
piazza,i_run
project,i_run
rain,i_run
restaurant,i_run
scale,i_run
sculpture,i_run
sculptures,i_run
sensations,i_run
shop,i_run
sole,i_run
sorocaba,i_run
steps,i_run
streets,i_run
tactile,i_run
temporary,i_run
test,i_run
theater,i_run
touch,i_run
tram,i_run
tree,i_run
vaporetto,i_run
venice,i_run
voices,i_run
wall,i_run
water,i_run
wells,i_run
33bienal,ice-cream
accessible,ice-cream
audible_traffic_lights,ice-cream
bar,ice-cream
bells,ice-cream
birds,ice-cream
blindwiki,ice-cream
calle_closed,ice-cream
car,ice-cream
carnevale,ice-cream
caution,ice-cream
crowded_environment,ice-cream
dangerous,ice-cream
description,ice-cream
door,ice-cream
foundations,ice-cream
friendship,ice-cream
fruits,ice-cream
headquarters,ice-cream
hello,ice-cream
hiking,ice-cream
iglesia,ice-cream
laramara,ice-cream
legends,ice-cream
library,ice-cream
machine,ice-cream
maritime,ice-cream
market,ice-cream
memorial,ice-cream
mislata,ice-cream
museum,ice-cream
music,ice-cream
nature,ice-cream
neighborhood,ice-cream
night,ice-cream
obstacle,ice-cream
park,ice-cream
paseo,ice-cream
people,ice-cream
perfumes,ice-cream
project,ice-cream
restaurant,ice-cream
scale,ice-cream
sculpture,ice-cream
sculptures,ice-cream
sensations,ice-cream
shop,ice-cream
sole,ice-cream
sorocaba,ice-cream
sport,ice-cream
steps,ice-cream
temporary,ice-cream
test,ice-cream
theater,ice-cream
touch,ice-cream
tram,ice-cream
tranquillity,ice-cream
tree,ice-cream
turismo,ice-cream
university,ice-cream
vaporetto,ice-cream
vento,ice-cream
vision,ice-cream
voices,ice-cream
water,ice-cream
words_and_more,ice-cream
._reference,incivility
33bienal,incivility
accessible,incivility
ambient_noise,incivility
audible_traffic_lights,incivility
bar,incivility
bells,incivility
bike,incivility
binary,incivility
birds,incivility
blindwiki,incivility
bridges,incivility
calle_closed,incivility
car,incivility
carnevale,incivility
caution,incivility
crowded_environment,incivility
culture,incivility
dangerous,incivility
dead,incivility
description,incivility
door,incivility
fish,incivility
foundations,incivility
friendship,incivility
garden,incivility
girls,incivility
he_lives_together,incivility
hello,incivility
hiking,incivility
history,incivility
hospital,incivility
iglesia,incivility
lande,incivility
laramara,incivility
legends,incivility
luci,incivility
machine,incivility
maritime,incivility
meeting,incivility
memorial,incivility
mislata,incivility
movement,incivility
museum,incivility
music,incivility
neighborhood,incivility
night,incivility
odor,incivility
park,incivility
paseo,incivility
perfumes,incivility
piazza,incivility
rain,incivility
restaurant,incivility
sculptures,incivility
sole,incivility
sport,incivility
steps,incivility
stop,incivility
temporary,incivility
touch,incivility
tram,incivility
tree,incivility
vaporetto,incivility
venice,incivility
vento,incivility
vision,incivility
voices,incivility
wall,incivility
words_and_more,incivility
work,incivility
._reference,inclusion
33bienal,inclusion
accessible,inclusion
ambient_noise,inclusion
art,inclusion
bar,inclusion
bells,inclusion
bike,inclusion
binary,inclusion
blindwiki,inclusion
bridges,inclusion
calle_closed,inclusion
car,inclusion
caution,inclusion
crowded_environment,inclusion
culture,inclusion
dangerous,inclusion
dead,inclusion
door,inclusion
easter,inclusion
fish,inclusion
foundations,inclusion
fruits,inclusion
garden,inclusion
germany,inclusion
he_lives_together,inclusion
headquarters,inclusion
hello,inclusion
history,inclusion
iglesia,inclusion
lande,inclusion
laramara,inclusion
legends,inclusion
library,inclusion
luci,inclusion
machine,inclusion
maritime,inclusion
market,inclusion
meeting,inclusion
memorial,inclusion
mislata,inclusion
movement,inclusion
museum,inclusion
music,inclusion
nature,inclusion
neighborhood,inclusion
obstacle,inclusion
odor,inclusion
park,inclusion
paseo,inclusion
people,inclusion
project,inclusion
rain,inclusion
restaurant,inclusion
scale,inclusion
sculpture,inclusion
sculptures,inclusion
sensations,inclusion
shop,inclusion
sole,inclusion
sorocaba,inclusion
steps,inclusion
stop,inclusion
streets,inclusion
tactile,inclusion
temporary,inclusion
touch,inclusion
tram,inclusion
tree,inclusion
turismo,inclusion
university,inclusion
vaporetto,inclusion
venice,inclusion
vento,inclusion
vision,inclusion
voices,inclusion
wall,inclusion
water,inclusion
wells,inclusion
words_and_more,inclusion
work,inclusion
._reference,information
33bienal,information
accessible,information
ambient_noise,information
art,information
audible_traffic_lights,information
bar,information
bells,information
bike,information
binary,information
birds,information
bridges,information
calle_closed,information
car,information
carnevale,information
caution,information
crowded_environment,information
culture,information
dangerous,information
dead,information
description,information
door,information
easter,information
fish,information
foundations,information
friendship,information
fruits,information
garden,information
he_lives_together,information
headquarters,information
hello,information
hiking,information
history,information
hospital,information
iglesia,information
laramara,information
legends,information
library,information
luci,information
machine,information
maritime,information
market,information
meeting,information
mislata,information
movement,information
museum,information
music,information
nature,information
neighborhood,information
night,information
obstacle,information
odor,information
park,information
people,information
perfumes,information
piazza,information
project,information
rain,information
restaurant,information
sculptures,information
sensations,information
shop,information
sole,information
sorocaba,information
sport,information
steps,information
stop,information
streets,information
tactile,information
temporary,information
test,information
theater,information
touch,information
tram,information
tree,information
turismo,information
university,information
vaporetto,information
venice,information
vento,information
vision,information
voices,information
wall,information
wells,information
work,information
accessible,information_panel
ambient_noise,information_panel
art,information_panel
audible_traffic_lights,information_panel
bells,information_panel
binary,information_panel
birds,information_panel
bridges,information_panel
calle_closed,information_panel
car,information_panel
carnevale,information_panel
caution,information_panel
crowded_environment,information_panel
culture,information_panel
dangerous,information_panel
dead,information_panel
description,information_panel
door,information_panel
easter,information_panel
foundations,information_panel
friendship,information_panel
fruits,information_panel
germany,information_panel
girls,information_panel
he_lives_together,information_panel
headquarters,information_panel
hello,information_panel
history,information_panel
hospital,information_panel
lande,information_panel
laramara,information_panel
legends,information_panel
library,information_panel
luci,information_panel
machine,information_panel
maritime,information_panel
meeting,information_panel
memorial,information_panel
mislata,information_panel
museum,information_panel
music,information_panel
nature,information_panel
neighborhood,information_panel
night,information_panel
obstacle,information_panel
odor,information_panel
park,information_panel
paseo,information_panel
people,information_panel
perfumes,information_panel
project,information_panel
rain,information_panel
restaurant,information_panel
scale,information_panel
sculpture,information_panel
sensations,information_panel
shop,information_panel
sole,information_panel
sorocaba,information_panel
sport,information_panel
steps,information_panel
stop,information_panel
tactile,information_panel
temporary,information_panel
theater,information_panel
touch,information_panel
tram,information_panel
tranquillity,information_panel
tree,information_panel
turismo,information_panel
vaporetto,information_panel
venice,information_panel
vento,information_panel
vision,information_panel
voices,information_panel
wall,information_panel
water,information_panel
words_and_more,information_panel
._reference,interiors
33bienal,interiors
accessible,interiors
ambient_noise,interiors
art,interiors
audible_traffic_lights,interiors
bar,interiors
bells,interiors
bike,interiors
binary,interiors
blindwiki,interiors
bridges,interiors
calle_closed,interiors
car,interiors
carnevale,interiors
caution,interiors
crowded_environment,interiors
culture,interiors
dangerous,interiors
dead,interiors
description,interiors
door,interiors
fish,interiors
foundations,interiors
friendship,interiors
fruits,interiors
garden,interiors
germany,interiors
girls,interiors
he_lives_together,interiors
headquarters,interiors
hello,interiors
hiking,interiors
history,interiors
hospital,interiors
iglesia,interiors
lande,interiors
laramara,interiors
legends,interiors
luci,interiors
machine,interiors
market,interiors
memorial,interiors
mislata,interiors
movement,interiors
museum,interiors
music,interiors
nature,interiors
neighborhood,interiors
night,interiors
obstacle,interiors
odor,interiors
park,interiors
paseo,interiors
people,interiors
perfumes,interiors
piazza,interiors
rain,interiors
scale,interiors
sculpture,interiors
sensations,interiors
shop,interiors
sole,interiors
sorocaba,interiors
sport,interiors
streets,interiors
temporary,interiors
test,interiors
tree,interiors
turismo,interiors
university,interiors
vaporetto,interiors
venice,interiors
vento,interiors
vision,interiors
voices,interiors
wall,interiors
water,interiors
wells,interiors
words_and_more,interiors
33bienal,interview
accessible,interview
ambient_noise,interview
audible_traffic_lights,interview
bar,interview
bells,interview
bike,interview
binary,interview
blindwiki,interview
calle_closed,interview
car,interview
caution,interview
crowded_environment,interview
culture,interview
dangerous,interview
dead,interview
door,interview
easter,interview
fish,interview
foundations,interview
friendship,interview
fruits,interview
garden,interview
germany,interview
girls,interview
hello,interview
iglesia,interview
lande,interview
laramara,interview
legends,interview
luci,interview
machine,interview
maritime,interview
market,interview
meeting,interview
memorial,interview
mislata,interview
movement,interview
museum,interview
music,interview
nature,interview
neighborhood,interview
night,interview
obstacle,interview
park,interview
people,interview
perfumes,interview
piazza,interview
project,interview
rain,interview
restaurant,interview
scale,interview
sculptures,interview
sensations,interview
shop,interview
sole,interview
sorocaba,interview
sport,interview
steps,interview
stop,interview
tactile,interview
test,interview
touch,interview
tree,interview
turismo,interview
university,interview
vaporetto,interview
venice,interview
vento,interview
vision,interview
voices,interview
water,interview
wells,interview
words_and_more,interview
work,interview
._reference,interviews
33bienal,interviews
accessible,interviews
ambient_noise,interviews
art,interviews
audible_traffic_lights,interviews
bells,interviews
bike,interviews
binary,interviews
bridges,interviews
calle_closed,interviews
car,interviews
caution,interviews
crowded_environment,interviews
culture,interviews
dangerous,interviews
dead,interviews
description,interviews
door,interviews
easter,interviews
fish,interviews
foundations,interviews
friendship,interviews
fruits,interviews
garden,interviews
germany,interviews
girls,interviews
he_lives_together,interviews
headquarters,interviews
hello,interviews
hiking,interviews
history,interviews
iglesia,interviews
legends,interviews
library,interviews
machine,interviews
maritime,interviews
market,interviews
meeting,interviews
memorial,interviews
mislata,interviews
movement,interviews
museum,interviews
music,interviews
nature,interviews
neighborhood,interviews
night,interviews
obstacle,interviews
odor,interviews
park,interviews
paseo,interviews
people,interviews
perfumes,interviews
piazza,interviews
project,interviews
rain,interviews
restaurant,interviews
scale,interviews
sculpture,interviews
sculptures,interviews
sensations,interviews
shop,interviews
sole,interviews
sorocaba,interviews
sport,interviews
steps,interviews
stop,interviews
streets,interviews
tactile,interviews
temporary,interviews
test,interviews
theater,interviews
touch,interviews
tram,interviews
tranquillity,interviews
tree,interviews
turismo,interviews
university,interviews
vaporetto,interviews
venice,interviews
vento,interviews
vision,interviews
voices,interviews
wall,interviews
wells,interviews
work,interviews
._reference,italian_forum
33bienal,italian_forum
accessible,italian_forum
art,italian_forum
bells,italian_forum
bike,italian_forum
blindwiki,italian_forum
bridges,italian_forum
calle_closed,italian_forum
car,italian_forum
carnevale,italian_forum
caution,italian_forum
crowded_environment,italian_forum
dead,italian_forum
description,italian_forum
door,italian_forum
easter,italian_forum
fish,italian_forum
foundations,italian_forum
friendship,italian_forum
fruits,italian_forum
garden,italian_forum
germany,italian_forum
girls,italian_forum
he_lives_together,italian_forum
headquarters,italian_forum
hello,italian_forum
hiking,italian_forum
history,italian_forum
hospital,italian_forum
iglesia,italian_forum
lande,italian_forum
laramara,italian_forum
legends,italian_forum
library,italian_forum
machine,italian_forum
market,italian_forum
movement,italian_forum
museum,italian_forum
music,italian_forum
nature,italian_forum
neighborhood,italian_forum
night,italian_forum
obstacle,italian_forum
paseo,italian_forum
perfumes,italian_forum
piazza,italian_forum
project,italian_forum
rain,italian_forum
scale,italian_forum
sculpture,italian_forum
sensations,italian_forum
sole,italian_forum
sorocaba,italian_forum
sport,italian_forum
steps,italian_forum
stop,italian_forum
streets,italian_forum
tactile,italian_forum
test,italian_forum
theater,italian_forum
touch,italian_forum
tranquillity,italian_forum
tree,italian_forum
turismo,italian_forum
university,italian_forum
vaporetto,italian_forum
venice,italian_forum
vento,italian_forum
vision,italian_forum
voices,italian_forum
wall,italian_forum
wells,italian_forum
._reference,japan_house
33bienal,japan_house
art,japan_house
audible_traffic_lights,japan_house
bar,japan_house
bells,japan_house
bike,japan_house
binary,japan_house
birds,japan_house
blindwiki,japan_house
bridges,japan_house
calle_closed,japan_house
car,japan_house
carnevale,japan_house
caution,japan_house
crowded_environment,japan_house
culture,japan_house
dangerous,japan_house
dead,japan_house
description,japan_house
door,japan_house
foundations,japan_house
friendship,japan_house
fruits,japan_house
garden,japan_house
germany,japan_house
girls,japan_house
he_lives_together,japan_house
hello,japan_house
hiking,japan_house
history,japan_house
hospital,japan_house
lande,japan_house
laramara,japan_house
library,japan_house
machine,japan_house
maritime,japan_house
market,japan_house
meeting,japan_house
memorial,japan_house
mislata,japan_house
movement,japan_house
museum,japan_house
music,japan_house
nature,japan_house
neighborhood,japan_house
odor,japan_house
park,japan_house
paseo,japan_house
project,japan_house
rain,japan_house
restaurant,japan_house
scale,japan_house
sculpture,japan_house
sculptures,japan_house
shop,japan_house
sole,japan_house
sorocaba,japan_house
sport,japan_house
steps,japan_house
stop,japan_house
streets,japan_house
tactile,japan_house
temporary,japan_house
test,japan_house
theater,japan_house
touch,japan_house
turismo,japan_house
vaporetto,japan_house
vento,japan_house
voices,japan_house
wall,japan_house
water,japan_house
wells,japan_house
words_and_more,japan_house
33bienal,job
accessible,job
ambient_noise,job
art,job
audible_traffic_lights,job
bar,job
bells,job
bike,job
binary,job
birds,job
blindwiki,job
bridges,job
calle_closed,job
caution,job
culture,job
dangerous,job
description,job
door,job
easter,job
foundations,job
fruits,job
garden,job
girls,job
he_lives_together,job
headquarters,job
hello,job
iglesia,job
laramara,job
legends,job
library,job
luci,job
meeting,job
memorial,job
mislata,job
movement,job
museum,job
music,job
neighborhood,job
obstacle,job
park,job
paseo,job
people,job
rain,job
restaurant,job
sculpture,job
sculptures,job
sensations,job
shop,job
sole,job
sorocaba,job
sport,job
stop,job
tactile,job
test,job
theater,job
touch,job
tram,job
tree,job
vaporetto,job
venice,job
vento,job
vision,job
wells,job
work,job
._reference,jobs
33bienal,jobs
accessible,jobs
ambient_noise,jobs
art,jobs
audible_traffic_lights,jobs
bar,jobs
bells,jobs
bike,jobs
binary,jobs
birds,jobs
blindwiki,jobs
bridges,jobs
car,jobs
carnevale,jobs
crowded_environment,jobs
culture,jobs
dangerous,jobs
description,jobs
door,jobs
easter,jobs
fish,jobs
friendship,jobs
fruits,jobs
he_lives_together,jobs
headquarters,jobs
hiking,jobs
history,jobs
hospital,jobs
iglesia,jobs
lande,jobs
legends,jobs
library,jobs
luci,jobs
maritime,jobs
market,jobs
memorial,jobs
mislata,jobs
movement,jobs
museum,jobs
music,jobs
neighborhood,jobs
odor,jobs
paseo,jobs
people,jobs
perfumes,jobs
project,jobs
rain,jobs
restaurant,jobs
scale,jobs
sculptures,jobs
sensations,jobs
shop,jobs
sole,jobs
sorocaba,jobs
sport,jobs
steps,jobs
stop,jobs
streets,jobs
tactile,jobs
temporary,jobs
test,jobs
theater,jobs
touch,jobs
tram,jobs
tranquillity,jobs
tree,jobs
turismo,jobs
university,jobs
vaporetto,jobs
vento,jobs
vision,jobs
voices,jobs
water,jobs
wells,jobs
words_and_more,jobs
work,jobs
._reference,joint
accessible,joint
art,joint
bar,joint
bells,joint
binary,joint
birds,joint
blindwiki,joint
bridges,joint
calle_closed,joint
carnevale,joint
crowded_environment,joint
dangerous,joint
door,joint
easter,joint
fish,joint
foundations,joint
fruits,joint
germany,joint
girls,joint
he_lives_together,joint
headquarters,joint
hello,joint
hiking,joint
history,joint
hospital,joint
iglesia,joint
legends,joint
luci,joint
machine,joint
maritime,joint
meeting,joint
memorial,joint
mislata,joint
music,joint
nature,joint
night,joint
obstacle,joint
odor,joint
park,joint
paseo,joint
perfumes,joint
piazza,joint
project,joint
rain,joint
restaurant,joint
sculpture,joint
sculptures,joint
sensations,joint
shop,joint
sorocaba,joint
steps,joint
stop,joint
streets,joint
tactile,joint
temporary,joint
test,joint
theater,joint
touch,joint
tram,joint
tranquillity,joint
tree,joint
vaporetto,joint
venice,joint
vento,joint
vision,joint
voices,joint
wall,joint
water,joint
work,joint
._reference,kern_juices
33bienal,kern_juices
accessible,kern_juices
art,kern_juices
bar,kern_juices
bells,kern_juices
bike,kern_juices
binary,kern_juices
birds,kern_juices
blindwiki,kern_juices
bridges,kern_juices
car,kern_juices
carnevale,kern_juices
caution,kern_juices
crowded_environment,kern_juices
culture,kern_juices
dangerous,kern_juices
dead,kern_juices
description,kern_juices
door,kern_juices
fish,kern_juices
foundations,kern_juices
fruits,kern_juices
garden,kern_juices
girls,kern_juices
he_lives_together,kern_juices
headquarters,kern_juices
hiking,kern_juices
history,kern_juices
legends,kern_juices
library,kern_juices
luci,kern_juices
machine,kern_juices
market,kern_juices
meeting,kern_juices
memorial,kern_juices
mislata,kern_juices
movement,kern_juices
museum,kern_juices
music,kern_juices
nature,kern_juices
neighborhood,kern_juices
night,kern_juices
obstacle,kern_juices
odor,kern_juices
park,kern_juices
paseo,kern_juices
people,kern_juices
rain,kern_juices
restaurant,kern_juices
scale,kern_juices
sculptures,kern_juices
sensations,kern_juices
sorocaba,kern_juices
stop,kern_juices
streets,kern_juices
tactile,kern_juices
temporary,kern_juices
test,kern_juices
touch,kern_juices
tram,kern_juices
tranquillity,kern_juices
tree,kern_juices
turismo,kern_juices
university,kern_juices
vaporetto,kern_juices
venice,kern_juices
vision,kern_juices
voices,kern_juices
wall,kern_juices
water,kern_juices
wells,kern_juices
work,kern_juices
33bienal,kiosk
accessible,kiosk
ambient_noise,kiosk
art,kiosk
audible_traffic_lights,kiosk
bar,kiosk
bells,kiosk
birds,kiosk
blindwiki,kiosk
bridges,kiosk
calle_closed,kiosk
caution,kiosk
crowded_environment,kiosk
dangerous,kiosk
door,kiosk
easter,kiosk
fish,kiosk
friendship,kiosk
fruits,kiosk
garden,kiosk
germany,kiosk
girls,kiosk
he_lives_together,kiosk
hello,kiosk
hiking,kiosk
history,kiosk
hospital,kiosk
lande,kiosk
legends,kiosk
luci,kiosk
maritime,kiosk
market,kiosk
meeting,kiosk
memorial,kiosk
movement,kiosk
museum,kiosk
music,kiosk
obstacle,kiosk
park,kiosk
paseo,kiosk
people,kiosk
perfumes,kiosk
piazza,kiosk
project,kiosk
rain,kiosk
restaurant,kiosk
scale,kiosk
sculpture,kiosk
sculptures,kiosk
sensations,kiosk
shop,kiosk
sole,kiosk
sorocaba,kiosk
sport,kiosk
stop,kiosk
temporary,kiosk
test,kiosk
theater,kiosk
tram,kiosk
tranquillity,kiosk
turismo,kiosk
university,kiosk
vaporetto,kiosk
vento,kiosk
vision,kiosk
voices,kiosk
wall,kiosk
water,kiosk
words_and_more,kiosk
work,kiosk
._reference,l'horta
33bienal,l'horta
accessible,l'horta
art,l'horta
audible_traffic_lights,l'horta
bar,l'horta
bells,l'horta
bike,l'horta
binary,l'horta
calle_closed,l'horta
car,l'horta
carnevale,l'horta
caution,l'horta
culture,l'horta
dangerous,l'horta
description,l'horta
door,l'horta
easter,l'horta
fish,l'horta
foundations,l'horta
fruits,l'horta
headquarters,l'horta
hello,l'horta
history,l'horta
hospital,l'horta
iglesia,l'horta
lande,l'horta
legends,l'horta
library,l'horta
luci,l'horta
machine,l'horta
market,l'horta
meeting,l'horta
mislata,l'horta
movement,l'horta
museum,l'horta
nature,l'horta
night,l'horta
obstacle,l'horta
park,l'horta
paseo,l'horta
people,l'horta
perfumes,l'horta
piazza,l'horta
project,l'horta
restaurant,l'horta
scale,l'horta
sculpture,l'horta
sculptures,l'horta
sensations,l'horta
shop,l'horta
sole,l'horta
sorocaba,l'horta
sport,l'horta
stop,l'horta
tactile,l'horta
theater,l'horta
tram,l'horta
tranquillity,l'horta
turismo,l'horta
university,l'horta
vaporetto,l'horta
venice,l'horta
vento,l'horta
vision,l'horta
voices,l'horta
words_and_more,l'horta
work,l'horta
._reference,la_roqueta
accessible,la_roqueta
ambient_noise,la_roqueta
art,la_roqueta
audible_traffic_lights,la_roqueta
bar,la_roqueta
bells,la_roqueta
bike,la_roqueta
binary,la_roqueta
birds,la_roqueta
blindwiki,la_roqueta
calle_closed,la_roqueta
carnevale,la_roqueta
caution,la_roqueta
crowded_environment,la_roqueta
dangerous,la_roqueta
dead,la_roqueta
description,la_roqueta
foundations,la_roqueta
friendship,la_roqueta
girls,la_roqueta
headquarters,la_roqueta
hello,la_roqueta
history,la_roqueta
lande,la_roqueta
legends,la_roqueta
library,la_roqueta
luci,la_roqueta
machine,la_roqueta
maritime,la_roqueta
meeting,la_roqueta
memorial,la_roqueta
mislata,la_roqueta
movement,la_roqueta
museum,la_roqueta
nature,la_roqueta
neighborhood,la_roqueta
night,la_roqueta
odor,la_roqueta
park,la_roqueta
paseo,la_roqueta
people,la_roqueta
perfumes,la_roqueta
project,la_roqueta
rain,la_roqueta
restaurant,la_roqueta
scale,la_roqueta
sculptures,la_roqueta
sole,la_roqueta
sorocaba,la_roqueta
sport,la_roqueta
steps,la_roqueta
stop,la_roqueta
streets,la_roqueta
tactile,la_roqueta
temporary,la_roqueta
theater,la_roqueta
touch,la_roqueta
tram,la_roqueta
tree,la_roqueta
turismo,la_roqueta
university,la_roqueta
vaporetto,la_roqueta
venice,la_roqueta
vento,la_roqueta
voices,la_roqueta
wall,la_roqueta
water,la_roqueta
wells,la_roqueta
work,la_roqueta
._reference,lack_of_accessibility
accessible,lack_of_accessibility
ambient_noise,lack_of_accessibility
art,lack_of_accessibility
audible_traffic_lights,lack_of_accessibility
bar,lack_of_accessibility
bells,lack_of_accessibility
bike,lack_of_accessibility
birds,lack_of_accessibility
blindwiki,lack_of_accessibility
bridges,lack_of_accessibility
calle_closed,lack_of_accessibility
car,lack_of_accessibility
carnevale,lack_of_accessibility
caution,lack_of_accessibility
dead,lack_of_accessibility
description,lack_of_accessibility
door,lack_of_accessibility
easter,lack_of_accessibility
fish,lack_of_accessibility
friendship,lack_of_accessibility
fruits,lack_of_accessibility
girls,lack_of_accessibility
headquarters,lack_of_accessibility
hiking,lack_of_accessibility
history,lack_of_accessibility
hospital,lack_of_accessibility
library,lack_of_accessibility
luci,lack_of_accessibility
machine,lack_of_accessibility
meeting,lack_of_accessibility
memorial,lack_of_accessibility
movement,lack_of_accessibility
museum,lack_of_accessibility
nature,lack_of_accessibility
neighborhood,lack_of_accessibility
night,lack_of_accessibility
park,lack_of_accessibility
people,lack_of_accessibility
perfumes,lack_of_accessibility
piazza,lack_of_accessibility
project,lack_of_accessibility
rain,lack_of_accessibility
scale,lack_of_accessibility
sculpture,lack_of_accessibility
sculptures,lack_of_accessibility
sole,lack_of_accessibility
sport,lack_of_accessibility
steps,lack_of_accessibility
stop,lack_of_accessibility
streets,lack_of_accessibility
tactile,lack_of_accessibility
theater,lack_of_accessibility
touch,lack_of_accessibility
tranquillity,lack_of_accessibility
turismo,lack_of_accessibility
university,lack_of_accessibility
vaporetto,lack_of_accessibility
venice,lack_of_accessibility
vento,lack_of_accessibility
vision,lack_of_accessibility
voices,lack_of_accessibility
wall,lack_of_accessibility
wells,lack_of_accessibility
words_and_more,lack_of_accessibility
._reference,lack_of_tactile_paving
33bienal,lack_of_tactile_paving
accessible,lack_of_tactile_paving
ambient_noise,lack_of_tactile_paving
audible_traffic_lights,lack_of_tactile_paving
bar,lack_of_tactile_paving
bells,lack_of_tactile_paving
bike,lack_of_tactile_paving
binary,lack_of_tactile_paving
birds,lack_of_tactile_paving
blindwiki,lack_of_tactile_paving
bridges,lack_of_tactile_paving
calle_closed,lack_of_tactile_paving
car,lack_of_tactile_paving
carnevale,lack_of_tactile_paving
caution,lack_of_tactile_paving
crowded_environment,lack_of_tactile_paving
culture,lack_of_tactile_paving
dangerous,lack_of_tactile_paving
dead,lack_of_tactile_paving
door,lack_of_tactile_paving
easter,lack_of_tactile_paving
fish,lack_of_tactile_paving
foundations,lack_of_tactile_paving
friendship,lack_of_tactile_paving
fruits,lack_of_tactile_paving
garden,lack_of_tactile_paving
germany,lack_of_tactile_paving
girls,lack_of_tactile_paving
he_lives_together,lack_of_tactile_paving
headquarters,lack_of_tactile_paving
hello,lack_of_tactile_paving
hiking,lack_of_tactile_paving
history,lack_of_tactile_paving
iglesia,lack_of_tactile_paving
lande,lack_of_tactile_paving
laramara,lack_of_tactile_paving
library,lack_of_tactile_paving
machine,lack_of_tactile_paving
maritime,lack_of_tactile_paving
market,lack_of_tactile_paving
meeting,lack_of_tactile_paving
memorial,lack_of_tactile_paving
mislata,lack_of_tactile_paving
music,lack_of_tactile_paving
nature,lack_of_tactile_paving
neighborhood,lack_of_tactile_paving
obstacle,lack_of_tactile_paving
odor,lack_of_tactile_paving
park,lack_of_tactile_paving
people,lack_of_tactile_paving
piazza,lack_of_tactile_paving
project,lack_of_tactile_paving
rain,lack_of_tactile_paving
restaurant,lack_of_tactile_paving
scale,lack_of_tactile_paving
sculpture,lack_of_tactile_paving
sculptures,lack_of_tactile_paving
sensations,lack_of_tactile_paving
sole,lack_of_tactile_paving
sorocaba,lack_of_tactile_paving
stop,lack_of_tactile_paving
streets,lack_of_tactile_paving
tactile,lack_of_tactile_paving
temporary,lack_of_tactile_paving
theater,lack_of_tactile_paving
touch,lack_of_tactile_paving
tram,lack_of_tactile_paving
tranquillity,lack_of_tactile_paving
turismo,lack_of_tactile_paving
university,lack_of_tactile_paving
vaporetto,lack_of_tactile_paving
venice,lack_of_tactile_paving
vento,lack_of_tactile_paving
vision,lack_of_tactile_paving
voices,lack_of_tactile_paving
wall,lack_of_tactile_paving
words_and_more,lack_of_tactile_paving
._reference,ladybird
33bienal,ladybird
accessible,ladybird
ambient_noise,ladybird
art,ladybird
bells,ladybird
bike,ladybird
birds,ladybird
bridges,ladybird
car,ladybird
carnevale,ladybird
caution,ladybird
crowded_environment,ladybird
culture,ladybird
dead,ladybird
description,ladybird
easter,ladybird
fish,ladybird
foundations,ladybird
friendship,ladybird
fruits,ladybird
he_lives_together,ladybird
headquarters,ladybird
hello,ladybird
history,ladybird
hospital,ladybird
lande,ladybird
laramara,ladybird
library,ladybird
luci,ladybird
maritime,ladybird
market,ladybird
meeting,ladybird
memorial,ladybird
mislata,ladybird
movement,ladybird
museum,ladybird
music,ladybird
nature,ladybird
night,ladybird
odor,ladybird
park,ladybird
paseo,ladybird
perfumes,ladybird
piazza,ladybird
rain,ladybird
restaurant,ladybird
scale,ladybird
sculptures,ladybird
sensations,ladybird
shop,ladybird
sole,ladybird
sorocaba,ladybird
sport,ladybird
steps,ladybird
stop,ladybird
streets,ladybird
tactile,ladybird
test,ladybird
theater,ladybird
tram,ladybird
tree,ladybird
university,ladybird
vaporetto,ladybird
venice,ladybird
vision,ladybird
voices,ladybird
wall,ladybird
water,ladybird
words_and_more,ladybird
._reference,laguna
accessible,laguna
ambient_noise,laguna
art,laguna
audible_traffic_lights,laguna
bar,laguna
binary,laguna
blindwiki,laguna
bridges,laguna
calle_closed,laguna
carnevale,laguna
crowded_environment,laguna
culture,laguna
dead,laguna
description,laguna
easter,laguna
fish,laguna
foundations,laguna
fruits,laguna
germany,laguna
girls,laguna
he_lives_together,laguna
headquarters,laguna
hiking,laguna
history,laguna
hospital,laguna
lande,laguna
laramara,laguna
legends,laguna
luci,laguna
machine,laguna
maritime,laguna
market,laguna
mislata,laguna
music,laguna
nature,laguna
night,laguna
obstacle,laguna
park,laguna
people,laguna
perfumes,laguna
piazza,laguna
project,laguna
rain,laguna
restaurant,laguna
sculpture,laguna
sensations,laguna
shop,laguna
sole,laguna
sorocaba,laguna
sport,laguna
steps,laguna
stop,laguna
streets,laguna
tactile,laguna
temporary,laguna
test,laguna
theater,laguna
touch,laguna
tram,laguna
tranquillity,laguna
tree,laguna
turismo,laguna
university,laguna
vaporetto,laguna
venice,laguna
vento,laguna
vision,laguna
wall,laguna
wells,laguna
work,laguna
._reference,license_plates
33bienal,license_plates
accessible,license_plates
ambient_noise,license_plates
art,license_plates
audible_traffic_lights,license_plates
bar,license_plates
bells,license_plates
bike,license_plates
binary,license_plates
birds,license_plates
blindwiki,license_plates
bridges,license_plates
calle_closed,license_plates
car,license_plates
carnevale,license_plates
caution,license_plates
dangerous,license_plates
dead,license_plates
description,license_plates
door,license_plates
easter,license_plates
foundations,license_plates
friendship,license_plates
fruits,license_plates
garden,license_plates
girls,license_plates
he_lives_together,license_plates
headquarters,license_plates
hello,license_plates
hiking,license_plates
history,license_plates
iglesia,license_plates
laramara,license_plates
library,license_plates
luci,license_plates
machine,license_plates
maritime,license_plates
market,license_plates
memorial,license_plates
movement,license_plates
music,license_plates
nature,license_plates
neighborhood,license_plates
night,license_plates
obstacle,license_plates
odor,license_plates
park,license_plates
paseo,license_plates
people,license_plates
perfumes,license_plates
project,license_plates
rain,license_plates
restaurant,license_plates
scale,license_plates
sculpture,license_plates
sculptures,license_plates
sensations,license_plates
shop,license_plates
sole,license_plates
sorocaba,license_plates
sport,license_plates
steps,license_plates
stop,license_plates
streets,license_plates
tactile,license_plates
temporary,license_plates
theater,license_plates
touch,license_plates
tram,license_plates
tranquillity,license_plates
tree,license_plates
turismo,license_plates
university,license_plates
vaporetto,license_plates
venice,license_plates
vision,license_plates
voices,license_plates
wall,license_plates
wells,license_plates
work,license_plates
._reference,lido
33bienal,lido
accessible,lido
ambient_noise,lido
audible_traffic_lights,lido
bar,lido
bells,lido
binary,lido
birds,lido
blindwiki,lido
bridges,lido
calle_closed,lido
car,lido
carnevale,lido
caution,lido
culture,lido
dangerous,lido
dead,lido
description,lido
door,lido
easter,lido
fish,lido
foundations,lido
garden,lido
germany,lido
girls,lido
he_lives_together,lido
hello,lido
hiking,lido
history,lido
hospital,lido
lande,lido
legends,lido
library,lido
luci,lido
machine,lido
maritime,lido
market,lido
meeting,lido
memorial,lido
mislata,lido
museum,lido
nature,lido
neighborhood,lido
night,lido
obstacle,lido
odor,lido
park,lido
paseo,lido
perfumes,lido
piazza,lido
rain,lido
restaurant,lido
scale,lido
sculpture,lido
sensations,lido
shop,lido
sorocaba,lido
sport,lido
steps,lido
streets,lido
tactile,lido
temporary,lido
test,lido
tranquillity,lido
tree,lido
turismo,lido
university,lido
vaporetto,lido
venice,lido
vision,lido
voices,lido
wells,lido
._reference,like_foscari
33bienal,like_foscari
accessible,like_foscari
audible_traffic_lights,like_foscari
bells,like_foscari
binary,like_foscari
birds,like_foscari
blindwiki,like_foscari
bridges,like_foscari
calle_closed,like_foscari
carnevale,like_foscari
crowded_environment,like_foscari
culture,like_foscari
dangerous,like_foscari
description,like_foscari
door,like_foscari
easter,like_foscari
fish,like_foscari
foundations,like_foscari
fruits,like_foscari
garden,like_foscari
germany,like_foscari
girls,like_foscari
he_lives_together,like_foscari
hello,like_foscari
hiking,like_foscari
iglesia,like_foscari
lande,like_foscari
laramara,like_foscari
legends,like_foscari
library,like_foscari
maritime,like_foscari
market,like_foscari
meeting,like_foscari
memorial,like_foscari
mislata,like_foscari
movement,like_foscari
museum,like_foscari
music,like_foscari
nature,like_foscari
neighborhood,like_foscari
obstacle,like_foscari
odor,like_foscari
park,like_foscari
perfumes,like_foscari
rain,like_foscari
scale,like_foscari
sculpture,like_foscari
sensations,like_foscari
shop,like_foscari
sole,like_foscari
steps,like_foscari
stop,like_foscari
tactile,like_foscari
temporary,like_foscari
test,like_foscari
venice,like_foscari
vento,like_foscari
vision,like_foscari
voices,like_foscari
wall,like_foscari
water,like_foscari
wells,like_foscari
words_and_more,like_foscari
work,like_foscari
33bienal,little_dog_angel
ambient_noise,little_dog_angel
audible_traffic_lights,little_dog_angel
bar,little_dog_angel
binary,little_dog_angel
birds,little_dog_angel
blindwiki,little_dog_angel
car,little_dog_angel
carnevale,little_dog_angel
caution,little_dog_angel
crowded_environment,little_dog_angel
culture,little_dog_angel
description,little_dog_angel
door,little_dog_angel
easter,little_dog_angel
friendship,little_dog_angel
fruits,little_dog_angel
garden,little_dog_angel
girls,little_dog_angel
headquarters,little_dog_angel
hello,little_dog_angel
history,little_dog_angel
hospital,little_dog_angel
iglesia,little_dog_angel
lande,little_dog_angel
laramara,little_dog_angel
library,little_dog_angel
luci,little_dog_angel
machine,little_dog_angel
maritime,little_dog_angel
market,little_dog_angel
meeting,little_dog_angel
memorial,little_dog_angel
museum,little_dog_angel
neighborhood,little_dog_angel
night,little_dog_angel
odor,little_dog_angel
paseo,little_dog_angel
people,little_dog_angel
project,little_dog_angel
rain,little_dog_angel
restaurant,little_dog_angel
scale,little_dog_angel
sculptures,little_dog_angel
sensations,little_dog_angel
shop,little_dog_angel
sole,little_dog_angel
sport,little_dog_angel
steps,little_dog_angel
streets,little_dog_angel
test,little_dog_angel
tranquillity,little_dog_angel
tree,little_dog_angel
turismo,little_dog_angel
university,little_dog_angel
vento,little_dog_angel
vision,little_dog_angel
voices,little_dog_angel
water,little_dog_angel
wells,little_dog_angel
words_and_more,little_dog_angel
33bienal,load
ambient_noise,load
art,load
audible_traffic_lights,load
bar,load
bells,load
binary,load
birds,load
bridges,load
calle_closed,load
car,load
carnevale,load
culture,load
dangerous,load
dead,load
description,load
door,load
easter,load
fish,load
foundations,load
fruits,load
garden,load
girls,load
he_lives_together,load
headquarters,load
hello,load
hiking,load
history,load
hospital,load
iglesia,load
laramara,load
legends,load
library,load
luci,load
machine,load
maritime,load
market,load
memorial,load
mislata,load
movement,load
museum,load
music,load
nature,load
obstacle,load
odor,load
park,load
paseo,load
piazza,load
project,load
rain,load
restaurant,load
scale,load
sculpture,load
sculptures,load
sensations,load
shop,load
sole,load
sorocaba,load
sport,load
steps,load
stop,load
streets,load
tactile,load
temporary,load
theater,load
touch,load
tram,load
tranquillity,load
tree,load
university,load
vaporetto,load
vento,load
vision,load
voices,load
wall,load
water,load
wells,load
words_and_more,load
._reference,local
33bienal,local
accessible,local
ambient_noise,local
art,local
audible_traffic_lights,local
bar,local
bells,local
bike,local
binary,local
birds,local
blindwiki,local
bridges,local
calle_closed,local
car,local
carnevale,local
caution,local
culture,local
dangerous,local
dead,local
door,local
easter,local
fish,local
foundations,local
friendship,local
fruits,local
garden,local
germany,local
girls,local
he_lives_together,local
headquarters,local
hello,local
hiking,local
hospital,local
lande,local
legends,local
library,local
machine,local
maritime,local
market,local
meeting,local
memorial,local
mislata,local
movement,local
museum,local
music,local
neighborhood,local
night,local
obstacle,local
odor,local
park,local
paseo,local
perfumes,local
piazza,local
rain,local
restaurant,local
sculptures,local
sensations,local
shop,local
sole,local
sorocaba,local
sport,local
steps,local
stop,local
streets,local
tactile,local
temporary,local
test,local
theater,local
touch,local
tram,local
tranquillity,local
tree,local
turismo,local
vaporetto,local
venice,local
vento,local
vision,local
voices,local
wall,local
water,local
wells,local
words_and_more,local
work,local
._reference,location_description
33bienal,location_description
accessible,location_description
ambient_noise,location_description
art,location_description
audible_traffic_lights,location_description
bells,location_description
bike,location_description
binary,location_description
birds,location_description
blindwiki,location_description
bridges,location_description
calle_closed,location_description
carnevale,location_description
caution,location_description
crowded_environment,location_description
culture,location_description
dead,location_description
door,location_description
easter,location_description
fish,location_description
foundations,location_description
fruits,location_description
garden,location_description
girls,location_description
headquarters,location_description
hello,location_description
history,location_description
hospital,location_description
lande,location_description
laramara,location_description
legends,location_description
library,location_description
maritime,location_description
market,location_description
meeting,location_description
movement,location_description
music,location_description
nature,location_description
obstacle,location_description
odor,location_description
park,location_description
paseo,location_description
people,location_description
rain,location_description
scale,location_description
sculptures,location_description
sensations,location_description
shop,location_description
sorocaba,location_description
stop,location_description
streets,location_description
tactile,location_description
temporary,location_description
test,location_description
theater,location_description
touch,location_description
tram,location_description
tranquillity,location_description
tree,location_description
university,location_description
vaporetto,location_description
venice,location_description
vento,location_description
vision,location_description
voices,location_description
wall,location_description
words_and_more,location_description
work,location_description
._reference,lock
accessible,lock
ambient_noise,lock
art,lock
audible_traffic_lights,lock
bar,lock
bells,lock
binary,lock
birds,lock
blindwiki,lock
car,lock
carnevale,lock
caution,lock
crowded_environment,lock
culture,lock
dangerous,lock
dead,lock
description,lock
easter,lock
fish,lock
garden,lock
germany,lock
he_lives_together,lock
headquarters,lock
hello,lock
hiking,lock
history,lock
hospital,lock
lande,lock
legends,lock
luci,lock
market,lock
meeting,lock
memorial,lock
mislata,lock
movement,lock
museum,lock
music,lock
neighborhood,lock
night,lock
obstacle,lock
odor,lock
paseo,lock
people,lock
perfumes,lock
piazza,lock
project,lock
rain,lock
restaurant,lock
scale,lock
sensations,lock
sole,lock
sorocaba,lock
sport,lock
steps,lock
streets,lock
tactile,lock
temporary,lock
test,lock
touch,lock
tram,lock
tranquillity,lock
tree,lock
university,lock
vaporetto,lock
venice,lock
vento,lock
vision,lock
voices,lock
wells,lock
words_and_more,lock
work,lock
._reference,loges_route
33bienal,loges_route
accessible,loges_route
ambient_noise,loges_route
art,loges_route
audible_traffic_lights,loges_route
bar,loges_route
bells,loges_route
binary,loges_route
blindwiki,loges_route
bridges,loges_route
calle_closed,loges_route
carnevale,loges_route
caution,loges_route
crowded_environment,loges_route
culture,loges_route
dead,loges_route
description,loges_route
door,loges_route
easter,loges_route
fish,loges_route
foundations,loges_route
fruits,loges_route
garden,loges_route
germany,loges_route
hello,loges_route
hiking,loges_route
history,loges_route
hospital,loges_route
iglesia,loges_route
lande,loges_route
laramara,loges_route
legends,loges_route
library,loges_route
luci,loges_route
maritime,loges_route
market,loges_route
meeting,loges_route
memorial,loges_route
music,loges_route
neighborhood,loges_route
night,loges_route
obstacle,loges_route
odor,loges_route
park,loges_route
people,loges_route
perfumes,loges_route
piazza,loges_route
project,loges_route
rain,loges_route
restaurant,loges_route
scale,loges_route
sculpture,loges_route
sculptures,loges_route
shop,loges_route
sorocaba,loges_route
steps,loges_route
stop,loges_route
tactile,loges_route
temporary,loges_route
tranquillity,loges_route
tree,loges_route
turismo,loges_route
university,loges_route
vaporetto,loges_route
venice,loges_route
vento,loges_route
vision,loges_route
voices,loges_route
wall,loges_route
wells,loges_route
words_and_more,loges_route
work,loges_route
._reference,loves
33bienal,loves
accessible,loves
ambient_noise,loves
art,loves
audible_traffic_lights,loves
bar,loves
bells,loves
bike,loves
binary,loves
blindwiki,loves
bridges,loves
calle_closed,loves
car,loves
carnevale,loves
caution,loves
crowded_environment,loves
culture,loves
dangerous,loves
dead,loves
easter,loves
foundations,loves
friendship,loves
fruits,loves
girls,loves
he_lives_together,loves
headquarters,loves
hello,loves
hiking,loves
hospital,loves
lande,loves
laramara,loves
legends,loves
library,loves
luci,loves
machine,loves
maritime,loves
market,loves
meeting,loves
memorial,loves
mislata,loves
movement,loves
music,loves
neighborhood,loves
obstacle,loves
park,loves
perfumes,loves
piazza,loves
project,loves
rain,loves
scale,loves
sculpture,loves
sculptures,loves
sensations,loves
shop,loves
sorocaba,loves
steps,loves
stop,loves
streets,loves
tactile,loves
temporary,loves
test,loves
theater,loves
touch,loves
tram,loves
tranquillity,loves
tree,loves
turismo,loves
university,loves
vaporetto,loves
venice,loves
vento,loves
vision,loves
voices,loves
water,loves
wells,loves
words_and_more,loves
._reference,macs
33bienal,macs
accessible,macs
art,macs
audible_traffic_lights,macs
bar,macs
bike,macs
binary,macs
birds,macs
blindwiki,macs
car,macs
carnevale,macs
crowded_environment,macs
culture,macs
dead,macs
description,macs
door,macs
easter,macs
fruits,macs
garden,macs
germany,macs
girls,macs
headquarters,macs
hello,macs
hospital,macs
iglesia,macs
lande,macs
legends,macs
library,macs
machine,macs
maritime,macs
market,macs
meeting,macs
memorial,macs
mislata,macs
movement,macs
museum,macs
music,macs
neighborhood,macs
night,macs
obstacle,macs
odor,macs
park,macs
paseo,macs
people,macs
perfumes,macs
piazza,macs
project,macs
rain,macs
scale,macs
sculpture,macs
sculptures,macs
shop,macs
sole,macs
sorocaba,macs
sport,macs
stop,macs
streets,macs
temporary,macs
test,macs
theater,macs
tranquillity,macs
tree,macs
turismo,macs
university,macs
vento,macs
vision,macs
voices,macs
wall,macs
work,macs
33bienal,magic
accessible,magic
ambient_noise,magic
art,magic
audible_traffic_lights,magic
bar,magic
bells,magic
binary,magic
blindwiki,magic
calle_closed,magic
car,magic
carnevale,magic
caution,magic
crowded_environment,magic
culture,magic
dangerous,magic
dead,magic
door,magic
easter,magic
fish,magic
foundations,magic
friendship,magic
fruits,magic
garden,magic
germany,magic
girls,magic
he_lives_together,magic
headquarters,magic
hello,magic
hiking,magic
history,magic
hospital,magic
iglesia,magic
lande,magic
legends,magic
library,magic
luci,magic
machine,magic
maritime,magic
market,magic
meeting,magic
mislata,magic
movement,magic
museum,magic
music,magic
nature,magic
obstacle,magic
odor,magic
people,magic
perfumes,magic
piazza,magic
project,magic
rain,magic
restaurant,magic
sculpture,magic
sensations,magic
sole,magic
sport,magic
steps,magic
stop,magic
streets,magic
temporary,magic
test,magic
theater,magic
touch,magic
tree,magic
turismo,magic
vento,magic
vision,magic
voices,magic
wall,magic
water,magic
wells,magic
words_and_more,magic
._reference,main_station
33bienal,main_station
accessible,main_station
ambient_noise,main_station
art,main_station
audible_traffic_lights,main_station
bar,main_station
bells,main_station
bike,main_station
binary,main_station
birds,main_station
calle_closed,main_station
car,main_station
carnevale,main_station
caution,main_station
culture,main_station
dangerous,main_station
dead,main_station
description,main_station
door,main_station
foundations,main_station
germany,main_station
girls,main_station
he_lives_together,main_station
headquarters,main_station
hello,main_station
hiking,main_station
history,main_station
iglesia,main_station
legends,main_station
library,main_station
luci,main_station
machine,main_station
maritime,main_station
market,main_station
meeting,main_station
memorial,main_station
mislata,main_station
movement,main_station
music,main_station
nature,main_station
neighborhood,main_station
night,main_station
obstacle,main_station
odor,main_station
park,main_station
paseo,main_station
people,main_station
perfumes,main_station
restaurant,main_station
scale,main_station
sculpture,main_station
sculptures,main_station
sensations,main_station
sole,main_station
sorocaba,main_station
sport,main_station
tactile,main_station
temporary,main_station
test,main_station
theater,main_station
touch,main_station
tram,main_station
tranquillity,main_station
tree,main_station
turismo,main_station
university,main_station
vaporetto,main_station
venice,main_station
vento,main_station
vision,main_station
voices,main_station
wall,main_station
water,main_station
wells,main_station
words_and_more,main_station
work,main_station
accessible,mam
ambient_noise,mam
art,mam
audible_traffic_lights,mam
bar,mam
bike,mam
binary,mam
birds,mam
blindwiki,mam
bridges,mam
calle_closed,mam
car,mam
carnevale,mam
caution,mam
crowded_environment,mam
culture,mam
dangerous,mam
dead,mam
description,mam
door,mam
easter,mam
fish,mam
friendship,mam
fruits,mam
garden,mam
girls,mam
he_lives_together,mam
headquarters,mam
history,mam
hospital,mam
iglesia,mam
lande,mam
legends,mam
library,mam
luci,mam
machine,mam
market,mam
meeting,mam
memorial,mam
mislata,mam
movement,mam
music,mam
nature,mam
night,mam
obstacle,mam
odor,mam
park,mam
paseo,mam
perfumes,mam
project,mam
rain,mam
restaurant,mam
scale,mam
sculpture,mam
sensations,mam
sole,mam
sorocaba,mam
sport,mam
steps,mam
streets,mam
tactile,mam
temporary,mam
test,mam
theater,mam
touch,mam
tram,mam
tranquillity,mam
tree,mam
turismo,mam
vaporetto,mam
venice,mam
vision,mam
wall,mam
water,mam
wells,mam
work,mam
33bienal,manholes
accessible,manholes
ambient_noise,manholes
audible_traffic_lights,manholes
bar,manholes
binary,manholes
birds,manholes
blindwiki,manholes
calle_closed,manholes
car,manholes
carnevale,manholes
caution,manholes
crowded_environment,manholes
culture,manholes
dead,manholes
description,manholes
door,manholes
fish,manholes
foundations,manholes
friendship,manholes
fruits,manholes
garden,manholes
germany,manholes
girls,manholes
headquarters,manholes
hello,manholes
history,manholes
iglesia,manholes
legends,manholes
library,manholes
luci,manholes
machine,manholes
maritime,manholes
meeting,manholes
mislata,manholes
movement,manholes
museum,manholes
music,manholes
nature,manholes
neighborhood,manholes
night,manholes
obstacle,manholes
odor,manholes
park,manholes
people,manholes
piazza,manholes
project,manholes
rain,manholes
restaurant,manholes
scale,manholes
sculpture,manholes
sculptures,manholes
sensations,manholes
shop,manholes
sole,manholes
sport,manholes
steps,manholes
stop,manholes
streets,manholes
tactile,manholes
temporary,manholes
test,manholes
touch,manholes
tram,manholes
tree,manholes
turismo,manholes
vaporetto,manholes
venice,manholes
vento,manholes
voices,manholes
wall,manholes
water,manholes
wells,manholes
words_and_more,manholes
work,manholes
._reference,marble
accessible,marble
ambient_noise,marble
audible_traffic_lights,marble
bar,marble
bells,marble
bike,marble
binary,marble
birds,marble
blindwiki,marble
bridges,marble
calle_closed,marble
car,marble
carnevale,marble
caution,marble
crowded_environment,marble
dangerous,marble
description,marble
door,marble
easter,marble
friendship,marble
fruits,marble
garden,marble
girls,marble
he_lives_together,marble
hello,marble
hiking,marble
history,marble
hospital,marble
iglesia,marble
lande,marble
laramara,marble
legends,marble
library,marble
luci,marble
machine,marble
maritime,marble
market,marble
memorial,marble
mislata,marble
movement,marble
museum,marble
music,marble
neighborhood,marble
night,marble
obstacle,marble
odor,marble
park,marble
people,marble
perfumes,marble
piazza,marble
project,marble
rain,marble
restaurant,marble
sculptures,marble
sensations,marble
shop,marble
sole,marble
sorocaba,marble
sport,marble
stop,marble
streets,marble
tactile,marble
temporary,marble
theater,marble
tranquillity,marble
tree,marble
turismo,marble
university,marble
vaporetto,marble
venice,marble
wall,marble
water,marble
wells,marble
work,marble
._reference,mare
accessible,mare
ambient_noise,mare
art,mare
audible_traffic_lights,mare
bar,mare
bells,mare
binary,mare
birds,mare
blindwiki,mare
bridges,mare
car,mare
carnevale,mare
caution,mare
crowded_environment,mare
culture,mare
dangerous,mare
dead,mare
description,mare
door,mare
easter,mare
fish,mare
foundations,mare
friendship,mare
garden,mare
germany,mare
girls,mare
he_lives_together,mare
headquarters,mare
hello,mare
hiking,mare
history,mare
hospital,mare
lande,mare
library,mare
market,mare
meeting,mare
memorial,mare
mislata,mare
movement,mare
music,mare
night,mare
obstacle,mare
odor,mare
paseo,mare
people,mare
perfumes,mare
piazza,mare
project,mare
rain,mare
restaurant,mare
scale,mare
sculptures,mare
sensations,mare
shop,mare
sole,mare
sorocaba,mare
sport,mare
steps,mare
stop,mare
tactile,mare
temporary,mare
test,mare
theater,mare
touch,mare
tranquillity,mare
tree,mare
turismo,mare
university,mare
vaporetto,mare
venice,mare
vento,mare
vision,mare
voices,mare
water,mare
wells,mare
words_and_more,mare
work,mare
._reference,maritime_towns
33bienal,maritime_towns
accessible,maritime_towns
ambient_noise,maritime_towns
art,maritime_towns
bar,maritime_towns
bells,maritime_towns
bike,maritime_towns
binary,maritime_towns
birds,maritime_towns
blindwiki,maritime_towns
bridges,maritime_towns
calle_closed,maritime_towns
car,maritime_towns
carnevale,maritime_towns
caution,maritime_towns
culture,maritime_towns
dangerous,maritime_towns
dead,maritime_towns
description,maritime_towns
door,maritime_towns
fish,maritime_towns
friendship,maritime_towns
fruits,maritime_towns
he_lives_together,maritime_towns
headquarters,maritime_towns
hello,maritime_towns
lande,maritime_towns
laramara,maritime_towns
legends,maritime_towns
library,maritime_towns
maritime,maritime_towns
meeting,maritime_towns
memorial,maritime_towns
mislata,maritime_towns
movement,maritime_towns
museum,maritime_towns
music,maritime_towns
nature,maritime_towns
neighborhood,maritime_towns
obstacle,maritime_towns
odor,maritime_towns
park,maritime_towns
paseo,maritime_towns
people,maritime_towns
perfumes,maritime_towns
project,maritime_towns
rain,maritime_towns
restaurant,maritime_towns
scale,maritime_towns
sculpture,maritime_towns
sculptures,maritime_towns
sensations,maritime_towns
sole,maritime_towns
sorocaba,maritime_towns
sport,maritime_towns
steps,maritime_towns
streets,maritime_towns
tactile,maritime_towns
temporary,maritime_towns
test,maritime_towns
theater,maritime_towns
touch,maritime_towns
tram,maritime_towns
tranquillity,maritime_towns
tree,maritime_towns
turismo,maritime_towns
venice,maritime_towns
vision,maritime_towns
voices,maritime_towns
water,maritime_towns
wells,maritime_towns
words_and_more,maritime_towns
work,maritime_towns
._reference,meco
33bienal,meco
accessible,meco
ambient_noise,meco
art,meco
audible_traffic_lights,meco
bells,meco
bike,meco
binary,meco
birds,meco
bridges,meco
calle_closed,meco
car,meco
carnevale,meco
caution,meco
crowded_environment,meco
dangerous,meco
description,meco
easter,meco
foundations,meco
garden,meco
germany,meco
girls,meco
he_lives_together,meco
headquarters,meco
hello,meco
hiking,meco
history,meco
hospital,meco
iglesia,meco
lande,meco
legends,meco
luci,meco
machine,meco
maritime,meco
market,meco
meeting,meco
memorial,meco
mislata,meco
movement,meco
music,meco
neighborhood,meco
night,meco
odor,meco
park,meco
piazza,meco
project,meco
rain,meco
scale,meco
sculpture,meco
sculptures,meco
shop,meco
sole,meco
sport,meco
steps,meco
stop,meco
streets,meco
temporary,meco
test,meco
theater,meco
touch,meco
tranquillity,meco
tree,meco
turismo,meco
university,meco
vento,meco
vision,meco
wall,meco
words_and_more,meco
work,meco
accessible,medici
ambient_noise,medici
art,medici
bar,medici
binary,medici
blindwiki,medici
bridges,medici
calle_closed,medici
carnevale,medici
caution,medici
crowded_environment,medici
culture,medici
dangerous,medici
dead,medici
description,medici
door,medici
easter,medici
fish,medici
foundations,medici
friendship,medici
fruits,medici
garden,medici
germany,medici
he_lives_together,medici
hello,medici
hiking,medici
hospital,medici
lande,medici
laramara,medici
legends,medici
library,medici
luci,medici
machine,medici
meeting,medici
memorial,medici
mislata,medici
movement,medici
museum,medici
music,medici
nature,medici
neighborhood,medici
night,medici
obstacle,medici
odor,medici
paseo,medici
perfumes,medici
piazza,medici
project,medici
rain,medici
restaurant,medici
scale,medici
sculpture,medici
sculptures,medici
sensations,medici
sole,medici
sorocaba,medici
sport,medici
steps,medici
stop,medici
streets,medici
temporary,medici
theater,medici
touch,medici
tram,medici
tranquillity,medici
tree,medici
university,medici
vento,medici
vision,medici
voices,medici
wall,medici
wells,medici
words_and_more,medici
._reference,memorial_america_latina
33bienal,memorial_america_latina
accessible,memorial_america_latina
ambient_noise,memorial_america_latina
bar,memorial_america_latina
bells,memorial_america_latina
bike,memorial_america_latina
blindwiki,memorial_america_latina
bridges,memorial_america_latina
car,memorial_america_latina
carnevale,memorial_america_latina
culture,memorial_america_latina
dangerous,memorial_america_latina
dead,memorial_america_latina
description,memorial_america_latina
door,memorial_america_latina
easter,memorial_america_latina
fish,memorial_america_latina
foundations,memorial_america_latina
friendship,memorial_america_latina
fruits,memorial_america_latina
garden,memorial_america_latina
germany,memorial_america_latina
girls,memorial_america_latina
headquarters,memorial_america_latina
hello,memorial_america_latina
history,memorial_america_latina
hospital,memorial_america_latina
lande,memorial_america_latina
laramara,memorial_america_latina
library,memorial_america_latina
maritime,memorial_america_latina
market,memorial_america_latina
meeting,memorial_america_latina
memorial,memorial_america_latina
mislata,memorial_america_latina
movement,memorial_america_latina
museum,memorial_america_latina
music,memorial_america_latina
nature,memorial_america_latina
neighborhood,memorial_america_latina
night,memorial_america_latina
obstacle,memorial_america_latina
odor,memorial_america_latina
park,memorial_america_latina
perfumes,memorial_america_latina
piazza,memorial_america_latina
project,memorial_america_latina
restaurant,memorial_america_latina
sculpture,memorial_america_latina
sculptures,memorial_america_latina
sensations,memorial_america_latina
shop,memorial_america_latina
sole,memorial_america_latina
sorocaba,memorial_america_latina
sport,memorial_america_latina
stop,memorial_america_latina
streets,memorial_america_latina
temporary,memorial_america_latina
test,memorial_america_latina
tram,memorial_america_latina
tranquillity,memorial_america_latina
tree,memorial_america_latina
turismo,memorial_america_latina
university,memorial_america_latina
venice,memorial_america_latina
vento,memorial_america_latina
wall,memorial_america_latina
water,memorial_america_latina
wells,memorial_america_latina
words_and_more,memorial_america_latina
work,memorial_america_latina
._reference,memorial_of_latin_america
accessible,memorial_of_latin_america
ambient_noise,memorial_of_latin_america
art,memorial_of_latin_america
audible_traffic_lights,memorial_of_latin_america
bar,memorial_of_latin_america
bells,memorial_of_latin_america
bike,memorial_of_latin_america
binary,memorial_of_latin_america
birds,memorial_of_latin_america
blindwiki,memorial_of_latin_america
car,memorial_of_latin_america
carnevale,memorial_of_latin_america
caution,memorial_of_latin_america
crowded_environment,memorial_of_latin_america
culture,memorial_of_latin_america
dangerous,memorial_of_latin_america
dead,memorial_of_latin_america
description,memorial_of_latin_america
door,memorial_of_latin_america
easter,memorial_of_latin_america
fish,memorial_of_latin_america
foundations,memorial_of_latin_america
fruits,memorial_of_latin_america
garden,memorial_of_latin_america
germany,memorial_of_latin_america
girls,memorial_of_latin_america
he_lives_together,memorial_of_latin_america
headquarters,memorial_of_latin_america
hospital,memorial_of_latin_america
lande,memorial_of_latin_america
laramara,memorial_of_latin_america
legends,memorial_of_latin_america
library,memorial_of_latin_america
luci,memorial_of_latin_america
machine,memorial_of_latin_america
maritime,memorial_of_latin_america
market,memorial_of_latin_america
meeting,memorial_of_latin_america
memorial,memorial_of_latin_america
mislata,memorial_of_latin_america
movement,memorial_of_latin_america
museum,memorial_of_latin_america
music,memorial_of_latin_america
nature,memorial_of_latin_america
neighborhood,memorial_of_latin_america
night,memorial_of_latin_america
obstacle,memorial_of_latin_america
odor,memorial_of_latin_america
park,memorial_of_latin_america
paseo,memorial_of_latin_america
people,memorial_of_latin_america
perfumes,memorial_of_latin_america
piazza,memorial_of_latin_america
project,memorial_of_latin_america
rain,memorial_of_latin_america
restaurant,memorial_of_latin_america
scale,memorial_of_latin_america
sculpture,memorial_of_latin_america
sculptures,memorial_of_latin_america
shop,memorial_of_latin_america
sole,memorial_of_latin_america
steps,memorial_of_latin_america
stop,memorial_of_latin_america
streets,memorial_of_latin_america
tactile,memorial_of_latin_america
temporary,memorial_of_latin_america
test,memorial_of_latin_america
theater,memorial_of_latin_america
touch,memorial_of_latin_america
tram,memorial_of_latin_america
tranquillity,memorial_of_latin_america
tree,memorial_of_latin_america
turismo,memorial_of_latin_america
university,memorial_of_latin_america
vaporetto,memorial_of_latin_america
vento,memorial_of_latin_america
vision,memorial_of_latin_america
voices,memorial_of_latin_america
wall,memorial_of_latin_america
water,memorial_of_latin_america
words_and_more,memorial_of_latin_america
work,memorial_of_latin_america
._reference,mequi_1000
33bienal,mequi_1000
accessible,mequi_1000
ambient_noise,mequi_1000
audible_traffic_lights,mequi_1000
bar,mequi_1000
bells,mequi_1000
bike,mequi_1000
binary,mequi_1000
birds,mequi_1000
blindwiki,mequi_1000
bridges,mequi_1000
calle_closed,mequi_1000
car,mequi_1000
carnevale,mequi_1000
caution,mequi_1000
crowded_environment,mequi_1000
culture,mequi_1000
dangerous,mequi_1000
dead,mequi_1000
description,mequi_1000
door,mequi_1000
easter,mequi_1000
fish,mequi_1000
foundations,mequi_1000
friendship,mequi_1000
garden,mequi_1000
germany,mequi_1000
girls,mequi_1000
he_lives_together,mequi_1000
headquarters,mequi_1000
hiking,mequi_1000
history,mequi_1000
hospital,mequi_1000
iglesia,mequi_1000
lande,mequi_1000
legends,mequi_1000
library,mequi_1000
luci,mequi_1000
maritime,mequi_1000
meeting,mequi_1000
movement,mequi_1000
museum,mequi_1000
music,mequi_1000
nature,mequi_1000
neighborhood,mequi_1000
night,mequi_1000
odor,mequi_1000
park,mequi_1000
paseo,mequi_1000
people,mequi_1000
perfumes,mequi_1000
piazza,mequi_1000
project,mequi_1000
rain,mequi_1000
restaurant,mequi_1000
scale,mequi_1000
shop,mequi_1000
sole,mequi_1000
sorocaba,mequi_1000
sport,mequi_1000
steps,mequi_1000
stop,mequi_1000
streets,mequi_1000
temporary,mequi_1000
test,mequi_1000
theater,mequi_1000
touch,mequi_1000
tree,mequi_1000
turismo,mequi_1000
university,mequi_1000
vision,mequi_1000
voices,mequi_1000
water,mequi_1000
words_and_more,mequi_1000
work,mequi_1000
._reference,mobility
accessible,mobility
art,mobility
audible_traffic_lights,mobility
bar,mobility
bike,mobility
binary,mobility
birds,mobility
bridges,mobility
calle_closed,mobility
car,mobility
carnevale,mobility
caution,mobility
crowded_environment,mobility
dead,mobility
description,mobility
door,mobility
fish,mobility
foundations,mobility
friendship,mobility
fruits,mobility
garden,mobility
germany,mobility
girls,mobility
headquarters,mobility
hello,mobility
history,mobility
hospital,mobility
iglesia,mobility
lande,mobility
laramara,mobility
legends,mobility
library,mobility
luci,mobility
market,mobility
mislata,mobility
movement,mobility
museum,mobility
music,mobility
nature,mobility
night,mobility
obstacle,mobility
odor,mobility
park,mobility
paseo,mobility
people,mobility
perfumes,mobility
project,mobility
rain,mobility
restaurant,mobility
scale,mobility
sculpture,mobility
sculptures,mobility
sensations,mobility
shop,mobility
sole,mobility
sorocaba,mobility
sport,mobility
steps,mobility
stop,mobility
tactile,mobility
temporary,mobility
test,mobility
theater,mobility
tram,mobility
turismo,mobility
university,mobility
vaporetto,mobility
venice,mobility
vento,mobility
vision,mobility
voices,mobility
wall,mobility
water,mobility
words_and_more,mobility
work,mobility
33bienal,model
accessible,model
ambient_noise,model
art,model
audible_traffic_lights,model
bells,model
bike,model
birds,model
bridges,model
calle_closed,model
car,model
caution,model
crowded_environment,model
culture,model
dangerous,model
dead,model
description,model
door,model
easter,model
foundations,model
friendship,model
fruits,model
garden,model
germany,model
girls,model
he_lives_together,model
hello,model
hiking,model
history,model
hospital,model
lande,model
laramara,model
legends,model
library,model
luci,model
machine,model
market,model
meeting,model
memorial,model
mislata,model
movement,model
music,model
nature,model
neighborhood,model
night,model
odor,model
park,model
perfumes,model
piazza,model
project,model
restaurant,model
scale,model
sculpture,model
sculptures,model
sensations,model
shop,model
sole,model
sport,model
steps,model
tactile,model
temporary,model
test,model
theater,model
touch,model
tram,model
tree,model
university,model
venice,model
vento,model
vision,model
voices,model
wall,model
water,model
wells,model
words_and_more,model
work,model
._reference,modernist_house
accessible,modernist_house
audible_traffic_lights,modernist_house
bar,modernist_house
bells,modernist_house
binary,modernist_house
birds,modernist_house
blindwiki,modernist_house
bridges,modernist_house
calle_closed,modernist_house
car,modernist_house
carnevale,modernist_house
crowded_environment,modernist_house
dangerous,modernist_house
dead,modernist_house
description,modernist_house
fish,modernist_house
fruits,modernist_house
garden,modernist_house
girls,modernist_house
he_lives_together,modernist_house
headquarters,modernist_house
history,modernist_house
hospital,modernist_house
iglesia,modernist_house
laramara,modernist_house
legends,modernist_house
library,modernist_house
machine,modernist_house
maritime,modernist_house
market,modernist_house
mislata,modernist_house
movement,modernist_house
museum,modernist_house
music,modernist_house
nature,modernist_house
neighborhood,modernist_house
night,modernist_house
obstacle,modernist_house
odor,modernist_house
park,modernist_house
paseo,modernist_house
people,modernist_house
perfumes,modernist_house
project,modernist_house
rain,modernist_house
restaurant,modernist_house
scale,modernist_house
sculptures,modernist_house
shop,modernist_house
sole,modernist_house
steps,modernist_house
streets,modernist_house
tactile,modernist_house
test,modernist_house
touch,modernist_house
tram,modernist_house
turismo,modernist_house
vaporetto,modernist_house
venice,modernist_house
vision,modernist_house
water,modernist_house
wells,modernist_house
work,modernist_house
._reference,monastery_of_pedralbes
33bienal,monastery_of_pedralbes
accessible,monastery_of_pedralbes
ambient_noise,monastery_of_pedralbes
art,monastery_of_pedralbes
audible_traffic_lights,monastery_of_pedralbes
bike,monastery_of_pedralbes
binary,monastery_of_pedralbes
birds,monastery_of_pedralbes
blindwiki,monastery_of_pedralbes
calle_closed,monastery_of_pedralbes
car,monastery_of_pedralbes
caution,monastery_of_pedralbes
crowded_environment,monastery_of_pedralbes
culture,monastery_of_pedralbes
dangerous,monastery_of_pedralbes
dead,monastery_of_pedralbes
description,monastery_of_pedralbes
door,monastery_of_pedralbes
fish,monastery_of_pedralbes
foundations,monastery_of_pedralbes
fruits,monastery_of_pedralbes
garden,monastery_of_pedralbes
germany,monastery_of_pedralbes
he_lives_together,monastery_of_pedralbes
headquarters,monastery_of_pedralbes
hello,monastery_of_pedralbes
hiking,monastery_of_pedralbes
hospital,monastery_of_pedralbes
lande,monastery_of_pedralbes
laramara,monastery_of_pedralbes
legends,monastery_of_pedralbes
library,monastery_of_pedralbes
luci,monastery_of_pedralbes
machine,monastery_of_pedralbes
maritime,monastery_of_pedralbes
market,monastery_of_pedralbes
meeting,monastery_of_pedralbes
memorial,monastery_of_pedralbes
movement,monastery_of_pedralbes
museum,monastery_of_pedralbes
music,monastery_of_pedralbes
nature,monastery_of_pedralbes
neighborhood,monastery_of_pedralbes
obstacle,monastery_of_pedralbes
odor,monastery_of_pedralbes
park,monastery_of_pedralbes
perfumes,monastery_of_pedralbes
piazza,monastery_of_pedralbes
project,monastery_of_pedralbes
rain,monastery_of_pedralbes
restaurant,monastery_of_pedralbes
scale,monastery_of_pedralbes
sculpture,monastery_of_pedralbes
sculptures,monastery_of_pedralbes
sensations,monastery_of_pedralbes
shop,monastery_of_pedralbes
sole,monastery_of_pedralbes
sorocaba,monastery_of_pedralbes
sport,monastery_of_pedralbes
steps,monastery_of_pedralbes
stop,monastery_of_pedralbes
streets,monastery_of_pedralbes
tactile,monastery_of_pedralbes
test,monastery_of_pedralbes
touch,monastery_of_pedralbes
tram,monastery_of_pedralbes
tranquillity,monastery_of_pedralbes
turismo,monastery_of_pedralbes
vaporetto,monastery_of_pedralbes
vision,monastery_of_pedralbes
voices,monastery_of_pedralbes
wall,monastery_of_pedralbes
wells,monastery_of_pedralbes
work,monastery_of_pedralbes
33bienal,monument
accessible,monument
ambient_noise,monument
art,monument
audible_traffic_lights,monument
bar,monument
bells,monument
bike,monument
binary,monument
birds,monument
blindwiki,monument
calle_closed,monument
car,monument
caution,monument
crowded_environment,monument
dangerous,monument
dead,monument
description,monument
easter,monument
fish,monument
foundations,monument
friendship,monument
fruits,monument
garden,monument
germany,monument
girls,monument
he_lives_together,monument
headquarters,monument
hiking,monument
history,monument
hospital,monument
lande,monument
laramara,monument
legends,monument
library,monument
luci,monument
machine,monument
maritime,monument
market,monument
meeting,monument
memorial,monument
mislata,monument
movement,monument
museum,monument
music,monument
nature,monument
night,monument
obstacle,monument
odor,monument
park,monument
paseo,monument
people,monument
perfumes,monument
restaurant,monument
scale,monument
sculptures,monument
sensations,monument
sole,monument
sorocaba,monument
sport,monument
steps,monument
stop,monument
tactile,monument
temporary,monument
test,monument
theater,monument
touch,monument
tram,monument
tree,monument
turismo,monument
university,monument
vaporetto,monument
vento,monument
vision,monument
voices,monument
wall,monument
water,monument
wells,monument
work,monument
._reference,moreira_salles
33bienal,moreira_salles
accessible,moreira_salles
ambient_noise,moreira_salles
art,moreira_salles
audible_traffic_lights,moreira_salles
bar,moreira_salles
bells,moreira_salles
bike,moreira_salles
birds,moreira_salles
blindwiki,moreira_salles
bridges,moreira_salles
calle_closed,moreira_salles
carnevale,moreira_salles
crowded_environment,moreira_salles
culture,moreira_salles
dead,moreira_salles
door,moreira_salles
easter,moreira_salles
fish,moreira_salles
friendship,moreira_salles
fruits,moreira_salles
garden,moreira_salles
germany,moreira_salles
girls,moreira_salles
headquarters,moreira_salles
hello,moreira_salles
hiking,moreira_salles
hospital,moreira_salles
iglesia,moreira_salles
lande,moreira_salles
laramara,moreira_salles
library,moreira_salles
luci,moreira_salles
machine,moreira_salles
market,moreira_salles
meeting,moreira_salles
memorial,moreira_salles
movement,moreira_salles
museum,moreira_salles
music,moreira_salles
nature,moreira_salles
neighborhood,moreira_salles
night,moreira_salles
obstacle,moreira_salles
odor,moreira_salles
park,moreira_salles
paseo,moreira_salles
people,moreira_salles
piazza,moreira_salles
project,moreira_salles
rain,moreira_salles
restaurant,moreira_salles
scale,moreira_salles
sculptures,moreira_salles
sensations,moreira_salles
shop,moreira_salles
sole,moreira_salles
sorocaba,moreira_salles
sport,moreira_salles
stop,moreira_salles
streets,moreira_salles
tactile,moreira_salles
test,moreira_salles
theater,moreira_salles
touch,moreira_salles
tram,moreira_salles
tranquillity,moreira_salles
tree,moreira_salles
university,moreira_salles
venice,moreira_salles
vento,moreira_salles
vision,moreira_salles
voices,moreira_salles
water,moreira_salles
wells,moreira_salles
words_and_more,moreira_salles
work,moreira_salles
33bienal,moreira_salles_institute
accessible,moreira_salles_institute
ambient_noise,moreira_salles_institute
audible_traffic_lights,moreira_salles_institute
bar,moreira_salles_institute
bells,moreira_salles_institute
bike,moreira_salles_institute
binary,moreira_salles_institute
birds,moreira_salles_institute
blindwiki,moreira_salles_institute
bridges,moreira_salles_institute
car,moreira_salles_institute
caution,moreira_salles_institute
crowded_environment,moreira_salles_institute
dangerous,moreira_salles_institute
dead,moreira_salles_institute
description,moreira_salles_institute
door,moreira_salles_institute
fish,moreira_salles_institute
foundations,moreira_salles_institute
friendship,moreira_salles_institute
fruits,moreira_salles_institute
germany,moreira_salles_institute
girls,moreira_salles_institute
he_lives_together,moreira_salles_institute
hiking,moreira_salles_institute
history,moreira_salles_institute
hospital,moreira_salles_institute
iglesia,moreira_salles_institute
lande,moreira_salles_institute
laramara,moreira_salles_institute
legends,moreira_salles_institute
library,moreira_salles_institute
machine,moreira_salles_institute
maritime,moreira_salles_institute
meeting,moreira_salles_institute
mislata,moreira_salles_institute
museum,moreira_salles_institute
nature,moreira_salles_institute
neighborhood,moreira_salles_institute
night,moreira_salles_institute
obstacle,moreira_salles_institute
odor,moreira_salles_institute
park,moreira_salles_institute
people,moreira_salles_institute
perfumes,moreira_salles_institute
piazza,moreira_salles_institute
restaurant,moreira_salles_institute
scale,moreira_salles_institute
sculpture,moreira_salles_institute
sculptures,moreira_salles_institute
sensations,moreira_salles_institute
shop,moreira_salles_institute
sole,moreira_salles_institute
sorocaba,moreira_salles_institute
sport,moreira_salles_institute
steps,moreira_salles_institute
tactile,moreira_salles_institute
temporary,moreira_salles_institute
touch,moreira_salles_institute
tram,moreira_salles_institute
tranquillity,moreira_salles_institute
tree,moreira_salles_institute
turismo,moreira_salles_institute
university,moreira_salles_institute
vaporetto,moreira_salles_institute
venice,moreira_salles_institute
vento,moreira_salles_institute
vision,moreira_salles_institute
voices,moreira_salles_institute
wall,moreira_salles_institute
water,moreira_salles_institute
wells,moreira_salles_institute
words_and_more,moreira_salles_institute
work,moreira_salles_institute
33bienal,moscowneversleeps
accessible,moscowneversleeps
ambient_noise,moscowneversleeps
art,moscowneversleeps
audible_traffic_lights,moscowneversleeps
bar,moscowneversleeps
bike,moscowneversleeps
binary,moscowneversleeps
birds,moscowneversleeps
blindwiki,moscowneversleeps
bridges,moscowneversleeps
car,moscowneversleeps
caution,moscowneversleeps
crowded_environment,moscowneversleeps
culture,moscowneversleeps
dead,moscowneversleeps
description,moscowneversleeps
door,moscowneversleeps
easter,moscowneversleeps
fish,moscowneversleeps
foundations,moscowneversleeps
friendship,moscowneversleeps
fruits,moscowneversleeps
garden,moscowneversleeps
he_lives_together,moscowneversleeps
headquarters,moscowneversleeps
hello,moscowneversleeps
hiking,moscowneversleeps
hospital,moscowneversleeps
iglesia,moscowneversleeps
laramara,moscowneversleeps
legends,moscowneversleeps
library,moscowneversleeps
luci,moscowneversleeps
machine,moscowneversleeps
maritime,moscowneversleeps
market,moscowneversleeps
meeting,moscowneversleeps
museum,moscowneversleeps
music,moscowneversleeps
nature,moscowneversleeps
night,moscowneversleeps
obstacle,moscowneversleeps
odor,moscowneversleeps
park,moscowneversleeps
paseo,moscowneversleeps
people,moscowneversleeps
project,moscowneversleeps
rain,moscowneversleeps
restaurant,moscowneversleeps
sculpture,moscowneversleeps
sculptures,moscowneversleeps
sensations,moscowneversleeps
sole,moscowneversleeps
sport,moscowneversleeps
steps,moscowneversleeps
stop,moscowneversleeps
streets,moscowneversleeps
tactile,moscowneversleeps
temporary,moscowneversleeps
test,moscowneversleeps
tram,moscowneversleeps
tranquillity,moscowneversleeps
tree,moscowneversleeps
turismo,moscowneversleeps
vaporetto,moscowneversleeps
venice,moscowneversleeps
vento,moscowneversleeps
voices,moscowneversleeps
wall,moscowneversleeps
wells,moscowneversleeps
words_and_more,moscowneversleeps
work,moscowneversleeps
._reference,mountain
33bienal,mountain
accessible,mountain
ambient_noise,mountain
art,mountain
audible_traffic_lights,mountain
bar,mountain
bells,mountain
bike,mountain
binary,mountain
birds,mountain
blindwiki,mountain
bridges,mountain
calle_closed,mountain
car,mountain
caution,mountain
crowded_environment,mountain
culture,mountain
dangerous,mountain
dead,mountain
description,mountain
easter,mountain
fish,mountain
foundations,mountain
friendship,mountain
fruits,mountain
garden,mountain
germany,mountain
he_lives_together,mountain
headquarters,mountain
hello,mountain
hiking,mountain
history,mountain
hospital,mountain
lande,mountain
laramara,mountain
legends,mountain
library,mountain
luci,mountain
maritime,mountain
meeting,mountain
memorial,mountain
mislata,mountain
movement,mountain
museum,mountain
music,mountain
nature,mountain
neighborhood,mountain
obstacle,mountain
odor,mountain
park,mountain
people,mountain
perfumes,mountain
piazza,mountain
project,mountain
rain,mountain
restaurant,mountain
scale,mountain
sculpture,mountain
sculptures,mountain
sensations,mountain
sole,mountain
sorocaba,mountain
sport,mountain
steps,mountain
streets,mountain
tactile,mountain
temporary,mountain
test,mountain
theater,mountain
touch,mountain
tram,mountain
tranquillity,mountain
turismo,mountain
university,mountain
vaporetto,mountain
venice,mountain
vento,mountain
vision,mountain
voices,mountain
wall,mountain
water,mountain
wells,mountain
words_and_more,mountain
work,mountain
._reference,multidirectional
accessible,multidirectional
ambient_noise,multidirectional
art,multidirectional
bar,multidirectional
bells,multidirectional
bike,multidirectional
binary,multidirectional
birds,multidirectional
blindwiki,multidirectional
bridges,multidirectional
car,multidirectional
carnevale,multidirectional
caution,multidirectional
culture,multidirectional
dangerous,multidirectional
dead,multidirectional
description,multidirectional
door,multidirectional
easter,multidirectional
fish,multidirectional
foundations,multidirectional
friendship,multidirectional
garden,multidirectional
girls,multidirectional
he_lives_together,multidirectional
headquarters,multidirectional
hiking,multidirectional
history,multidirectional
hospital,multidirectional
laramara,multidirectional
legends,multidirectional
luci,multidirectional
machine,multidirectional
maritime,multidirectional
market,multidirectional
meeting,multidirectional
memorial,multidirectional
mislata,multidirectional
movement,multidirectional
museum,multidirectional
music,multidirectional
nature,multidirectional
neighborhood,multidirectional
night,multidirectional
obstacle,multidirectional
odor,multidirectional
park,multidirectional
paseo,multidirectional
people,multidirectional
perfumes,multidirectional
piazza,multidirectional
project,multidirectional
restaurant,multidirectional
scale,multidirectional
sculpture,multidirectional
sculptures,multidirectional
sensations,multidirectional
shop,multidirectional
sole,multidirectional
sorocaba,multidirectional
sport,multidirectional
steps,multidirectional
stop,multidirectional
streets,multidirectional
tactile,multidirectional
temporary,multidirectional
test,multidirectional
theater,multidirectional
tram,multidirectional
tranquillity,multidirectional
tree,multidirectional
turismo,multidirectional
university,multidirectional
vaporetto,multidirectional
venice,multidirectional
vento,multidirectional
vision,multidirectional
voices,multidirectional
wall,multidirectional
water,multidirectional
wells,multidirectional
work,multidirectional
._reference,museum_island
33bienal,museum_island
accessible,museum_island
ambient_noise,museum_island
art,museum_island
audible_traffic_lights,museum_island
bar,museum_island
bells,museum_island
bike,museum_island
binary,museum_island
birds,museum_island
bridges,museum_island
calle_closed,museum_island
car,museum_island
carnevale,museum_island
caution,museum_island
culture,museum_island
dangerous,museum_island
dead,museum_island
door,museum_island
foundations,museum_island
friendship,museum_island
fruits,museum_island
garden,museum_island
germany,museum_island
girls,museum_island
he_lives_together,museum_island
headquarters,museum_island
hiking,museum_island
history,museum_island
hospital,museum_island
iglesia,museum_island
lande,museum_island
laramara,museum_island
legends,museum_island
library,museum_island
machine,museum_island
maritime,museum_island
market,museum_island
meeting,museum_island
memorial,museum_island
mislata,museum_island
movement,museum_island
museum,museum_island
music,museum_island
nature,museum_island
neighborhood,museum_island
night,museum_island
obstacle,museum_island
park,museum_island
paseo,museum_island
people,museum_island
perfumes,museum_island
piazza,museum_island
project,museum_island
rain,museum_island
restaurant,museum_island
scale,museum_island
sculpture,museum_island
sculptures,museum_island
sensations,museum_island
shop,museum_island
sole,museum_island
sorocaba,museum_island
sport,museum_island
steps,museum_island
tactile,museum_island
temporary,museum_island
test,museum_island
theater,museum_island
touch,museum_island
tram,museum_island
tree,museum_island
turismo,museum_island
university,museum_island
venice,museum_island
vento,museum_island
vision,museum_island
wall,museum_island
water,museum_island
wells,museum_island
words_and_more,museum_island
work,museum_island
33bienal,museum_of_tomorrow
accessible,museum_of_tomorrow
ambient_noise,museum_of_tomorrow
art,museum_of_tomorrow
audible_traffic_lights,museum_of_tomorrow
bells,museum_of_tomorrow
bike,museum_of_tomorrow
binary,museum_of_tomorrow
birds,museum_of_tomorrow
blindwiki,museum_of_tomorrow
bridges,museum_of_tomorrow
calle_closed,museum_of_tomorrow
caution,museum_of_tomorrow
crowded_environment,museum_of_tomorrow
culture,museum_of_tomorrow
dangerous,museum_of_tomorrow
dead,museum_of_tomorrow
description,museum_of_tomorrow
door,museum_of_tomorrow
easter,museum_of_tomorrow
fish,museum_of_tomorrow
foundations,museum_of_tomorrow
friendship,museum_of_tomorrow
fruits,museum_of_tomorrow
garden,museum_of_tomorrow
germany,museum_of_tomorrow
girls,museum_of_tomorrow
headquarters,museum_of_tomorrow
hello,museum_of_tomorrow
hiking,museum_of_tomorrow
history,museum_of_tomorrow
hospital,museum_of_tomorrow
iglesia,museum_of_tomorrow
lande,museum_of_tomorrow
legends,museum_of_tomorrow
library,museum_of_tomorrow
luci,museum_of_tomorrow
machine,museum_of_tomorrow
maritime,museum_of_tomorrow
market,museum_of_tomorrow
mislata,museum_of_tomorrow
movement,museum_of_tomorrow
museum,museum_of_tomorrow
music,museum_of_tomorrow
obstacle,museum_of_tomorrow
odor,museum_of_tomorrow
paseo,museum_of_tomorrow
people,museum_of_tomorrow
perfumes,museum_of_tomorrow
piazza,museum_of_tomorrow
rain,museum_of_tomorrow
restaurant,museum_of_tomorrow
scale,museum_of_tomorrow
sculpture,museum_of_tomorrow
sculptures,museum_of_tomorrow
sensations,museum_of_tomorrow
shop,museum_of_tomorrow
sole,museum_of_tomorrow
sorocaba,museum_of_tomorrow
sport,museum_of_tomorrow
steps,museum_of_tomorrow
streets,museum_of_tomorrow
tactile,museum_of_tomorrow
temporary,museum_of_tomorrow
test,museum_of_tomorrow
touch,museum_of_tomorrow
tram,museum_of_tomorrow
tranquillity,museum_of_tomorrow
turismo,museum_of_tomorrow
university,museum_of_tomorrow
vaporetto,museum_of_tomorrow
venice,museum_of_tomorrow
vento,museum_of_tomorrow
vision,museum_of_tomorrow
voices,museum_of_tomorrow
wall,museum_of_tomorrow
water,museum_of_tomorrow
wells,museum_of_tomorrow
work,museum_of_tomorrow
._reference,museums
accessible,museums
ambient_noise,museums
audible_traffic_lights,museums
bar,museums
bells,museums
birds,museums
blindwiki,museums
bridges,museums
car,museums
carnevale,museums
crowded_environment,museums
culture,museums
dangerous,museums
dead,museums
description,museums
door,museums
easter,museums
fish,museums
friendship,museums
fruits,museums
garden,museums
germany,museums
girls,museums
headquarters,museums
hello,museums
hospital,museums
iglesia,museums
lande,museums
laramara,museums
legends,museums
library,museums
luci,museums
machine,museums
maritime,museums
market,museums
meeting,museums
memorial,museums
mislata,museums
museum,museums
music,museums
nature,museums
neighborhood,museums
night,museums
obstacle,museums
park,museums
people,museums
perfumes,museums
piazza,museums
project,museums
rain,museums
restaurant,museums
scale,museums
sculptures,museums
shop,museums
sole,museums
sorocaba,museums
steps,museums
stop,museums
streets,museums
tactile,museums
test,museums
theater,museums
touch,museums
tram,museums
tranquillity,museums
tree,museums
turismo,museums
university,museums
vaporetto,museums
venice,museums
vento,museums
vision,museums
voices,museums
wall,museums
water,museums
wells,museums
work,museums
._reference,narrow_street
33bienal,narrow_street
accessible,narrow_street
ambient_noise,narrow_street
art,narrow_street
bells,narrow_street
bike,narrow_street
binary,narrow_street
birds,narrow_street
blindwiki,narrow_street
bridges,narrow_street
carnevale,narrow_street
caution,narrow_street
culture,narrow_street
dangerous,narrow_street
dead,narrow_street
description,narrow_street
door,narrow_street
easter,narrow_street
fish,narrow_street
foundations,narrow_street
friendship,narrow_street
fruits,narrow_street
garden,narrow_street
girls,narrow_street
headquarters,narrow_street
hello,narrow_street
history,narrow_street
hospital,narrow_street
lande,narrow_street
laramara,narrow_street
legends,narrow_street
library,narrow_street
luci,narrow_street
machine,narrow_street
maritime,narrow_street
market,narrow_street
meeting,narrow_street
memorial,narrow_street
mislata,narrow_street
movement,narrow_street
museum,narrow_street
music,narrow_street
nature,narrow_street
neighborhood,narrow_street
night,narrow_street
obstacle,narrow_street
odor,narrow_street
park,narrow_street
paseo,narrow_street
people,narrow_street
perfumes,narrow_street
project,narrow_street
rain,narrow_street
restaurant,narrow_street
scale,narrow_street
sculpture,narrow_street
sculptures,narrow_street
sensations,narrow_street
shop,narrow_street
sport,narrow_street
steps,narrow_street
stop,narrow_street
streets,narrow_street
tactile,narrow_street
temporary,narrow_street
test,narrow_street
theater,narrow_street
touch,narrow_street
tram,narrow_street
tree,narrow_street
turismo,narrow_street
university,narrow_street
venice,narrow_street
vento,narrow_street
vision,narrow_street
voices,narrow_street
water,narrow_street
wells,narrow_street
work,narrow_street
._reference,navi
33bienal,navi
audible_traffic_lights,navi
birds,navi
bridges,navi
calle_closed,navi
car,navi
carnevale,navi
caution,navi
crowded_environment,navi
culture,navi
dangerous,navi
dead,navi
description,navi
door,navi
easter,navi
fish,navi
foundations,navi
friendship,navi
fruits,navi
germany,navi
girls,navi
he_lives_together,navi
hello,navi
hiking,navi
history,navi
hospital,navi
lande,navi
laramara,navi
legends,navi
library,navi
luci,navi
machine,navi
maritime,navi
market,navi
meeting,navi
memorial,navi
mislata,navi
movement,navi
music,navi
nature,navi
neighborhood,navi
night,navi
obstacle,navi
park,navi
paseo,navi
people,navi
rain,navi
restaurant,navi
scale,navi
sculpture,navi
sculptures,navi
sensations,navi
shop,navi
sole,navi
sport,navi
steps,navi
streets,navi
tactile,navi
temporary,navi
test,navi
theater,navi
touch,navi
tram,navi
tree,navi
turismo,navi
university,navi
vaporetto,navi
vision,navi
voices,navi
wall,navi
water,navi
wells,navi
words_and_more,navi
work,navi
._reference,nazareth
33bienal,nazareth
accessible,nazareth
ambient_noise,nazareth
art,nazareth
audible_traffic_lights,nazareth
bells,nazareth
bike,nazareth
binary,nazareth
birds,nazareth
blindwiki,nazareth
crowded_environment,nazareth
culture,nazareth
dead,nazareth
description,nazareth
door,nazareth
fish,nazareth
foundations,nazareth
friendship,nazareth
fruits,nazareth
garden,nazareth
he_lives_together,nazareth
hello,nazareth
hospital,nazareth
iglesia,nazareth
legends,nazareth
library,nazareth
maritime,nazareth
market,nazareth
meeting,nazareth
memorial,nazareth
mislata,nazareth
movement,nazareth
music,nazareth
nature,nazareth
neighborhood,nazareth
obstacle,nazareth
odor,nazareth
perfumes,nazareth
project,nazareth
rain,nazareth
restaurant,nazareth
scale,nazareth
sculpture,nazareth
sensations,nazareth
shop,nazareth
sole,nazareth
sorocaba,nazareth
sport,nazareth
stop,nazareth
tactile,nazareth
test,nazareth
tram,nazareth
tree,nazareth
turismo,nazareth
university,nazareth
venice,nazareth
vento,nazareth
wall,nazareth
words_and_more,nazareth
work,nazareth
._reference,ncbi
33bienal,ncbi
accessible,ncbi
ambient_noise,ncbi
audible_traffic_lights,ncbi
bells,ncbi
bike,ncbi
binary,ncbi
blindwiki,ncbi
bridges,ncbi
calle_closed,ncbi
carnevale,ncbi
crowded_environment,ncbi
culture,ncbi
dead,ncbi
description,ncbi
door,ncbi
easter,ncbi
fish,ncbi
foundations,ncbi
fruits,ncbi
germany,ncbi
he_lives_together,ncbi
hello,ncbi
hiking,ncbi
history,ncbi
hospital,ncbi
iglesia,ncbi
legends,ncbi
library,ncbi
machine,ncbi
maritime,ncbi
meeting,ncbi
memorial,ncbi
nature,ncbi
obstacle,ncbi
odor,ncbi
paseo,ncbi
people,ncbi
perfumes,ncbi
piazza,ncbi
rain,ncbi
restaurant,ncbi
scale,ncbi
sculptures,ncbi
sensations,ncbi
shop,ncbi
sorocaba,ncbi
sport,ncbi
steps,ncbi
stop,ncbi
streets,ncbi
tactile,ncbi
temporary,ncbi
test,ncbi
theater,ncbi
tram,ncbi
tranquillity,ncbi
tree,ncbi
turismo,ncbi
university,ncbi
venice,ncbi
vento,ncbi
voices,ncbi
wall,ncbi
water,ncbi
wells,ncbi
work,ncbi
._reference,neighborhood_exploration
33bienal,neighborhood_exploration
accessible,neighborhood_exploration
art,neighborhood_exploration
audible_traffic_lights,neighborhood_exploration
bar,neighborhood_exploration
bells,neighborhood_exploration
bike,neighborhood_exploration
binary,neighborhood_exploration
birds,neighborhood_exploration
blindwiki,neighborhood_exploration
bridges,neighborhood_exploration
calle_closed,neighborhood_exploration
car,neighborhood_exploration
carnevale,neighborhood_exploration
caution,neighborhood_exploration
crowded_environment,neighborhood_exploration
culture,neighborhood_exploration
dangerous,neighborhood_exploration
dead,neighborhood_exploration
door,neighborhood_exploration
easter,neighborhood_exploration
foundations,neighborhood_exploration
friendship,neighborhood_exploration
fruits,neighborhood_exploration
garden,neighborhood_exploration
germany,neighborhood_exploration
he_lives_together,neighborhood_exploration
headquarters,neighborhood_exploration
hello,neighborhood_exploration
history,neighborhood_exploration
hospital,neighborhood_exploration
iglesia,neighborhood_exploration
laramara,neighborhood_exploration
legends,neighborhood_exploration
luci,neighborhood_exploration
machine,neighborhood_exploration
maritime,neighborhood_exploration
market,neighborhood_exploration
meeting,neighborhood_exploration
memorial,neighborhood_exploration
movement,neighborhood_exploration
night,neighborhood_exploration
obstacle,neighborhood_exploration
odor,neighborhood_exploration
people,neighborhood_exploration
perfumes,neighborhood_exploration
piazza,neighborhood_exploration
project,neighborhood_exploration
restaurant,neighborhood_exploration
scale,neighborhood_exploration
sensations,neighborhood_exploration
shop,neighborhood_exploration
sole,neighborhood_exploration
sport,neighborhood_exploration
steps,neighborhood_exploration
stop,neighborhood_exploration
streets,neighborhood_exploration
tactile,neighborhood_exploration
temporary,neighborhood_exploration
test,neighborhood_exploration
theater,neighborhood_exploration
touch,neighborhood_exploration
tranquillity,neighborhood_exploration
tree,neighborhood_exploration
university,neighborhood_exploration
venice,neighborhood_exploration
vento,neighborhood_exploration
vision,neighborhood_exploration
voices,neighborhood_exploration
wall,neighborhood_exploration
water,neighborhood_exploration
wells,neighborhood_exploration
words_and_more,neighborhood_exploration
._reference,new_server
33bienal,new_server
accessible,new_server
art,new_server
audible_traffic_lights,new_server
bar,new_server
bike,new_server
binary,new_server
birds,new_server
calle_closed,new_server
car,new_server
carnevale,new_server
caution,new_server
crowded_environment,new_server
culture,new_server
dangerous,new_server
dead,new_server
door,new_server
fish,new_server
foundations,new_server
friendship,new_server
fruits,new_server
garden,new_server
girls,new_server
hello,new_server
history,new_server
hospital,new_server
lande,new_server
laramara,new_server
legends,new_server
library,new_server
luci,new_server
machine,new_server
maritime,new_server
market,new_server
meeting,new_server
memorial,new_server
mislata,new_server
museum,new_server
nature,new_server
neighborhood,new_server
night,new_server
obstacle,new_server
odor,new_server
park,new_server
people,new_server
piazza,new_server
rain,new_server
restaurant,new_server
scale,new_server
sculptures,new_server
sensations,new_server
sole,new_server
sorocaba,new_server
sport,new_server
steps,new_server
stop,new_server
streets,new_server
tactile,new_server
temporary,new_server
test,new_server
theater,new_server
touch,new_server
tram,new_server
tree,new_server
turismo,new_server
university,new_server
vaporetto,new_server
vision,new_server
voices,new_server
wall,new_server
water,new_server
wells,new_server
words_and_more,new_server
work,new_server
._reference,news_kiosk
33bienal,news_kiosk
accessible,news_kiosk
ambient_noise,news_kiosk
audible_traffic_lights,news_kiosk
bar,news_kiosk
bike,news_kiosk
binary,news_kiosk
birds,news_kiosk
blindwiki,news_kiosk
bridges,news_kiosk
calle_closed,news_kiosk
caution,news_kiosk
crowded_environment,news_kiosk
culture,news_kiosk
dangerous,news_kiosk
dead,news_kiosk
door,news_kiosk
fish,news_kiosk
fruits,news_kiosk
garden,news_kiosk
germany,news_kiosk
headquarters,news_kiosk
hello,news_kiosk
hiking,news_kiosk
hospital,news_kiosk
iglesia,news_kiosk
lande,news_kiosk
laramara,news_kiosk
legends,news_kiosk
library,news_kiosk
luci,news_kiosk
machine,news_kiosk
maritime,news_kiosk
market,news_kiosk
memorial,news_kiosk
mislata,news_kiosk
museum,news_kiosk
music,news_kiosk
neighborhood,news_kiosk
paseo,news_kiosk
people,news_kiosk
perfumes,news_kiosk
piazza,news_kiosk
project,news_kiosk
rain,news_kiosk
restaurant,news_kiosk
scale,news_kiosk
sculpture,news_kiosk
sculptures,news_kiosk
sensations,news_kiosk
sole,news_kiosk
stop,news_kiosk
streets,news_kiosk
tactile,news_kiosk
temporary,news_kiosk
test,news_kiosk
theater,news_kiosk
tram,news_kiosk
tranquillity,news_kiosk
tree,news_kiosk
turismo,news_kiosk
university,news_kiosk
vaporetto,news_kiosk
venice,news_kiosk
vision,news_kiosk
voices,news_kiosk
wall,news_kiosk
water,news_kiosk
wells,news_kiosk
words_and_more,news_kiosk
work,news_kiosk
._reference,nightinvenice
accessible,nightinvenice
art,nightinvenice
audible_traffic_lights,nightinvenice
bar,nightinvenice
bells,nightinvenice
bike,nightinvenice
binary,nightinvenice
birds,nightinvenice
bridges,nightinvenice
car,nightinvenice
carnevale,nightinvenice
caution,nightinvenice
crowded_environment,nightinvenice
culture,nightinvenice
description,nightinvenice
door,nightinvenice
easter,nightinvenice
fish,nightinvenice
foundations,nightinvenice
friendship,nightinvenice
fruits,nightinvenice
garden,nightinvenice
germany,nightinvenice
headquarters,nightinvenice
hiking,nightinvenice
history,nightinvenice
hospital,nightinvenice
iglesia,nightinvenice
laramara,nightinvenice
legends,nightinvenice
library,nightinvenice
luci,nightinvenice
maritime,nightinvenice
meeting,nightinvenice
memorial,nightinvenice
mislata,nightinvenice
museum,nightinvenice
nature,nightinvenice
neighborhood,nightinvenice
obstacle,nightinvenice
park,nightinvenice
paseo,nightinvenice
people,nightinvenice
project,nightinvenice
rain,nightinvenice
restaurant,nightinvenice
scale,nightinvenice
sculpture,nightinvenice
sculptures,nightinvenice
sensations,nightinvenice
shop,nightinvenice
sole,nightinvenice
sorocaba,nightinvenice
steps,nightinvenice
stop,nightinvenice
streets,nightinvenice
tactile,nightinvenice
temporary,nightinvenice
test,nightinvenice
theater,nightinvenice
touch,nightinvenice
tram,nightinvenice
tranquillity,nightinvenice
tree,nightinvenice
turismo,nightinvenice
university,nightinvenice
venice,nightinvenice
vento,nightinvenice
vision,nightinvenice
voices,nightinvenice
water,nightinvenice
words_and_more,nightinvenice
work,nightinvenice
33bienal,no_transition
accessible,no_transition
ambient_noise,no_transition
art,no_transition
audible_traffic_lights,no_transition
bar,no_transition
bells,no_transition
bike,no_transition
binary,no_transition
birds,no_transition
bridges,no_transition
calle_closed,no_transition
car,no_transition
carnevale,no_transition
caution,no_transition
crowded_environment,no_transition
culture,no_transition
dangerous,no_transition
dead,no_transition
description,no_transition
easter,no_transition
fish,no_transition
friendship,no_transition
girls,no_transition
headquarters,no_transition
hello,no_transition
hiking,no_transition
history,no_transition
hospital,no_transition
lande,no_transition
laramara,no_transition
legends,no_transition
library,no_transition
luci,no_transition
machine,no_transition
maritime,no_transition
market,no_transition
meeting,no_transition
memorial,no_transition
mislata,no_transition
movement,no_transition
museum,no_transition
music,no_transition
nature,no_transition
night,no_transition
obstacle,no_transition
odor,no_transition
paseo,no_transition
people,no_transition
perfumes,no_transition
piazza,no_transition
project,no_transition
rain,no_transition
restaurant,no_transition
scale,no_transition
sculpture,no_transition
sculptures,no_transition
sensations,no_transition
shop,no_transition
sole,no_transition
sorocaba,no_transition
sport,no_transition
steps,no_transition
streets,no_transition
tactile,no_transition
temporary,no_transition
test,no_transition
theater,no_transition
touch,no_transition
tram,no_transition
tranquillity,no_transition
turismo,no_transition
university,no_transition
vaporetto,no_transition
venice,no_transition
vento,no_transition
vision,no_transition
voices,no_transition
wall,no_transition
wells,no_transition
words_and_more,no_transition
._reference,noise
33bienal,noise
accessible,noise
ambient_noise,noise
art,noise
audible_traffic_lights,noise
bells,noise
binary,noise
birds,noise
calle_closed,noise
car,noise
caution,noise
crowded_environment,noise
culture,noise
dangerous,noise
description,noise
door,noise
easter,noise
fish,noise
foundations,noise
friendship,noise
fruits,noise
garden,noise
germany,noise
he_lives_together,noise
headquarters,noise
hello,noise
history,noise
hospital,noise
iglesia,noise
legends,noise
library,noise
luci,noise
machine,noise
maritime,noise
market,noise
meeting,noise
memorial,noise
mislata,noise
movement,noise
music,noise
nature,noise
neighborhood,noise
night,noise
obstacle,noise
odor,noise
park,noise
paseo,noise
people,noise
perfumes,noise
piazza,noise
project,noise
rain,noise
restaurant,noise
scale,noise
sculpture,noise
sensations,noise
shop,noise
sole,noise
sport,noise
steps,noise
stop,noise
streets,noise
tactile,noise
temporary,noise
test,noise
touch,noise
tranquillity,noise
tree,noise
turismo,noise
university,noise
venice,noise
vento,noise
vision,noise
voices,noise
wall,noise
water,noise
wells,noise
words_and_more,noise
work,noise
._reference,noises
33bienal,noises
accessible,noises
ambient_noise,noises
audible_traffic_lights,noises
bar,noises
binary,noises
birds,noises
blindwiki,noises
bridges,noises
calle_closed,noises
car,noises
carnevale,noises
caution,noises
crowded_environment,noises
culture,noises
dangerous,noises
description,noises
door,noises
easter,noises
fish,noises
foundations,noises
fruits,noises
garden,noises
germany,noises
girls,noises
he_lives_together,noises
headquarters,noises
hello,noises
hospital,noises
iglesia,noises
laramara,noises
legends,noises
library,noises
luci,noises
machine,noises
market,noises
meeting,noises
memorial,noises
mislata,noises
movement,noises
museum,noises
nature,noises
neighborhood,noises
night,noises
obstacle,noises
odor,noises
park,noises
paseo,noises
perfumes,noises
piazza,noises
project,noises
restaurant,noises
scale,noises
sculpture,noises
sculptures,noises
sensations,noises
shop,noises
sole,noises
sorocaba,noises
sport,noises
steps,noises
stop,noises
tactile,noises
temporary,noises
theater,noises
touch,noises
tram,noises
tranquillity,noises
tree,noises
turismo,noises
university,noises
vaporetto,noises
venice,noises
vento,noises
vision,noises
voices,noises
wall,noises
wells,noises
words_and_more,noises
ambient_noise,non_accesible
audible_traffic_lights,non_accesible
bike,non_accesible
binary,non_accesible
blindwiki,non_accesible
bridges,non_accesible
car,non_accesible
carnevale,non_accesible
caution,non_accesible
crowded_environment,non_accesible
culture,non_accesible
dangerous,non_accesible
dead,non_accesible
door,non_accesible
fish,non_accesible
friendship,non_accesible
fruits,non_accesible
girls,non_accesible
he_lives_together,non_accesible
hiking,non_accesible
history,non_accesible
lande,non_accesible
laramara,non_accesible
legends,non_accesible
library,non_accesible
luci,non_accesible
maritime,non_accesible
market,non_accesible
meeting,non_accesible
memorial,non_accesible
mislata,non_accesible
museum,non_accesible
music,non_accesible
nature,non_accesible
neighborhood,non_accesible
night,non_accesible
obstacle,non_accesible
park,non_accesible
paseo,non_accesible
people,non_accesible
perfumes,non_accesible
project,non_accesible
scale,non_accesible
sculpture,non_accesible
shop,non_accesible
sole,non_accesible
sport,non_accesible
steps,non_accesible
stop,non_accesible
temporary,non_accesible
theater,non_accesible
tranquillity,non_accesible
turismo,non_accesible
university,non_accesible
vaporetto,non_accesible
venice,non_accesible
vento,non_accesible
vision,non_accesible
voices,non_accesible
wall,non_accesible
words_and_more,non_accesible
._reference,nordic_countries
33bienal,nordic_countries
accessible,nordic_countries
ambient_noise,nordic_countries
art,nordic_countries
audible_traffic_lights,nordic_countries
bike,nordic_countries
binary,nordic_countries
birds,nordic_countries
bridges,nordic_countries
car,nordic_countries
carnevale,nordic_countries
caution,nordic_countries
crowded_environment,nordic_countries
culture,nordic_countries
dangerous,nordic_countries
description,nordic_countries
door,nordic_countries
friendship,nordic_countries
fruits,nordic_countries
garden,nordic_countries
germany,nordic_countries
girls,nordic_countries
he_lives_together,nordic_countries
headquarters,nordic_countries
hello,nordic_countries
hiking,nordic_countries
history,nordic_countries
iglesia,nordic_countries
luci,nordic_countries
maritime,nordic_countries
meeting,nordic_countries
memorial,nordic_countries
mislata,nordic_countries
movement,nordic_countries
music,nordic_countries
nature,nordic_countries
neighborhood,nordic_countries
night,nordic_countries
obstacle,nordic_countries
park,nordic_countries
paseo,nordic_countries
people,nordic_countries
perfumes,nordic_countries
piazza,nordic_countries
project,nordic_countries
rain,nordic_countries
restaurant,nordic_countries
sculpture,nordic_countries
sculptures,nordic_countries
sensations,nordic_countries
sport,nordic_countries
steps,nordic_countries
stop,nordic_countries
streets,nordic_countries
test,nordic_countries
theater,nordic_countries
touch,nordic_countries
tram,nordic_countries
tree,nordic_countries
turismo,nordic_countries
university,nordic_countries
vaporetto,nordic_countries
venice,nordic_countries
vento,nordic_countries
vision,nordic_countries
wall,nordic_countries
wells,nordic_countries
words_and_more,nordic_countries
work,nordic_countries
._reference,north_station
33bienal,north_station
accessible,north_station
ambient_noise,north_station
art,north_station
bar,north_station
binary,north_station
birds,north_station
blindwiki,north_station
bridges,north_station
car,north_station
caution,north_station
culture,north_station
dangerous,north_station
dead,north_station
door,north_station
friendship,north_station
garden,north_station
germany,north_station
he_lives_together,north_station
headquarters,north_station
hiking,north_station
hospital,north_station
iglesia,north_station
lande,north_station
laramara,north_station
library,north_station
maritime,north_station
meeting,north_station
memorial,north_station
mislata,north_station
movement,north_station
museum,north_station
music,north_station
neighborhood,north_station
night,north_station
obstacle,north_station
odor,north_station
park,north_station
paseo,north_station
people,north_station
perfumes,north_station
piazza,north_station
rain,north_station
restaurant,north_station
scale,north_station
sculpture,north_station
sculptures,north_station
sensations,north_station
shop,north_station
sole,north_station
sorocaba,north_station
sport,north_station
steps,north_station
stop,north_station
streets,north_station
tactile,north_station
temporary,north_station
test,north_station
touch,north_station
tranquillity,north_station
tree,north_station
turismo,north_station
vaporetto,north_station
vento,north_station
vision,north_station
voices,north_station
wall,north_station
water,north_station
wells,north_station
._reference,office
33bienal,office
accessible,office
ambient_noise,office
art,office
audible_traffic_lights,office
bar,office
bells,office
bike,office
binary,office
birds,office
blindwiki,office
bridges,office
calle_closed,office
car,office
carnevale,office
caution,office
crowded_environment,office
dangerous,office
description,office
fish,office
foundations,office
friendship,office
fruits,office
garden,office
girls,office
he_lives_together,office
headquarters,office
hiking,office
history,office
hospital,office
lande,office
laramara,office
legends,office
library,office
market,office
meeting,office
movement,office
museum,office
music,office
nature,office
neighborhood,office
night,office
obstacle,office
odor,office
park,office
paseo,office
people,office
project,office
rain,office
restaurant,office
scale,office
sculpture,office
sculptures,office
shop,office
sole,office
sorocaba,office
sport,office
streets,office
tactile,office
temporary,office
test,office
theater,office
touch,office
tram,office
tree,office
turismo,office
university,office
vaporetto,office
vento,office
vision,office
voices,office
wall,office
wells,office
words_and_more,office
work,office
33bienal,olafur_eliasson
accessible,olafur_eliasson
art,olafur_eliasson
audible_traffic_lights,olafur_eliasson
bar,olafur_eliasson
binary,olafur_eliasson
birds,olafur_eliasson
blindwiki,olafur_eliasson
bridges,olafur_eliasson
car,olafur_eliasson
caution,olafur_eliasson
crowded_environment,olafur_eliasson
culture,olafur_eliasson
dangerous,olafur_eliasson
dead,olafur_eliasson
description,olafur_eliasson
door,olafur_eliasson
fish,olafur_eliasson
foundations,olafur_eliasson
friendship,olafur_eliasson
fruits,olafur_eliasson
garden,olafur_eliasson
germany,olafur_eliasson
girls,olafur_eliasson
he_lives_together,olafur_eliasson
headquarters,olafur_eliasson
hello,olafur_eliasson
hiking,olafur_eliasson
history,olafur_eliasson
legends,olafur_eliasson
library,olafur_eliasson
luci,olafur_eliasson
machine,olafur_eliasson
maritime,olafur_eliasson
market,olafur_eliasson
meeting,olafur_eliasson
movement,olafur_eliasson
museum,olafur_eliasson
music,olafur_eliasson
night,olafur_eliasson
obstacle,olafur_eliasson
odor,olafur_eliasson
park,olafur_eliasson
paseo,olafur_eliasson
people,olafur_eliasson
perfumes,olafur_eliasson
piazza,olafur_eliasson
project,olafur_eliasson
restaurant,olafur_eliasson
scale,olafur_eliasson
sculptures,olafur_eliasson
sensations,olafur_eliasson
sole,olafur_eliasson
sorocaba,olafur_eliasson
sport,olafur_eliasson
steps,olafur_eliasson
stop,olafur_eliasson
streets,olafur_eliasson
tactile,olafur_eliasson
temporary,olafur_eliasson
test,olafur_eliasson
theater,olafur_eliasson
touch,olafur_eliasson
tram,olafur_eliasson
tranquillity,olafur_eliasson
tree,olafur_eliasson
university,olafur_eliasson
vaporetto,olafur_eliasson
venice,olafur_eliasson
wall,olafur_eliasson
water,olafur_eliasson
wells,olafur_eliasson
words_and_more,olafur_eliasson
work,olafur_eliasson
._reference,open_space
33bienal,open_space
accessible,open_space
ambient_noise,open_space
art,open_space
audible_traffic_lights,open_space
bells,open_space
binary,open_space
birds,open_space
blindwiki,open_space
bridges,open_space
car,open_space
carnevale,open_space
caution,open_space
crowded_environment,open_space
culture,open_space
dangerous,open_space
door,open_space
fish,open_space
foundations,open_space
friendship,open_space
garden,open_space
headquarters,open_space
hello,open_space
history,open_space
hospital,open_space
iglesia,open_space
laramara,open_space
library,open_space
luci,open_space
machine,open_space
market,open_space
meeting,open_space
memorial,open_space
mislata,open_space
music,open_space
nature,open_space
neighborhood,open_space
odor,open_space
park,open_space
paseo,open_space
people,open_space
perfumes,open_space
piazza,open_space
project,open_space
rain,open_space
restaurant,open_space
scale,open_space
sculpture,open_space
sculptures,open_space
sensations,open_space
sole,open_space
sorocaba,open_space
sport,open_space
steps,open_space
stop,open_space
streets,open_space
tactile,open_space
temporary,open_space
test,open_space
theater,open_space
touch,open_space
turismo,open_space
university,open_space
vaporetto,open_space
venice,open_space
vento,open_space
vision,open_space
voices,open_space
wall,open_space
water,open_space
wells,open_space
words_and_more,open_space
work,open_space
._reference,oranienburgerstrasse
accessible,oranienburgerstrasse
ambient_noise,oranienburgerstrasse
art,oranienburgerstrasse
audible_traffic_lights,oranienburgerstrasse
bells,oranienburgerstrasse
binary,oranienburgerstrasse
birds,oranienburgerstrasse
calle_closed,oranienburgerstrasse
car,oranienburgerstrasse
caution,oranienburgerstrasse
crowded_environment,oranienburgerstrasse
culture,oranienburgerstrasse
dead,oranienburgerstrasse
description,oranienburgerstrasse
door,oranienburgerstrasse
easter,oranienburgerstrasse
foundations,oranienburgerstrasse
friendship,oranienburgerstrasse
garden,oranienburgerstrasse
germany,oranienburgerstrasse
girls,oranienburgerstrasse
headquarters,oranienburgerstrasse
hello,oranienburgerstrasse
history,oranienburgerstrasse
hospital,oranienburgerstrasse
iglesia,oranienburgerstrasse
lande,oranienburgerstrasse
laramara,oranienburgerstrasse
legends,oranienburgerstrasse
library,oranienburgerstrasse
luci,oranienburgerstrasse
maritime,oranienburgerstrasse
market,oranienburgerstrasse
meeting,oranienburgerstrasse
mislata,oranienburgerstrasse
movement,oranienburgerstrasse
music,oranienburgerstrasse
nature,oranienburgerstrasse
neighborhood,oranienburgerstrasse
night,oranienburgerstrasse
obstacle,oranienburgerstrasse
odor,oranienburgerstrasse
park,oranienburgerstrasse
people,oranienburgerstrasse
perfumes,oranienburgerstrasse
piazza,oranienburgerstrasse
project,oranienburgerstrasse
rain,oranienburgerstrasse
restaurant,oranienburgerstrasse
scale,oranienburgerstrasse
sculpture,oranienburgerstrasse
sculptures,oranienburgerstrasse
sensations,oranienburgerstrasse
sole,oranienburgerstrasse
sorocaba,oranienburgerstrasse
sport,oranienburgerstrasse
steps,oranienburgerstrasse
stop,oranienburgerstrasse
tactile,oranienburgerstrasse
temporary,oranienburgerstrasse
test,oranienburgerstrasse
touch,oranienburgerstrasse
tram,oranienburgerstrasse
tree,oranienburgerstrasse
turismo,oranienburgerstrasse
university,oranienburgerstrasse
vaporetto,oranienburgerstrasse
venice,oranienburgerstrasse
vento,oranienburgerstrasse
wall,oranienburgerstrasse
water,oranienburgerstrasse
words_and_more,oranienburgerstrasse
work,oranienburgerstrasse
33bienal,oreneta_park
accessible,oreneta_park
art,oreneta_park
audible_traffic_lights,oreneta_park
bar,oreneta_park
binary,oreneta_park
blindwiki,oreneta_park
bridges,oreneta_park
calle_closed,oreneta_park
crowded_environment,oreneta_park
dangerous,oreneta_park
dead,oreneta_park
description,oreneta_park
door,oreneta_park
foundations,oreneta_park
friendship,oreneta_park
fruits,oreneta_park
garden,oreneta_park
germany,oreneta_park
girls,oreneta_park
he_lives_together,oreneta_park
hello,oreneta_park
hiking,oreneta_park
hospital,oreneta_park
iglesia,oreneta_park
lande,oreneta_park
legends,oreneta_park
library,oreneta_park
machine,oreneta_park
maritime,oreneta_park
market,oreneta_park
meeting,oreneta_park
memorial,oreneta_park
mislata,oreneta_park
movement,oreneta_park
museum,oreneta_park
nature,oreneta_park
neighborhood,oreneta_park
odor,oreneta_park
park,oreneta_park
paseo,oreneta_park
project,oreneta_park
rain,oreneta_park
restaurant,oreneta_park
scale,oreneta_park
sculptures,oreneta_park
sensations,oreneta_park
shop,oreneta_park
sole,oreneta_park
sorocaba,oreneta_park
sport,oreneta_park
steps,oreneta_park
stop,oreneta_park
streets,oreneta_park
temporary,oreneta_park
test,oreneta_park
theater,oreneta_park
touch,oreneta_park
tram,oreneta_park
tranquillity,oreneta_park
tree,oreneta_park
university,oreneta_park
wall,oreneta_park
wells,oreneta_park
words_and_more,oreneta_park
work,oreneta_park
._reference,orientation
accessible,orientation
ambient_noise,orientation
audible_traffic_lights,orientation
bar,orientation
binary,orientation
blindwiki,orientation
calle_closed,orientation
crowded_environment,orientation
culture,orientation
dangerous,orientation
dead,orientation
description,orientation
door,orientation
easter,orientation
fish,orientation
foundations,orientation
fruits,orientation
garden,orientation
germany,orientation
girls,orientation
he_lives_together,orientation
headquarters,orientation
hello,orientation
hiking,orientation
history,orientation
hospital,orientation
iglesia,orientation
lande,orientation
laramara,orientation
legends,orientation
library,orientation
luci,orientation
machine,orientation
maritime,orientation
market,orientation
memorial,orientation
movement,orientation
museum,orientation
nature,orientation
obstacle,orientation
odor,orientation
people,orientation
project,orientation
rain,orientation
restaurant,orientation
scale,orientation
sculpture,orientation
sculptures,orientation
sensations,orientation
shop,orientation
sole,orientation
sorocaba,orientation
sport,orientation
steps,orientation
stop,orientation
streets,orientation
tactile,orientation
temporary,orientation
theater,orientation
touch,orientation
tram,orientation
tree,orientation
turismo,orientation
university,orientation
vaporetto,orientation
venice,orientation
vento,orientation
vision,orientation
water,orientation
words_and_more,orientation
._reference,osteria
accessible,osteria
ambient_noise,osteria
bells,osteria
bike,osteria
binary,osteria
birds,osteria
blindwiki,osteria
bridges,osteria
carnevale,osteria
caution,osteria
culture,osteria
dangerous,osteria
dead,osteria
description,osteria
door,osteria
easter,osteria
fish,osteria
foundations,osteria
fruits,osteria
garden,osteria
girls,osteria
headquarters,osteria
hello,osteria
history,osteria
hospital,osteria
iglesia,osteria
lande,osteria
laramara,osteria
library,osteria
luci,osteria
market,osteria
memorial,osteria
mislata,osteria
movement,osteria
museum,osteria
nature,osteria
night,osteria
obstacle,osteria
odor,osteria
people,osteria
perfumes,osteria
piazza,osteria
project,osteria
rain,osteria
restaurant,osteria
scale,osteria
sculpture,osteria
sculptures,osteria
sensations,osteria
sole,osteria
sorocaba,osteria
sport,osteria
steps,osteria
stop,osteria
streets,osteria
tactile,osteria
temporary,osteria
test,osteria
theater,osteria
touch,osteria
tram,osteria
tranquillity,osteria
university,osteria
vento,osteria
vision,osteria
voices,osteria
wall,osteria
water,osteria
wells,osteria
words_and_more,osteria
33bienal,oswaldo_cruz_college
accessible,oswaldo_cruz_college
ambient_noise,oswaldo_cruz_college
art,oswaldo_cruz_college
audible_traffic_lights,oswaldo_cruz_college
bar,oswaldo_cruz_college
bells,oswaldo_cruz_college
bike,oswaldo_cruz_college
binary,oswaldo_cruz_college
blindwiki,oswaldo_cruz_college
bridges,oswaldo_cruz_college
calle_closed,oswaldo_cruz_college
caution,oswaldo_cruz_college
crowded_environment,oswaldo_cruz_college
culture,oswaldo_cruz_college
dangerous,oswaldo_cruz_college
dead,oswaldo_cruz_college
description,oswaldo_cruz_college
door,oswaldo_cruz_college
fish,oswaldo_cruz_college
friendship,oswaldo_cruz_college
germany,oswaldo_cruz_college
he_lives_together,oswaldo_cruz_college
hiking,oswaldo_cruz_college
history,oswaldo_cruz_college
hospital,oswaldo_cruz_college
iglesia,oswaldo_cruz_college
laramara,oswaldo_cruz_college
legends,oswaldo_cruz_college
library,oswaldo_cruz_college
machine,oswaldo_cruz_college
maritime,oswaldo_cruz_college
meeting,oswaldo_cruz_college
memorial,oswaldo_cruz_college
mislata,oswaldo_cruz_college
museum,oswaldo_cruz_college
nature,oswaldo_cruz_college
neighborhood,oswaldo_cruz_college
night,oswaldo_cruz_college
obstacle,oswaldo_cruz_college
odor,oswaldo_cruz_college
park,oswaldo_cruz_college
people,oswaldo_cruz_college
perfumes,oswaldo_cruz_college
project,oswaldo_cruz_college
rain,oswaldo_cruz_college
scale,oswaldo_cruz_college
sculptures,oswaldo_cruz_college
shop,oswaldo_cruz_college
sport,oswaldo_cruz_college
steps,oswaldo_cruz_college
stop,oswaldo_cruz_college
streets,oswaldo_cruz_college
temporary,oswaldo_cruz_college
test,oswaldo_cruz_college
tram,oswaldo_cruz_college
tree,oswaldo_cruz_college
turismo,oswaldo_cruz_college
university,oswaldo_cruz_college
vaporetto,oswaldo_cruz_college
venice,oswaldo_cruz_college
vento,oswaldo_cruz_college
vision,oswaldo_cruz_college
voices,oswaldo_cruz_college
wall,oswaldo_cruz_college
water,oswaldo_cruz_college
wells,oswaldo_cruz_college
words_and_more,oswaldo_cruz_college
work,oswaldo_cruz_college
._reference,oven
33bienal,oven
accessible,oven
ambient_noise,oven
art,oven
audible_traffic_lights,oven
bar,oven
bike,oven
birds,oven
blindwiki,oven
bridges,oven
calle_closed,oven
carnevale,oven
crowded_environment,oven
dangerous,oven
dead,oven
description,oven
door,oven
fish,oven
foundations,oven
germany,oven
girls,oven
headquarters,oven
hiking,oven
history,oven
hospital,oven
iglesia,oven
lande,oven
laramara,oven
legends,oven
library,oven
luci,oven
machine,oven
maritime,oven
market,oven
memorial,oven
mislata,oven
movement,oven
museum,oven
music,oven
nature,oven
neighborhood,oven
night,oven
obstacle,oven
odor,oven
park,oven
paseo,oven
perfumes,oven
project,oven
rain,oven
restaurant,oven
scale,oven
sculpture,oven
sculptures,oven
sensations,oven
shop,oven
sole,oven
sorocaba,oven
sport,oven
steps,oven
stop,oven
tactile,oven
temporary,oven
theater,oven
touch,oven
tranquillity,oven
turismo,oven
university,oven
vaporetto,oven
vento,oven
vision,oven
voices,oven
water,oven
wells,oven
words_and_more,oven
work,oven
._reference,pace
33bienal,pace
ambient_noise,pace
audible_traffic_lights,pace
bells,pace
bike,pace
binary,pace
birds,pace
blindwiki,pace
calle_closed,pace
car,pace
carnevale,pace
caution,pace
crowded_environment,pace
dangerous,pace
dead,pace
description,pace
door,pace
easter,pace
fish,pace
foundations,pace
friendship,pace
fruits,pace
garden,pace
girls,pace
he_lives_together,pace
headquarters,pace
hello,pace
hiking,pace
history,pace
hospital,pace
iglesia,pace
lande,pace
laramara,pace
legends,pace
library,pace
luci,pace
machine,pace
maritime,pace
market,pace
meeting,pace
memorial,pace
mislata,pace
movement,pace
museum,pace
nature,pace
neighborhood,pace
obstacle,pace
park,pace
people,pace
piazza,pace
rain,pace
restaurant,pace
scale,pace
sensations,pace
shop,pace
sole,pace
sorocaba,pace
sport,pace
steps,pace
stop,pace
streets,pace
temporary,pace
test,pace
theater,pace
touch,pace
tram,pace
tranquillity,pace
tree,pace
turismo,pace
vaporetto,pace
venice,pace
vento,pace
vision,pace
voices,pace
wall,pace
water,pace
wells,pace
words_and_more,pace
work,pace
._reference,paint
33bienal,paint
accessible,paint
ambient_noise,paint
art,paint
bar,paint
bells,paint
bike,paint
binary,paint
birds,paint
blindwiki,paint
calle_closed,paint
car,paint
caution,paint
culture,paint
dangerous,paint
dead,paint
description,paint
door,paint
fish,paint
foundations,paint
friendship,paint
fruits,paint
germany,paint
girls,paint
he_lives_together,paint
headquarters,paint
iglesia,paint
lande,paint
laramara,paint
legends,paint
library,paint
luci,paint
machine,paint
maritime,paint
market,paint
mislata,paint
movement,paint
museum,paint
music,paint
neighborhood,paint
night,paint
obstacle,paint
people,paint
perfumes,paint
rain,paint
restaurant,paint
scale,paint
sculpture,paint
sculptures,paint
sensations,paint
shop,paint
sole,paint
sorocaba,paint
stop,paint
streets,paint
tactile,paint
temporary,paint
test,paint
theater,paint
touch,paint
tram,paint
tranquillity,paint
tree,paint
vaporetto,paint
venice,paint
vento,paint
vision,paint
voices,paint
wall,paint
water,paint
wells,paint
words_and_more,paint
work,paint
33bienal,palm_trees
accessible,palm_trees
ambient_noise,palm_trees
art,palm_trees
bar,palm_trees
bells,palm_trees
bike,palm_trees
binary,palm_trees
birds,palm_trees
bridges,palm_trees
calle_closed,palm_trees
car,palm_trees
carnevale,palm_trees
caution,palm_trees
culture,palm_trees
dangerous,palm_trees
dead,palm_trees
description,palm_trees
door,palm_trees
easter,palm_trees
fish,palm_trees
foundations,palm_trees
friendship,palm_trees
fruits,palm_trees
garden,palm_trees
germany,palm_trees
girls,palm_trees
he_lives_together,palm_trees
headquarters,palm_trees
lande,palm_trees
laramara,palm_trees
legends,palm_trees
library,palm_trees
luci,palm_trees
machine,palm_trees
maritime,palm_trees
market,palm_trees
memorial,palm_trees
mislata,palm_trees
museum,palm_trees
neighborhood,palm_trees
obstacle,palm_trees
odor,palm_trees
park,palm_trees
paseo,palm_trees
people,palm_trees
perfumes,palm_trees
project,palm_trees
rain,palm_trees
restaurant,palm_trees
scale,palm_trees
sculpture,palm_trees
sculptures,palm_trees
sensations,palm_trees
shop,palm_trees
sole,palm_trees
sport,palm_trees
stop,palm_trees
streets,palm_trees
tactile,palm_trees
temporary,palm_trees
test,palm_trees
theater,palm_trees
touch,palm_trees
tram,palm_trees
tranquillity,palm_trees
university,palm_trees
vaporetto,palm_trees
venice,palm_trees
vision,palm_trees
wall,palm_trees
water,palm_trees
wells,palm_trees
words_and_more,palm_trees
work,palm_trees
._reference,parking
art,parking
bells,parking
bike,parking
binary,parking
birds,parking
blindwiki,parking
bridges,parking
calle_closed,parking
car,parking
crowded_environment,parking
culture,parking
dangerous,parking
dead,parking
description,parking
door,parking
foundations,parking
fruits,parking
garden,parking
germany,parking
he_lives_together,parking
history,parking
lande,parking
laramara,parking
legends,parking
library,parking
luci,parking
machine,parking
maritime,parking
market,parking
mislata,parking
movement,parking
museum,parking
music,parking
nature,parking
neighborhood,parking
night,parking
obstacle,parking
odor,parking
people,parking
project,parking
rain,parking
sensations,parking
sole,parking
sorocaba,parking
sport,parking
steps,parking
temporary,parking
test,parking
theater,parking
touch,parking
tram,parking
tranquillity,parking
tree,parking
vaporetto,parking
venice,parking
vento,parking
vision,parking
wall,parking
water,parking
wells,parking
work,parking
._reference,parks
33bienal,parks
ambient_noise,parks
art,parks
audible_traffic_lights,parks
bike,parks
binary,parks
birds,parks
blindwiki,parks
calle_closed,parks
car,parks
carnevale,parks
caution,parks
crowded_environment,parks
culture,parks
dangerous,parks
dead,parks
description,parks
easter,parks
fish,parks
foundations,parks
friendship,parks
garden,parks
germany,parks
he_lives_together,parks
headquarters,parks
hello,parks
history,parks
hospital,parks
iglesia,parks
laramara,parks
legends,parks
library,parks
luci,parks
machine,parks
maritime,parks
market,parks
meeting,parks
memorial,parks
mislata,parks
movement,parks
museum,parks
music,parks
neighborhood,parks
night,parks
obstacle,parks
odor,parks
park,parks
paseo,parks
people,parks
perfumes,parks
piazza,parks
project,parks
rain,parks
restaurant,parks
scale,parks
sculpture,parks
sculptures,parks
sensations,parks
shop,parks
sole,parks
sorocaba,parks
streets,parks
temporary,parks
theater,parks
tram,parks
tranquillity,parks
tree,parks
university,parks
vaporetto,parks
venice,parks
vento,parks
vision,parks
voices,parks
wall,parks
water,parks
wells,parks
words_and_more,parks
work,parks
._reference,parque
accessible,parque
ambient_noise,parque
art,parque
audible_traffic_lights,parque
bar,parque
bells,parque
bike,parque
binary,parque
birds,parque
blindwiki,parque
car,parque
carnevale,parque
caution,parque
crowded_environment,parque
culture,parque
dangerous,parque
dead,parque
description,parque
door,parque
foundations,parque
friendship,parque
fruits,parque
garden,parque
girls,parque
he_lives_together,parque
headquarters,parque
hiking,parque
history,parque
iglesia,parque
lande,parque
laramara,parque
legends,parque
library,parque
luci,parque
machine,parque
market,parque
mislata,parque
movement,parque
music,parque
nature,parque
obstacle,parque
odor,parque
people,parque
perfumes,parque
piazza,parque
project,parque
rain,parque
scale,parque
sculpture,parque
sculptures,parque
shop,parque
sole,parque
sorocaba,parque
sport,parque
steps,parque
streets,parque
tactile,parque
temporary,parque
test,parque
theater,parque
tram,parque
tranquillity,parque
tree,parque
turismo,parque
university,parque
vaporetto,parque
vento,parque
vision,parque
voices,parque
wall,parque
water,parque
words_and_more,parque
work,parque
._reference,part
33bienal,part
accessible,part
ambient_noise,part
art,part
audible_traffic_lights,part
bike,part
binary,part
birds,part
blindwiki,part
bridges,part
car,part
carnevale,part
caution,part
crowded_environment,part
dangerous,part
dead,part
description,part
easter,part
fish,part
foundations,part
friendship,part
garden,part
germany,part
he_lives_together,part
headquarters,part
hello,part
hiking,part
hospital,part
iglesia,part
lande,part
laramara,part
legends,part
library,part
luci,part
maritime,part
market,part
meeting,part
memorial,part
movement,part
music,part
nature,part
night,part
obstacle,part
odor,part
park,part
paseo,part
people,part
perfumes,part
project,part
rain,part
scale,part
sculpture,part
sensations,part
sorocaba,part
sport,part
stop,part
tactile,part
temporary,part
test,part
touch,part
tram,part
tranquillity,part
turismo,part
venice,part
vento,part
vision,part
voices,part
wall,part
water,part
work,part
33bienal,partisans
ambient_noise,partisans
bar,partisans
bike,partisans
binary,partisans
birds,partisans
blindwiki,partisans
calle_closed,partisans
car,partisans
caution,partisans
culture,partisans
dangerous,partisans
dead,partisans
description,partisans
door,partisans
easter,partisans
fish,partisans
foundations,partisans
friendship,partisans
garden,partisans
germany,partisans
he_lives_together,partisans
hello,partisans
hiking,partisans
history,partisans
hospital,partisans
iglesia,partisans
laramara,partisans
library,partisans
machine,partisans
maritime,partisans
market,partisans
mislata,partisans
museum,partisans
music,partisans
nature,partisans
neighborhood,partisans
night,partisans
obstacle,partisans
odor,partisans
park,partisans
people,partisans
perfumes,partisans
piazza,partisans
restaurant,partisans
scale,partisans
sculpture,partisans
sensations,partisans
sole,partisans
sorocaba,partisans
stop,partisans
streets,partisans
temporary,partisans
test,partisans
theater,partisans
touch,partisans
tram,partisans
tranquillity,partisans
university,partisans
venice,partisans
vento,partisans
vision,partisans
wells,partisans
words_and_more,partisans
._reference,party
33bienal,party
accessible,party
ambient_noise,party
art,party
audible_traffic_lights,party
bar,party
birds,party
bridges,party
calle_closed,party
car,party
carnevale,party
caution,party
crowded_environment,party
culture,party
dangerous,party
description,party
door,party
easter,party
fish,party
friendship,party
fruits,party
garden,party
germany,party
girls,party
headquarters,party
hello,party
history,party
iglesia,party
lande,party
legends,party
library,party
machine,party
maritime,party
market,party
meeting,party
mislata,party
movement,party
museum,party
music,party
nature,party
neighborhood,party
night,party
obstacle,party
odor,party
park,party
people,party
rain,party
restaurant,party
scale,party
sculptures,party
shop,party
sport,party
steps,party
stop,party
streets,party
tactile,party
temporary,party
test,party
theater,party
touch,party
tram,party
tree,party
turismo,party
university,party
vaporetto,party
venice,party
vento,party
vision,party
voices,party
wall,party
water,party
wells,party
words_and_more,party
work,party
._reference,pastel
accessible,pastel
ambient_noise,pastel
art,pastel
audible_traffic_lights,pastel
bar,pastel
bells,pastel
bike,pastel
blindwiki,pastel
bridges,pastel
car,pastel
carnevale,pastel
caution,pastel
crowded_environment,pastel
culture,pastel
dangerous,pastel
dead,pastel
description,pastel
door,pastel
easter,pastel
fish,pastel
foundations,pastel
fruits,pastel
germany,pastel
girls,pastel
he_lives_together,pastel
headquarters,pastel
hello,pastel
hiking,pastel
hospital,pastel
iglesia,pastel
laramara,pastel
legends,pastel
library,pastel
luci,pastel
machine,pastel
maritime,pastel
market,pastel
meeting,pastel
movement,pastel
museum,pastel
music,pastel
nature,pastel
odor,pastel
park,pastel
paseo,pastel
perfumes,pastel
piazza,pastel
project,pastel
rain,pastel
restaurant,pastel
scale,pastel
sculptures,pastel
shop,pastel
sole,pastel
sport,pastel
steps,pastel
stop,pastel
temporary,pastel
test,pastel
theater,pastel
touch,pastel
tram,pastel
tranquillity,pastel
tree,pastel
turismo,pastel
university,pastel
vaporetto,pastel
venice,pastel
vento,pastel
wall,pastel
water,pastel
words_and_more,pastel
work,pastel
33bienal,pastry_shop
ambient_noise,pastry_shop
bells,pastry_shop
binary,pastry_shop
birds,pastry_shop
blindwiki,pastry_shop
bridges,pastry_shop
calle_closed,pastry_shop
car,pastry_shop
carnevale,pastry_shop
caution,pastry_shop
culture,pastry_shop
dangerous,pastry_shop
dead,pastry_shop
description,pastry_shop
door,pastry_shop
easter,pastry_shop
foundations,pastry_shop
fruits,pastry_shop
garden,pastry_shop
germany,pastry_shop
girls,pastry_shop
he_lives_together,pastry_shop
headquarters,pastry_shop
hiking,pastry_shop
history,pastry_shop
hospital,pastry_shop
iglesia,pastry_shop
lande,pastry_shop
legends,pastry_shop
library,pastry_shop
luci,pastry_shop
machine,pastry_shop
maritime,pastry_shop
market,pastry_shop
meeting,pastry_shop
memorial,pastry_shop
movement,pastry_shop
museum,pastry_shop
music,pastry_shop
neighborhood,pastry_shop
night,pastry_shop
obstacle,pastry_shop
odor,pastry_shop
park,pastry_shop
paseo,pastry_shop
people,pastry_shop
perfumes,pastry_shop
project,pastry_shop
rain,pastry_shop
restaurant,pastry_shop
scale,pastry_shop
sculpture,pastry_shop
sensations,pastry_shop
shop,pastry_shop
sole,pastry_shop
sorocaba,pastry_shop
sport,pastry_shop
steps,pastry_shop
stop,pastry_shop
streets,pastry_shop
tactile,pastry_shop
temporary,pastry_shop
test,pastry_shop
theater,pastry_shop
tram,pastry_shop
tranquillity,pastry_shop
tree,pastry_shop
university,pastry_shop
vaporetto,pastry_shop
venice,pastry_shop
vento,pastry_shop
vision,pastry_shop
voices,pastry_shop
wall,pastry_shop
water,pastry_shop
words_and_more,pastry_shop
._reference,path_of_lovers
accessible,path_of_lovers
ambient_noise,path_of_lovers
audible_traffic_lights,path_of_lovers
bells,path_of_lovers
bike,path_of_lovers
binary,path_of_lovers
birds,path_of_lovers
blindwiki,path_of_lovers
bridges,path_of_lovers
calle_closed,path_of_lovers
car,path_of_lovers
carnevale,path_of_lovers
caution,path_of_lovers
crowded_environment,path_of_lovers
culture,path_of_lovers
dangerous,path_of_lovers
dead,path_of_lovers
description,path_of_lovers
easter,path_of_lovers
fish,path_of_lovers
foundations,path_of_lovers
fruits,path_of_lovers
garden,path_of_lovers
germany,path_of_lovers
girls,path_of_lovers
he_lives_together,path_of_lovers
headquarters,path_of_lovers
hello,path_of_lovers
hiking,path_of_lovers
history,path_of_lovers
hospital,path_of_lovers
lande,path_of_lovers
legends,path_of_lovers
luci,path_of_lovers
machine,path_of_lovers
maritime,path_of_lovers
market,path_of_lovers
meeting,path_of_lovers
memorial,path_of_lovers
mislata,path_of_lovers
movement,path_of_lovers
museum,path_of_lovers
music,path_of_lovers
nature,path_of_lovers
neighborhood,path_of_lovers
obstacle,path_of_lovers
odor,path_of_lovers
park,path_of_lovers
perfumes,path_of_lovers
piazza,path_of_lovers
rain,path_of_lovers
restaurant,path_of_lovers
scale,path_of_lovers
sculpture,path_of_lovers
sensations,path_of_lovers
sole,path_of_lovers
sorocaba,path_of_lovers
sport,path_of_lovers
streets,path_of_lovers
tactile,path_of_lovers
temporary,path_of_lovers
test,path_of_lovers
theater,path_of_lovers
tranquillity,path_of_lovers
tree,path_of_lovers
turismo,path_of_lovers
vaporetto,path_of_lovers
venice,path_of_lovers
vento,path_of_lovers
vision,path_of_lovers
water,path_of_lovers
._reference,paulista
33bienal,paulista
accessible,paulista
ambient_noise,paulista
art,paulista
audible_traffic_lights,paulista
bar,paulista
bells,paulista
bike,paulista
binary,paulista
birds,paulista
blindwiki,paulista
bridges,paulista
car,paulista
caution,paulista
culture,paulista
dangerous,paulista
description,paulista
fish,paulista
foundations,paulista
friendship,paulista
fruits,paulista
garden,paulista
germany,paulista
girls,paulista
he_lives_together,paulista
headquarters,paulista
hello,paulista
hiking,paulista
history,paulista
iglesia,paulista
lande,paulista
laramara,paulista
legends,paulista
luci,paulista
machine,paulista
maritime,paulista
market,paulista
meeting,paulista
memorial,paulista
mislata,paulista
movement,paulista
museum,paulista
music,paulista
nature,paulista
neighborhood,paulista
night,paulista
obstacle,paulista
odor,paulista
piazza,paulista
project,paulista
restaurant,paulista
sensations,paulista
sole,paulista
sorocaba,paulista
sport,paulista
stop,paulista
streets,paulista
tactile,paulista
temporary,paulista
test,paulista
theater,paulista
tranquillity,paulista
tree,paulista
turismo,paulista
university,paulista
vaporetto,paulista
vento,paulista
voices,paulista
wall,paulista
water,paulista
wells,paulista
words_and_more,paulista
work,paulista
accessible,paulo
ambient_noise,paulo
art,paulo
audible_traffic_lights,paulo
bar,paulo
binary,paulo
birds,paulo
blindwiki,paulo
bridges,paulo
calle_closed,paulo
caution,paulo
crowded_environment,paulo
culture,paulo
dead,paulo
description,paulo
door,paulo
foundations,paulo
friendship,paulo
fruits,paulo
he_lives_together,paulo
hiking,paulo
history,paulo
iglesia,paulo
lande,paulo
laramara,paulo
library,paulo
luci,paulo
machine,paulo
maritime,paulo
market,paulo
meeting,paulo
memorial,paulo
movement,paulo
museum,paulo
music,paulo
nature,paulo
neighborhood,paulo
night,paulo
obstacle,paulo
odor,paulo
park,paulo
people,paulo
perfumes,paulo
piazza,paulo
rain,paulo
restaurant,paulo
sculptures,paulo
sensations,paulo
shop,paulo
sole,paulo
sorocaba,paulo
steps,paulo
stop,paulo
streets,paulo
tactile,paulo
temporary,paulo
test,paulo
theater,paulo
touch,paulo
tram,paulo
tree,paulo
university,paulo
vaporetto,paulo
vision,paulo
voices,paulo
water,paulo
wells,paulo
._reference,pavilion
33bienal,pavilion
accessible,pavilion
ambient_noise,pavilion
bar,pavilion
bells,pavilion
binary,pavilion
birds,pavilion
blindwiki,pavilion
calle_closed,pavilion
car,pavilion
carnevale,pavilion
caution,pavilion
crowded_environment,pavilion
culture,pavilion
description,pavilion
door,pavilion
easter,pavilion
fish,pavilion
foundations,pavilion
garden,pavilion
germany,pavilion
girls,pavilion
headquarters,pavilion
hiking,pavilion
history,pavilion
hospital,pavilion
iglesia,pavilion
lande,pavilion
laramara,pavilion
legends,pavilion
library,pavilion
luci,pavilion
machine,pavilion
maritime,pavilion
market,pavilion
meeting,pavilion
memorial,pavilion
mislata,pavilion
movement,pavilion
museum,pavilion
nature,pavilion
night,pavilion
obstacle,pavilion
odor,pavilion
park,pavilion
paseo,pavilion
people,pavilion
perfumes,pavilion
piazza,pavilion
project,pavilion
rain,pavilion
restaurant,pavilion
scale,pavilion
sculptures,pavilion
shop,pavilion
sole,pavilion
sorocaba,pavilion
sport,pavilion
steps,pavilion
stop,pavilion
streets,pavilion
tactile,pavilion
temporary,pavilion
test,pavilion
theater,pavilion
touch,pavilion
tranquillity,pavilion
tree,pavilion
vaporetto,pavilion
vento,pavilion
vision,pavilion
voices,pavilion
wall,pavilion
wells,pavilion
work,pavilion
._reference,pebbles
accessible,pebbles
ambient_noise,pebbles
art,pebbles
audible_traffic_lights,pebbles
bar,pebbles
bells,pebbles
bike,pebbles
binary,pebbles
calle_closed,pebbles
car,pebbles
carnevale,pebbles
caution,pebbles
crowded_environment,pebbles
culture,pebbles
dangerous,pebbles
dead,pebbles
door,pebbles
easter,pebbles
fish,pebbles
friendship,pebbles
fruits,pebbles
garden,pebbles
girls,pebbles
headquarters,pebbles
hello,pebbles
hiking,pebbles
hospital,pebbles
legends,pebbles
library,pebbles
luci,pebbles
maritime,pebbles
market,pebbles
meeting,pebbles
memorial,pebbles
mislata,pebbles
movement,pebbles
museum,pebbles
music,pebbles
nature,pebbles
neighborhood,pebbles
night,pebbles
obstacle,pebbles
odor,pebbles
park,pebbles
paseo,pebbles
people,pebbles
perfumes,pebbles
rain,pebbles
restaurant,pebbles
scale,pebbles
sculpture,pebbles
sculptures,pebbles
sensations,pebbles
shop,pebbles
sorocaba,pebbles
steps,pebbles
streets,pebbles
tactile,pebbles
temporary,pebbles
test,pebbles
tram,pebbles
tree,pebbles
turismo,pebbles
university,pebbles
vaporetto,pebbles
vision,pebbles
wells,pebbles
words_and_more,pebbles
work,pebbles
._reference,pedestrian_street
33bienal,pedestrian_street
accessible,pedestrian_street
art,pedestrian_street
audible_traffic_lights,pedestrian_street
bar,pedestrian_street
bells,pedestrian_street
bike,pedestrian_street
binary,pedestrian_street
birds,pedestrian_street
bridges,pedestrian_street
car,pedestrian_street
carnevale,pedestrian_street
crowded_environment,pedestrian_street
culture,pedestrian_street
dangerous,pedestrian_street
description,pedestrian_street
door,pedestrian_street
easter,pedestrian_street
fish,pedestrian_street
foundations,pedestrian_street
garden,pedestrian_street
germany,pedestrian_street
he_lives_together,pedestrian_street
headquarters,pedestrian_street
hello,pedestrian_street
hiking,pedestrian_street
history,pedestrian_street
hospital,pedestrian_street
iglesia,pedestrian_street
lande,pedestrian_street
legends,pedestrian_street
library,pedestrian_street
machine,pedestrian_street
maritime,pedestrian_street
market,pedestrian_street
memorial,pedestrian_street
mislata,pedestrian_street
museum,pedestrian_street
music,pedestrian_street
nature,pedestrian_street
neighborhood,pedestrian_street
obstacle,pedestrian_street
odor,pedestrian_street
paseo,pedestrian_street
perfumes,pedestrian_street
rain,pedestrian_street
restaurant,pedestrian_street
sculpture,pedestrian_street
sensations,pedestrian_street
shop,pedestrian_street
sole,pedestrian_street
sport,pedestrian_street
steps,pedestrian_street
streets,pedestrian_street
tactile,pedestrian_street
temporary,pedestrian_street
test,pedestrian_street
theater,pedestrian_street
touch,pedestrian_street
tree,pedestrian_street
turismo,pedestrian_street
university,pedestrian_street
vaporetto,pedestrian_street
venice,pedestrian_street
vento,pedestrian_street
vision,pedestrian_street
wall,pedestrian_street
water,pedestrian_street
wells,pedestrian_street
work,pedestrian_street
._reference,people_mover
33bienal,people_mover
accessible,people_mover
ambient_noise,people_mover
art,people_mover
audible_traffic_lights,people_mover
bar,people_mover
bells,people_mover
bike,people_mover
binary,people_mover
birds,people_mover
bridges,people_mover
calle_closed,people_mover
car,people_mover
carnevale,people_mover
caution,people_mover
crowded_environment,people_mover
dead,people_mover
description,people_mover
door,people_mover
fish,people_mover
foundations,people_mover
fruits,people_mover
garden,people_mover
germany,people_mover
he_lives_together,people_mover
headquarters,people_mover
hiking,people_mover
history,people_mover
hospital,people_mover
laramara,people_mover
library,people_mover
machine,people_mover
market,people_mover
meeting,people_mover
memorial,people_mover
mislata,people_mover
museum,people_mover
music,people_mover
nature,people_mover
neighborhood,people_mover
night,people_mover
obstacle,people_mover
odor,people_mover
park,people_mover
people,people_mover
perfumes,people_mover
piazza,people_mover
project,people_mover
rain,people_mover
scale,people_mover
sculptures,people_mover
sensations,people_mover
sport,people_mover
steps,people_mover
stop,people_mover
streets,people_mover
tactile,people_mover
temporary,people_mover
test,people_mover
theater,people_mover
tram,people_mover
tranquillity,people_mover
tree,people_mover
university,people_mover
vaporetto,people_mover
vision,people_mover
voices,people_mover
wall,people_mover
water,people_mover
words_and_more,people_mover
work,people_mover
._reference,performance
ambient_noise,performance
art,performance
bar,performance
bells,performance
bike,performance
binary,performance
blindwiki,performance
bridges,performance
calle_closed,performance
car,performance
carnevale,performance
caution,performance
crowded_environment,performance
dangerous,performance
dead,performance
description,performance
easter,performance
fish,performance
friendship,performance
garden,performance
germany,performance
he_lives_together,performance
hello,performance
hiking,performance
history,performance
hospital,performance
iglesia,performance
lande,performance
laramara,performance
legends,performance
luci,performance
machine,performance
maritime,performance
market,performance
memorial,performance
mislata,performance
movement,performance
music,performance
neighborhood,performance
obstacle,performance
odor,performance
park,performance
perfumes,performance
piazza,performance
project,performance
restaurant,performance
scale,performance
sculpture,performance
sole,performance
sorocaba,performance
sport,performance
steps,performance
stop,performance
streets,performance
tactile,performance
test,performance
theater,performance
touch,performance
tram,performance
tree,performance
turismo,performance
university,performance
vaporetto,performance
vision,performance
wall,performance
water,performance
wells,performance
._reference,pesce
accessible,pesce
ambient_noise,pesce
art,pesce
audible_traffic_lights,pesce
bar,pesce
bells,pesce
binary,pesce
birds,pesce
calle_closed,pesce
caution,pesce
crowded_environment,pesce
culture,pesce
dangerous,pesce
description,pesce
door,pesce
fish,pesce
foundations,pesce
friendship,pesce
fruits,pesce
garden,pesce
germany,pesce
girls,pesce
he_lives_together,pesce
headquarters,pesce
hospital,pesce
lande,pesce
library,pesce
luci,pesce
machine,pesce
maritime,pesce
market,pesce
meeting,pesce
memorial,pesce
mislata,pesce
movement,pesce
museum,pesce
nature,pesce
neighborhood,pesce
night,pesce
obstacle,pesce
park,pesce
paseo,pesce
people,pesce
piazza,pesce
rain,pesce
scale,pesce
sensations,pesce
shop,pesce
sole,pesce
sorocaba,pesce
sport,pesce
steps,pesce
stop,pesce
streets,pesce
tactile,pesce
test,pesce
theater,pesce
touch,pesce
tram,pesce
tranquillity,pesce
tree,pesce
university,pesce
vaporetto,pesce
vento,pesce
vision,pesce
voices,pesce
wall,pesce
water,pesce
words_and_more,pesce
work,pesce
._reference,pharmacy
33bienal,pharmacy
accessible,pharmacy
ambient_noise,pharmacy
art,pharmacy
bike,pharmacy
bridges,pharmacy
car,pharmacy
caution,pharmacy
crowded_environment,pharmacy
culture,pharmacy
dangerous,pharmacy
dead,pharmacy
description,pharmacy
door,pharmacy
easter,pharmacy
fish,pharmacy
foundations,pharmacy
fruits,pharmacy
garden,pharmacy
germany,pharmacy
girls,pharmacy
he_lives_together,pharmacy
hello,pharmacy
hiking,pharmacy
history,pharmacy
hospital,pharmacy
iglesia,pharmacy
lande,pharmacy
legends,pharmacy
luci,pharmacy
maritime,pharmacy
market,pharmacy
meeting,pharmacy
memorial,pharmacy
mislata,pharmacy
movement,pharmacy
museum,pharmacy
music,pharmacy
nature,pharmacy
night,pharmacy
obstacle,pharmacy
park,pharmacy
paseo,pharmacy
people,pharmacy
piazza,pharmacy
project,pharmacy
rain,pharmacy
restaurant,pharmacy
scale,pharmacy
sculpture,pharmacy
sensations,pharmacy
shop,pharmacy
sole,pharmacy
sport,pharmacy
steps,pharmacy
stop,pharmacy
streets,pharmacy
tactile,pharmacy
temporary,pharmacy
test,pharmacy
touch,pharmacy
tram,pharmacy
tree,pharmacy
vaporetto,pharmacy
venice,pharmacy
vento,pharmacy
vision,pharmacy
wall,pharmacy
water,pharmacy
wells,pharmacy
words_and_more,pharmacy
work,pharmacy
._reference,photograph
33bienal,photograph
accessible,photograph
ambient_noise,photograph
bar,photograph
bells,photograph
bike,photograph
binary,photograph
birds,photograph
bridges,photograph
calle_closed,photograph
car,photograph
caution,photograph
culture,photograph
dangerous,photograph
dead,photograph
description,photograph
door,photograph
easter,photograph
fish,photograph
fruits,photograph
girls,photograph
he_lives_together,photograph
headquarters,photograph
hello,photograph
hiking,photograph
history,photograph
hospital,photograph
laramara,photograph
legends,photograph
library,photograph
luci,photograph
machine,photograph
maritime,photograph
market,photograph
meeting,photograph
mislata,photograph
movement,photograph
museum,photograph
music,photograph
nature,photograph
neighborhood,photograph
obstacle,photograph
odor,photograph
park,photograph
paseo,photograph
people,photograph
piazza,photograph
rain,photograph
restaurant,photograph
scale,photograph
sculptures,photograph
sole,photograph
sorocaba,photograph
steps,photograph
stop,photograph
streets,photograph
tactile,photograph
temporary,photograph
test,photograph
theater,photograph
touch,photograph
tram,photograph
tranquillity,photograph
tree,photograph
turismo,photograph
university,photograph
vaporetto,photograph
venice,photograph
vento,photograph
vision,photograph
wall,photograph
water,photograph
wells,photograph
work,photograph
._reference,piano
accessible,piano
ambient_noise,piano
art,piano
audible_traffic_lights,piano
bar,piano
bells,piano
binary,piano
birds,piano
blindwiki,piano
bridges,piano
calle_closed,piano
car,piano
carnevale,piano
caution,piano
culture,piano
dangerous,piano
dead,piano
description,piano
easter,piano
fish,piano
foundations,piano
fruits,piano
garden,piano
germany,piano
girls,piano
he_lives_together,piano
headquarters,piano
hello,piano
hiking,piano
history,piano
hospital,piano
iglesia,piano
lande,piano
legends,piano
luci,piano
machine,piano
maritime,piano
meeting,piano
memorial,piano
mislata,piano
museum,piano
music,piano
neighborhood,piano
night,piano
odor,piano
park,piano
paseo,piano
people,piano
perfumes,piano
piazza,piano
project,piano
rain,piano
restaurant,piano
scale,piano
sculpture,piano
sensations,piano
shop,piano
sole,piano
sorocaba,piano
sport,piano
steps,piano
stop,piano
streets,piano
temporary,piano
test,piano
theater,piano
tram,piano
tranquillity,piano
tree,piano
university,piano
venice,piano
vento,piano
vision,piano
voices,piano
wall,piano
water,piano
wells,piano
work,piano
33bienal,piazzale_roma
accessible,piazzale_roma
ambient_noise,piazzale_roma
audible_traffic_lights,piazzale_roma
bar,piazzale_roma
bike,piazzale_roma
binary,piazzale_roma
birds,piazzale_roma
blindwiki,piazzale_roma
calle_closed,piazzale_roma
car,piazzale_roma
carnevale,piazzale_roma
crowded_environment,piazzale_roma
description,piazzale_roma
door,piazzale_roma
fish,piazzale_roma
foundations,piazzale_roma
friendship,piazzale_roma
fruits,piazzale_roma
germany,piazzale_roma
girls,piazzale_roma
he_lives_together,piazzale_roma
hiking,piazzale_roma
history,piazzale_roma
hospital,piazzale_roma
iglesia,piazzale_roma
lande,piazzale_roma
laramara,piazzale_roma
legends,piazzale_roma
library,piazzale_roma
luci,piazzale_roma
machine,piazzale_roma
maritime,piazzale_roma
market,piazzale_roma
memorial,piazzale_roma
mislata,piazzale_roma
movement,piazzale_roma
museum,piazzale_roma
obstacle,piazzale_roma
paseo,piazzale_roma
people,piazzale_roma
perfumes,piazzale_roma
project,piazzale_roma
restaurant,piazzale_roma
scale,piazzale_roma
sculpture,piazzale_roma
sculptures,piazzale_roma
sensations,piazzale_roma
sole,piazzale_roma
sport,piazzale_roma
steps,piazzale_roma
streets,piazzale_roma
tactile,piazzale_roma
temporary,piazzale_roma
test,piazzale_roma
theater,piazzale_roma
touch,piazzale_roma
tram,piazzale_roma
turismo,piazzale_roma
vaporetto,piazzale_roma
vento,piazzale_roma
voices,piazzale_roma
wall,piazzale_roma
wells,piazzale_roma
words_and_more,piazzale_roma
work,piazzale_roma
._reference,picanya
33bienal,picanya
accessible,picanya
ambient_noise,picanya
art,picanya
bells,picanya
bike,picanya
birds,picanya
blindwiki,picanya
calle_closed,picanya
carnevale,picanya
crowded_environment,picanya
culture,picanya
dangerous,picanya
dead,picanya
description,picanya
door,picanya
fish,picanya
foundations,picanya
friendship,picanya
fruits,picanya
garden,picanya
germany,picanya
girls,picanya
he_lives_together,picanya
headquarters,picanya
hello,picanya
hospital,picanya
iglesia,picanya
laramara,picanya
legends,picanya
luci,picanya
machine,picanya
maritime,picanya
meeting,picanya
mislata,picanya
museum,picanya
music,picanya
nature,picanya
night,picanya
obstacle,picanya
park,picanya
paseo,picanya
rain,picanya
restaurant,picanya
scale,picanya
sculpture,picanya
shop,picanya
sport,picanya
steps,picanya
streets,picanya
tactile,picanya
temporary,picanya
test,picanya
theater,picanya
touch,picanya
tram,picanya
tranquillity,picanya
university,picanya
vaporetto,picanya
venice,picanya
vento,picanya
vision,picanya
voices,picanya
wall,picanya
water,picanya
wells,picanya
work,picanya
33bienal,piers
accessible,piers
ambient_noise,piers
audible_traffic_lights,piers
bar,piers
bells,piers
binary,piers
birds,piers
blindwiki,piers
car,piers
crowded_environment,piers
culture,piers
dangerous,piers
dead,piers
description,piers
door,piers
fish,piers
foundations,piers
friendship,piers
fruits,piers
garden,piers
germany,piers
he_lives_together,piers
headquarters,piers
history,piers
hospital,piers
iglesia,piers
lande,piers
laramara,piers
legends,piers
library,piers
luci,piers
machine,piers
maritime,piers
meeting,piers
memorial,piers
mislata,piers
movement,piers
music,piers
nature,piers
neighborhood,piers
night,piers
paseo,piers
people,piers
perfumes,piers
rain,piers
scale,piers
sculpture,piers
sculptures,piers
sole,piers
sorocaba,piers
sport,piers
steps,piers
stop,piers
streets,piers
tactile,piers
temporary,piers
test,piers
touch,piers
tranquillity,piers
turismo,piers
university,piers
vaporetto,piers
venice,piers
vision,piers
voices,piers
wall,piers
water,piers
wells,piers
words_and_more,piers
work,piers
._reference,pies
33bienal,pies
accessible,pies
ambient_noise,pies
audible_traffic_lights,pies
bar,pies
bells,pies
bike,pies
binary,pies
birds,pies
blindwiki,pies
calle_closed,pies
car,pies
carnevale,pies
caution,pies
crowded_environment,pies
culture,pies
dangerous,pies
dead,pies
description,pies
easter,pies
fish,pies
foundations,pies
fruits,pies
garden,pies
germany,pies
girls,pies
he_lives_together,pies
hello,pies
history,pies
hospital,pies
iglesia,pies
lande,pies
laramara,pies
legends,pies
library,pies
luci,pies
maritime,pies
market,pies
meeting,pies
memorial,pies
mislata,pies
movement,pies
music,pies
nature,pies
night,pies
odor,pies
park,pies
perfumes,pies
piazza,pies
rain,pies
restaurant,pies
scale,pies
sculpture,pies
sculptures,pies
sensations,pies
sole,pies
sorocaba,pies
sport,pies
steps,pies
stop,pies
streets,pies
temporary,pies
theater,pies
touch,pies
tram,pies
tranquillity,pies
tree,pies
turismo,pies
vaporetto,pies
venice,pies
vento,pies
vision,pies
voices,pies
wall,pies
water,pies
wells,pies
words_and_more,pies
work,pies
._reference,pigeons
33bienal,pigeons
accessible,pigeons
art,pigeons
audible_traffic_lights,pigeons
bells,pigeons
bike,pigeons
binary,pigeons
birds,pigeons
blindwiki,pigeons
bridges,pigeons
calle_closed,pigeons
car,pigeons
carnevale,pigeons
caution,pigeons
crowded_environment,pigeons
dangerous,pigeons
description,pigeons
door,pigeons
easter,pigeons
fish,pigeons
friendship,pigeons
fruits,pigeons
garden,pigeons
germany,pigeons
he_lives_together,pigeons
headquarters,pigeons
hiking,pigeons
hospital,pigeons
lande,pigeons
laramara,pigeons
legends,pigeons
library,pigeons
luci,pigeons
machine,pigeons
maritime,pigeons
market,pigeons
meeting,pigeons
memorial,pigeons
mislata,pigeons
movement,pigeons
museum,pigeons
nature,pigeons
neighborhood,pigeons
night,pigeons
odor,pigeons
park,pigeons
paseo,pigeons
people,pigeons
perfumes,pigeons
piazza,pigeons
project,pigeons
rain,pigeons
restaurant,pigeons
scale,pigeons
sculpture,pigeons
sensations,pigeons
shop,pigeons
sole,pigeons
sport,pigeons
steps,pigeons
stop,pigeons
streets,pigeons
tactile,pigeons
temporary,pigeons
theater,pigeons
touch,pigeons
tram,pigeons
tranquillity,pigeons
tree,pigeons
turismo,pigeons
university,pigeons
venice,pigeons
vento,pigeons
vision,pigeons
voices,pigeons
wall,pigeons
water,pigeons
wells,pigeons
words_and_more,pigeons
work,pigeons
._reference,ping-pong
33bienal,ping-pong
accessible,ping-pong
audible_traffic_lights,ping-pong
bells,ping-pong
bike,ping-pong
binary,ping-pong
blindwiki,ping-pong
carnevale,ping-pong
caution,ping-pong
crowded_environment,ping-pong
culture,ping-pong
dead,ping-pong
description,ping-pong
door,ping-pong
easter,ping-pong
friendship,ping-pong
fruits,ping-pong
garden,ping-pong
girls,ping-pong
history,ping-pong
hospital,ping-pong
lande,ping-pong
laramara,ping-pong
legends,ping-pong
library,ping-pong
luci,ping-pong
machine,ping-pong
maritime,ping-pong
market,ping-pong
meeting,ping-pong
mislata,ping-pong
movement,ping-pong
museum,ping-pong
music,ping-pong
nature,ping-pong
neighborhood,ping-pong
night,ping-pong
obstacle,ping-pong
odor,ping-pong
park,ping-pong
paseo,ping-pong
people,ping-pong
perfumes,ping-pong
piazza,ping-pong
project,ping-pong
rain,ping-pong
restaurant,ping-pong
scale,ping-pong
sculpture,ping-pong
sensations,ping-pong
sole,ping-pong
sorocaba,ping-pong
sport,ping-pong
steps,ping-pong
tactile,ping-pong
temporary,ping-pong
test,ping-pong
theater,ping-pong
touch,ping-pong
turismo,ping-pong
university,ping-pong
vaporetto,ping-pong
venice,ping-pong
vento,ping-pong
vision,ping-pong
water,ping-pong
wells,ping-pong
work,ping-pong
accessible,piso
ambient_noise,piso
art,piso
audible_traffic_lights,piso
bells,piso
birds,piso
blindwiki,piso
bridges,piso
calle_closed,piso
car,piso
carnevale,piso
caution,piso
crowded_environment,piso
dead,piso
description,piso
easter,piso
fish,piso
fruits,piso
germany,piso
girls,piso
he_lives_together,piso
headquarters,piso
hello,piso
hiking,piso
iglesia,piso
lande,piso
laramara,piso
legends,piso
library,piso
luci,piso
machine,piso
maritime,piso
market,piso
meeting,piso
memorial,piso
mislata,piso
movement,piso
museum,piso
music,piso
neighborhood,piso
night,piso
obstacle,piso
odor,piso
park,piso
people,piso
perfumes,piso
piazza,piso
project,piso
rain,piso
restaurant,piso
sculpture,piso
sculptures,piso
sensations,piso
shop,piso
sole,piso
sorocaba,piso
steps,piso
stop,piso
tactile,piso
theater,piso
touch,piso
tram,piso
tranquillity,piso
tree,piso
university,piso
vaporetto,piso
venice,piso
vento,piso
vision,piso
wall,piso
water,piso
work,piso
._reference,pizza
33bienal,pizza
accessible,pizza
ambient_noise,pizza
audible_traffic_lights,pizza
bar,pizza
bells,pizza
bike,pizza
binary,pizza
birds,pizza
blindwiki,pizza
calle_closed,pizza
car,pizza
carnevale,pizza
crowded_environment,pizza
culture,pizza
dangerous,pizza
dead,pizza
description,pizza
door,pizza
easter,pizza
fish,pizza
foundations,pizza
friendship,pizza
fruits,pizza
garden,pizza
he_lives_together,pizza
headquarters,pizza
hiking,pizza
history,pizza
laramara,pizza
legends,pizza
library,pizza
luci,pizza
machine,pizza
market,pizza
memorial,pizza
mislata,pizza
movement,pizza
museum,pizza
obstacle,pizza
odor,pizza
park,pizza
people,pizza
perfumes,pizza
rain,pizza
restaurant,pizza
scale,pizza
sculpture,pizza
sculptures,pizza
sensations,pizza
sole,pizza
sorocaba,pizza
steps,pizza
stop,pizza
test,pizza
touch,pizza
tree,pizza
turismo,pizza
vento,pizza
vision,pizza
voices,pizza
wall,pizza
water,pizza
words_and_more,pizza
work,pizza
33bienal,pizzeria
accessible,pizzeria
audible_traffic_lights,pizzeria
bar,pizzeria
bells,pizzeria
binary,pizzeria
birds,pizzeria
blindwiki,pizzeria
calle_closed,pizzeria
caution,pizzeria
crowded_environment,pizzeria
culture,pizzeria
description,pizzeria
easter,pizzeria
fish,pizzeria
foundations,pizzeria
friendship,pizzeria
fruits,pizzeria
garden,pizzeria
germany,pizzeria
he_lives_together,pizzeria
headquarters,pizzeria
hello,pizzeria
hiking,pizzeria
history,pizzeria
hospital,pizzeria
iglesia,pizzeria
legends,pizzeria
library,pizzeria
maritime,pizzeria
market,pizzeria
meeting,pizzeria
memorial,pizzeria
movement,pizzeria
museum,pizzeria
music,pizzeria
nature,pizzeria
neighborhood,pizzeria
night,pizzeria
obstacle,pizzeria
odor,pizzeria
paseo,pizzeria
people,pizzeria
perfumes,pizzeria
rain,pizzeria
restaurant,pizzeria
scale,pizzeria
sculpture,pizzeria
sensations,pizzeria
shop,pizzeria
sole,pizzeria
sorocaba,pizzeria
sport,pizzeria
stop,pizzeria
tactile,pizzeria
temporary,pizzeria
test,pizzeria
theater,pizzeria
touch,pizzeria
tram,pizzeria
tranquillity,pizzeria
tree,pizzeria
turismo,pizzeria
venice,pizzeria
vento,pizzeria
vision,pizzeria
voices,pizzeria
words_and_more,pizzeria
._reference,plant
accessible,plant
ambient_noise,plant
audible_traffic_lights,plant
bar,plant
bells,plant
binary,plant
car,plant
carnevale,plant
caution,plant
crowded_environment,plant
culture,plant
dangerous,plant
dead,plant
description,plant
door,plant
fish,plant
friendship,plant
fruits,plant
garden,plant
germany,plant
girls,plant
he_lives_together,plant
hello,plant
hiking,plant
history,plant
hospital,plant
library,plant
luci,plant
machine,plant
maritime,plant
market,plant
meeting,plant
memorial,plant
mislata,plant
movement,plant
museum,plant
music,plant
nature,plant
neighborhood,plant
night,plant
obstacle,plant
odor,plant
park,plant
paseo,plant
perfumes,plant
piazza,plant
project,plant
rain,plant
restaurant,plant
scale,plant
sculptures,plant
sensations,plant
shop,plant
sorocaba,plant
sport,plant
steps,plant
streets,plant
theater,plant
tram,plant
tranquillity,plant
tree,plant
turismo,plant
university,plant
vaporetto,plant
venice,plant
vento,plant
vision,plant
voices,plant
water,plant
words_and_more,plant
._reference,planters
accessible,planters
ambient_noise,planters
audible_traffic_lights,planters
bar,planters
bells,planters
bike,planters
binary,planters
blindwiki,planters
bridges,planters
calle_closed,planters
car,planters
carnevale,planters
caution,planters
crowded_environment,planters
culture,planters
dangerous,planters
dead,planters
description,planters
fish,planters
garden,planters
he_lives_together,planters
headquarters,planters
hello,planters
history,planters
iglesia,planters
luci,planters
machine,planters
maritime,planters
market,planters
mislata,planters
movement,planters
museum,planters
music,planters
nature,planters
obstacle,planters
odor,planters
park,planters
paseo,planters
people,planters
perfumes,planters
piazza,planters
project,planters
rain,planters
restaurant,planters
scale,planters
sculpture,planters
sensations,planters
shop,planters
sole,planters
sport,planters
steps,planters
tactile,planters
temporary,planters
theater,planters
touch,planters
tram,planters
tranquillity,planters
tree,planters
university,planters
vaporetto,planters
vento,planters
voices,planters
water,planters
words_and_more,planters
work,planters
._reference,plants
accessible,plants
ambient_noise,plants
bar,plants
bells,plants
bike,plants
binary,plants
birds,plants
bridges,plants
calle_closed,plants
carnevale,plants
caution,plants
crowded_environment,plants
culture,plants
dangerous,plants
dead,plants
description,plants
door,plants
fish,plants
foundations,plants
fruits,plants
garden,plants
germany,plants
girls,plants
headquarters,plants
hello,plants
hiking,plants
history,plants
hospital,plants
lande,plants
laramara,plants
luci,plants
machine,plants
maritime,plants
market,plants
movement,plants
music,plants
nature,plants
night,plants
odor,plants
park,plants
paseo,plants
piazza,plants
project,plants
restaurant,plants
scale,plants
sculpture,plants
sensations,plants
shop,plants
sole,plants
sorocaba,plants
steps,plants
stop,plants
streets,plants
tactile,plants
temporary,plants
theater,plants
touch,plants
tranquillity,plants
tree,plants
turismo,plants
university,plants
venice,plants
vision,plants
voices,plants
wall,plants
words_and_more,plants
work,plants
._reference,platforms
33bienal,platforms
accessible,platforms
ambient_noise,platforms
art,platforms
audible_traffic_lights,platforms
bells,platforms
bike,platforms
binary,platforms
birds,platforms
blindwiki,platforms
bridges,platforms
car,platforms
carnevale,platforms
caution,platforms
crowded_environment,platforms
culture,platforms
dangerous,platforms
dead,platforms
description,platforms
door,platforms
fish,platforms
foundations,platforms
friendship,platforms
fruits,platforms
garden,platforms
girls,platforms
he_lives_together,platforms
headquarters,platforms
hello,platforms
hiking,platforms
history,platforms
hospital,platforms
iglesia,platforms
lande,platforms
laramara,platforms
legends,platforms
library,platforms
luci,platforms
machine,platforms
maritime,platforms
market,platforms
meeting,platforms
memorial,platforms
mislata,platforms
museum,platforms
music,platforms
nature,platforms
neighborhood,platforms
night,platforms
obstacle,platforms
park,platforms
paseo,platforms
people,platforms
perfumes,platforms
piazza,platforms
project,platforms
rain,platforms
restaurant,platforms
scale,platforms
sculpture,platforms
sculptures,platforms
sensations,platforms
shop,platforms
sole,platforms
sorocaba,platforms
sport,platforms
steps,platforms
stop,platforms
streets,platforms
tactile,platforms
temporary,platforms
test,platforms
theater,platforms
touch,platforms
tram,platforms
tree,platforms
turismo,platforms
university,platforms
vaporetto,platforms
vento,platforms
voices,platforms
wall,platforms
wells,platforms
words_and_more,platforms
._reference,playground
33bienal,playground
accessible,playground
ambient_noise,playground
audible_traffic_lights,playground
bar,playground
bells,playground
binary,playground
birds,playground
blindwiki,playground
bridges,playground
calle_closed,playground
car,playground
carnevale,playground
caution,playground
crowded_environment,playground
culture,playground
dangerous,playground
dead,playground
description,playground
door,playground
easter,playground
fish,playground
foundations,playground
friendship,playground
fruits,playground
garden,playground
girls,playground
headquarters,playground
hello,playground
hiking,playground
history,playground
hospital,playground
iglesia,playground
lande,playground
laramara,playground
legends,playground
library,playground
luci,playground
machine,playground
maritime,playground
market,playground
mislata,playground
movement,playground
museum,playground
music,playground
nature,playground
neighborhood,playground
night,playground
obstacle,playground
odor,playground
park,playground
paseo,playground
people,playground
perfumes,playground
piazza,playground
project,playground
rain,playground
restaurant,playground
scale,playground
sculpture,playground
sculptures,playground
sensations,playground
shop,playground
sole,playground
sorocaba,playground
steps,playground
streets,playground
tactile,playground
test,playground
tram,playground
tranquillity,playground
tree,playground
turismo,playground
university,playground
venice,playground
vento,playground
vision,playground
voices,playground
wall,playground
water,playground
wells,playground
words_and_more,playground
work,playground
accessible,playing_fields
ambient_noise,playing_fields
art,playing_fields
audible_traffic_lights,playing_fields
bar,playing_fields
bike,playing_fields
binary,playing_fields
birds,playing_fields
bridges,playing_fields
calle_closed,playing_fields
car,playing_fields
carnevale,playing_fields
caution,playing_fields
culture,playing_fields
dangerous,playing_fields
door,playing_fields
easter,playing_fields
fish,playing_fields
fruits,playing_fields
garden,playing_fields
germany,playing_fields
he_lives_together,playing_fields
headquarters,playing_fields
hello,playing_fields
history,playing_fields
hospital,playing_fields
lande,playing_fields
laramara,playing_fields
legends,playing_fields
library,playing_fields
maritime,playing_fields
market,playing_fields
meeting,playing_fields
memorial,playing_fields
museum,playing_fields
music,playing_fields
neighborhood,playing_fields
obstacle,playing_fields
odor,playing_fields
paseo,playing_fields
people,playing_fields
perfumes,playing_fields
piazza,playing_fields
project,playing_fields
rain,playing_fields
scale,playing_fields
sculpture,playing_fields
sculptures,playing_fields
sensations,playing_fields
sole,playing_fields
sorocaba,playing_fields
sport,playing_fields
steps,playing_fields
tactile,playing_fields
temporary,playing_fields
test,playing_fields
theater,playing_fields
touch,playing_fields
tranquillity,playing_fields
tree,playing_fields
turismo,playing_fields
vaporetto,playing_fields
venice,playing_fields
vento,playing_fields
vision,playing_fields
voices,playing_fields
wall,playing_fields
wells,playing_fields
work,playing_fields
ambient_noise,poetry
art,poetry
audible_traffic_lights,poetry
binary,poetry
birds,poetry
bridges,poetry
calle_closed,poetry
car,poetry
caution,poetry
crowded_environment,poetry
culture,poetry
dangerous,poetry
dead,poetry
description,poetry
door,poetry
fish,poetry
foundations,poetry
friendship,poetry
fruits,poetry
he_lives_together,poetry
hiking,poetry
lande,poetry
legends,poetry
library,poetry
maritime,poetry
market,poetry
meeting,poetry
memorial,poetry
mislata,poetry
museum,poetry
music,poetry
nature,poetry
neighborhood,poetry
night,poetry
odor,poetry
park,poetry
paseo,poetry
perfumes,poetry
project,poetry
scale,poetry
sculpture,poetry
sculptures,poetry
sensations,poetry
shop,poetry
sole,poetry
sorocaba,poetry
sport,poetry
streets,poetry
tactile,poetry
temporary,poetry
test,poetry
theater,poetry
touch,poetry
tram,poetry
tree,poetry
vaporetto,poetry
venice,poetry
vision,poetry
wall,poetry
words_and_more,poetry
work,poetry
._reference,police
33bienal,police
accessible,police
audible_traffic_lights,police
bar,police
bells,police
binary,police
blindwiki,police
calle_closed,police
car,police
carnevale,police
caution,police
culture,police
dangerous,police
dead,police
description,police
fruits,police
he_lives_together,police
headquarters,police
hello,police
hiking,police
history,police
hospital,police
lande,police
laramara,police
legends,police
library,police
luci,police
maritime,police
market,police
meeting,police
mislata,police
neighborhood,police
night,police
obstacle,police
park,police
paseo,police
people,police
perfumes,police
piazza,police
project,police
rain,police
restaurant,police
scale,police
sculpture,police
sensations,police
shop,police
sole,police
sorocaba,police
sport,police
steps,police
tactile,police
temporary,police
test,police
theater,police
touch,police
tram,police
tranquillity,police
tree,police
university,police
vaporetto,police
venice,police
vento,police
vision,police
voices,police
wall,police
wells,police
words_and_more,police
._reference,polish_association_of_the_blind
accessible,polish_association_of_the_blind
art,polish_association_of_the_blind
audible_traffic_lights,polish_association_of_the_blind
bar,polish_association_of_the_blind
bells,polish_association_of_the_blind
bike,polish_association_of_the_blind
binary,polish_association_of_the_blind
blindwiki,polish_association_of_the_blind
bridges,polish_association_of_the_blind
calle_closed,polish_association_of_the_blind
car,polish_association_of_the_blind
carnevale,polish_association_of_the_blind
caution,polish_association_of_the_blind
crowded_environment,polish_association_of_the_blind
culture,polish_association_of_the_blind
dead,polish_association_of_the_blind
description,polish_association_of_the_blind
door,polish_association_of_the_blind
easter,polish_association_of_the_blind
fish,polish_association_of_the_blind
foundations,polish_association_of_the_blind
friendship,polish_association_of_the_blind
fruits,polish_association_of_the_blind
garden,polish_association_of_the_blind
germany,polish_association_of_the_blind
girls,polish_association_of_the_blind
he_lives_together,polish_association_of_the_blind
headquarters,polish_association_of_the_blind
hello,polish_association_of_the_blind
hiking,polish_association_of_the_blind
history,polish_association_of_the_blind
laramara,polish_association_of_the_blind
legends,polish_association_of_the_blind
library,polish_association_of_the_blind
machine,polish_association_of_the_blind
maritime,polish_association_of_the_blind
market,polish_association_of_the_blind
meeting,polish_association_of_the_blind
mislata,polish_association_of_the_blind
movement,polish_association_of_the_blind
museum,polish_association_of_the_blind
music,polish_association_of_the_blind
nature,polish_association_of_the_blind
neighborhood,polish_association_of_the_blind
night,polish_association_of_the_blind
odor,polish_association_of_the_blind
paseo,polish_association_of_the_blind
piazza,polish_association_of_the_blind
project,polish_association_of_the_blind
restaurant,polish_association_of_the_blind
sculpture,polish_association_of_the_blind
sculptures,polish_association_of_the_blind
sensations,polish_association_of_the_blind
shop,polish_association_of_the_blind
sole,polish_association_of_the_blind
sorocaba,polish_association_of_the_blind
steps,polish_association_of_the_blind
stop,polish_association_of_the_blind
streets,polish_association_of_the_blind
temporary,polish_association_of_the_blind
test,polish_association_of_the_blind
theater,polish_association_of_the_blind
touch,polish_association_of_the_blind
tranquillity,polish_association_of_the_blind
tree,polish_association_of_the_blind
turismo,polish_association_of_the_blind
university,polish_association_of_the_blind
vaporetto,polish_association_of_the_blind
venice,polish_association_of_the_blind
vento,polish_association_of_the_blind
vision,polish_association_of_the_blind
voices,polish_association_of_the_blind
wall,polish_association_of_the_blind
water,polish_association_of_the_blind
words_and_more,polish_association_of_the_blind
._reference,political_science
33bienal,political_science
accessible,political_science
ambient_noise,political_science
art,political_science
audible_traffic_lights,political_science
bar,political_science
bells,political_science
bike,political_science
binary,political_science
birds,political_science
blindwiki,political_science
bridges,political_science
calle_closed,political_science
carnevale,political_science
caution,political_science
crowded_environment,political_science
culture,political_science
dangerous,political_science
dead,political_science
description,political_science
door,political_science
easter,political_science
foundations,political_science
fruits,political_science
garden,political_science
germany,political_science
headquarters,political_science
hello,political_science
hiking,political_science
history,political_science
hospital,political_science
legends,political_science
library,political_science
machine,political_science
maritime,political_science
market,political_science
meeting,political_science
memorial,political_science
movement,political_science
museum,political_science
music,political_science
nature,political_science
neighborhood,political_science
night,political_science
obstacle,political_science
odor,political_science
park,political_science
paseo,political_science
people,political_science
piazza,political_science
rain,political_science
restaurant,political_science
scale,political_science
sculpture,political_science
sculptures,political_science
sensations,political_science
shop,political_science
sole,political_science
sorocaba,political_science
sport,political_science
steps,political_science
stop,political_science
streets,political_science
tactile,political_science
temporary,political_science
test,political_science
theater,political_science
touch,political_science
tranquillity,political_science
tree,political_science
turismo,political_science
university,political_science
venice,political_science
vento,political_science
vision,political_science
wall,political_science
water,political_science
work,political_science
._reference,pond
33bienal,pond
accessible,pond
ambient_noise,pond
art,pond
audible_traffic_lights,pond
bar,pond
bells,pond
bike,pond
binary,pond
birds,pond
blindwiki,pond
bridges,pond
car,pond
caution,pond
culture,pond
dangerous,pond
dead,pond
door,pond
easter,pond
fish,pond
foundations,pond
fruits,pond
garden,pond
germany,pond
girls,pond
he_lives_together,pond
headquarters,pond
hello,pond
hiking,pond
history,pond
hospital,pond
iglesia,pond
lande,pond
laramara,pond
luci,pond
market,pond
meeting,pond
memorial,pond
mislata,pond
movement,pond
museum,pond
music,pond
nature,pond
neighborhood,pond
night,pond
odor,pond
paseo,pond
people,pond
perfumes,pond
piazza,pond
project,pond
restaurant,pond
scale,pond
sculpture,pond
sculptures,pond
sensations,pond
shop,pond
sole,pond
sorocaba,pond
sport,pond
steps,pond
stop,pond
streets,pond
tactile,pond
temporary,pond
test,pond
theater,pond
touch,pond
tram,pond
turismo,pond
venice,pond
vento,pond
vision,pond
voices,pond
water,pond
wells,pond
words_and_more,pond
work,pond
._reference,pont
33bienal,pont
art,pont
bar,pont
bike,pont
binary,pont
bridges,pont
car,pont
carnevale,pont
caution,pont
crowded_environment,pont
dead,pont
description,pont
easter,pont
fish,pont
foundations,pont
friendship,pont
fruits,pont
germany,pont
he_lives_together,pont
hello,pont
hiking,pont
history,pont
hospital,pont
iglesia,pont
legends,pont
library,pont
luci,pont
machine,pont
maritime,pont
meeting,pont
memorial,pont
mislata,pont
movement,pont
music,pont
nature,pont
neighborhood,pont
night,pont
odor,pont
park,pont
paseo,pont
people,pont
perfumes,pont
piazza,pont
project,pont
sculptures,pont
sensations,pont
shop,pont
sole,pont
sorocaba,pont
sport,pont
steps,pont
stop,pont
streets,pont
temporary,pont
test,pont
theater,pont
touch,pont
tram,pont
tree,pont
turismo,pont
university,pont
vaporetto,pont
venice,pont
vento,pont
vision,pont
voices,pont
wells,pont
work,pont
._reference,pontini_trattoria
33bienal,pontini_trattoria
accessible,pontini_trattoria
ambient_noise,pontini_trattoria
art,pontini_trattoria
audible_traffic_lights,pontini_trattoria
bar,pontini_trattoria
bells,pontini_trattoria
bike,pontini_trattoria
binary,pontini_trattoria
birds,pontini_trattoria
blindwiki,pontini_trattoria
bridges,pontini_trattoria
calle_closed,pontini_trattoria
car,pontini_trattoria
crowded_environment,pontini_trattoria
culture,pontini_trattoria
dangerous,pontini_trattoria
description,pontini_trattoria
easter,pontini_trattoria
friendship,pontini_trattoria
fruits,pontini_trattoria
garden,pontini_trattoria
germany,pontini_trattoria
girls,pontini_trattoria
headquarters,pontini_trattoria
hello,pontini_trattoria
history,pontini_trattoria
hospital,pontini_trattoria
iglesia,pontini_trattoria
laramara,pontini_trattoria
legends,pontini_trattoria
library,pontini_trattoria
luci,pontini_trattoria
machine,pontini_trattoria
maritime,pontini_trattoria
market,pontini_trattoria
meeting,pontini_trattoria
memorial,pontini_trattoria
mislata,pontini_trattoria
movement,pontini_trattoria
museum,pontini_trattoria
music,pontini_trattoria
nature,pontini_trattoria
neighborhood,pontini_trattoria
night,pontini_trattoria
obstacle,pontini_trattoria
odor,pontini_trattoria
park,pontini_trattoria
paseo,pontini_trattoria
people,pontini_trattoria
perfumes,pontini_trattoria
piazza,pontini_trattoria
project,pontini_trattoria
rain,pontini_trattoria
scale,pontini_trattoria
sculpture,pontini_trattoria
sculptures,pontini_trattoria
sensations,pontini_trattoria
shop,pontini_trattoria
sole,pontini_trattoria
sport,pontini_trattoria
steps,pontini_trattoria
streets,pontini_trattoria
test,pontini_trattoria
theater,pontini_trattoria
touch,pontini_trattoria
tranquillity,pontini_trattoria
turismo,pontini_trattoria
university,pontini_trattoria
vaporetto,pontini_trattoria
venice,pontini_trattoria
vision,pontini_trattoria
voices,pontini_trattoria
wall,pontini_trattoria
water,pontini_trattoria
wells,pontini_trattoria
words_and_more,pontini_trattoria
work,pontini_trattoria
33bienal,pool
accessible,pool
ambient_noise,pool
art,pool
audible_traffic_lights,pool
bar,pool
bells,pool
binary,pool
birds,pool
blindwiki,pool
bridges,pool
carnevale,pool
caution,pool
culture,pool
dead,pool
description,pool
easter,pool
fish,pool
foundations,pool
friendship,pool
garden,pool
germany,pool
girls,pool
he_lives_together,pool
headquarters,pool
hello,pool
hiking,pool
history,pool
hospital,pool
lande,pool
legends,pool
library,pool
luci,pool
machine,pool
maritime,pool
market,pool
meeting,pool
memorial,pool
mislata,pool
movement,pool
music,pool
nature,pool
neighborhood,pool
night,pool
obstacle,pool
park,pool
paseo,pool
piazza,pool
project,pool
rain,pool
restaurant,pool
sculptures,pool
sensations,pool
sole,pool
sorocaba,pool
sport,pool
steps,pool
stop,pool
streets,pool
tactile,pool
temporary,pool
test,pool
touch,pool
tram,pool
tranquillity,pool
tree,pool
university,pool
vaporetto,pool
vento,pool
vision,pool
voices,pool
wall,pool
water,pool
wells,pool
words_and_more,pool
work,pool
33bienal,porta
accessible,porta
art,porta
audible_traffic_lights,porta
bar,porta
bells,porta
bike,porta
binary,porta
birds,porta
calle_closed,porta
car,porta
caution,porta
crowded_environment,porta
culture,porta
dangerous,porta
dead,porta
easter,porta
fish,porta
foundations,porta
friendship,porta
fruits,porta
garden,porta
germany,porta
girls,porta
he_lives_together,porta
headquarters,porta
hiking,porta
history,porta
hospital,porta
iglesia,porta
lande,porta
legends,porta
library,porta
luci,porta
machine,porta
maritime,porta
market,porta
memorial,porta
museum,porta
music,porta
nature,porta
neighborhood,porta
night,porta
obstacle,porta
odor,porta
paseo,porta
perfumes,porta
piazza,porta
rain,porta
scale,porta
sculptures,porta
sensations,porta
shop,porta
sole,porta
sport,porta
steps,porta
stop,porta
streets,porta
tactile,porta
temporary,porta
test,porta
theater,porta
touch,porta
tram,porta
tranquillity,porta
turismo,porta
university,porta
vaporetto,porta
venice,porta
vento,porta
vision,porta
voices,porta
wall,porta
water,porta
wells,porta
work,porta
33bienal,portal
accessible,portal
ambient_noise,portal
art,portal
audible_traffic_lights,portal
bar,portal
bells,portal
binary,portal
birds,portal
blindwiki,portal
bridges,portal
calle_closed,portal
car,portal
carnevale,portal
caution,portal
crowded_environment,portal
dangerous,portal
dead,portal
description,portal
door,portal
easter,portal
fish,portal
foundations,portal
friendship,portal
fruits,portal
garden,portal
germany,portal
girls,portal
he_lives_together,portal
headquarters,portal
hello,portal
hiking,portal
history,portal
hospital,portal
iglesia,portal
laramara,portal
legends,portal
luci,portal
machine,portal
maritime,portal
market,portal
meeting,portal
memorial,portal
movement,portal
museum,portal
music,portal
nature,portal
neighborhood,portal
night,portal
obstacle,portal
park,portal
paseo,portal
people,portal
perfumes,portal
project,portal
rain,portal
restaurant,portal
scale,portal
sculpture,portal
sculptures,portal
shop,portal
sole,portal
sport,portal
steps,portal
streets,portal
tactile,portal
temporary,portal
test,portal
theater,portal
touch,portal
tram,portal
tree,portal
vaporetto,portal
venice,portal
vento,portal
vision,portal
voices,portal
wall,portal
wells,portal
words_and_more,portal
work,portal
._reference,portico
33bienal,portico
accessible,portico
ambient_noise,portico
art,portico
bar,portico
bells,portico
bike,portico
binary,portico
birds,portico
bridges,portico
calle_closed,portico
car,portico
carnevale,portico
crowded_environment,portico
culture,portico
dangerous,portico
description,portico
door,portico
easter,portico
fish,portico
foundations,portico
friendship,portico
fruits,portico
garden,portico
germany,portico
girls,portico
he_lives_together,portico
headquarters,portico
hiking,portico
history,portico
hospital,portico
laramara,portico
legends,portico
library,portico
machine,portico
maritime,portico
market,portico
meeting,portico
memorial,portico
mislata,portico
movement,portico
music,portico
nature,portico
neighborhood,portico
night,portico
obstacle,portico
odor,portico
park,portico
paseo,portico
people,portico
perfumes,portico
piazza,portico
rain,portico
scale,portico
sculpture,portico
sculptures,portico
sensations,portico
shop,portico
sole,portico
sorocaba,portico
sport,portico
steps,portico
stop,portico
streets,portico
tactile,portico
temporary,portico
test,portico
theater,portico
touch,portico
tram,portico
tranquillity,portico
tree,portico
turismo,portico
university,portico
vaporetto,portico
vision,portico
voices,portico
wall,portico
wells,portico
words_and_more,portico
work,portico
._reference,post_office
33bienal,post_office
accessible,post_office
ambient_noise,post_office
art,post_office
audible_traffic_lights,post_office
bike,post_office
birds,post_office
blindwiki,post_office
calle_closed,post_office
car,post_office
carnevale,post_office
crowded_environment,post_office
culture,post_office
dangerous,post_office
dead,post_office
description,post_office
easter,post_office
foundations,post_office
garden,post_office
germany,post_office
girls,post_office
he_lives_together,post_office
headquarters,post_office
hiking,post_office
hospital,post_office
iglesia,post_office
lande,post_office
laramara,post_office
library,post_office
luci,post_office
maritime,post_office
market,post_office
memorial,post_office
movement,post_office
museum,post_office
music,post_office
nature,post_office
neighborhood,post_office
night,post_office
obstacle,post_office
park,post_office
paseo,post_office
people,post_office
piazza,post_office
project,post_office
rain,post_office
restaurant,post_office
scale,post_office
sensations,post_office
shop,post_office
sole,post_office
sorocaba,post_office
sport,post_office
steps,post_office
stop,post_office
streets,post_office
temporary,post_office
test,post_office
theater,post_office
touch,post_office
tranquillity,post_office
tree,post_office
university,post_office
vaporetto,post_office
vento,post_office
vision,post_office
wall,post_office
water,post_office
wells,post_office
words_and_more,post_office
._reference,pozzo
33bienal,pozzo
art,pozzo
bar,pozzo
bells,pozzo
bike,pozzo
blindwiki,pozzo
car,pozzo
culture,pozzo
dead,pozzo
description,pozzo
door,pozzo
easter,pozzo
fish,pozzo
fruits,pozzo
garden,pozzo
germany,pozzo
he_lives_together,pozzo
headquarters,pozzo
hello,pozzo
hiking,pozzo
history,pozzo
hospital,pozzo
iglesia,pozzo
laramara,pozzo
legends,pozzo
luci,pozzo
machine,pozzo
maritime,pozzo
meeting,pozzo
memorial,pozzo
movement,pozzo
museum,pozzo
music,pozzo
neighborhood,pozzo
night,pozzo
obstacle,pozzo
odor,pozzo
park,pozzo
paseo,pozzo
people,pozzo
perfumes,pozzo
piazza,pozzo
restaurant,pozzo
scale,pozzo
sculpture,pozzo
sculptures,pozzo
sensations,pozzo
sole,pozzo
sorocaba,pozzo
sport,pozzo
steps,pozzo
stop,pozzo
streets,pozzo
tactile,pozzo
temporary,pozzo
test,pozzo
theater,pozzo
touch,pozzo
tram,pozzo
tranquillity,pozzo
turismo,pozzo
university,pozzo
vaporetto,pozzo
venice,pozzo
vision,pozzo
voices,pozzo
wall,pozzo
wells,pozzo
words_and_more,pozzo
._reference,practice
33bienal,practice
accessible,practice
ambient_noise,practice
audible_traffic_lights,practice
bar,practice
binary,practice
calle_closed,practice
car,practice
carnevale,practice
caution,practice
crowded_environment,practice
culture,practice
dead,practice
description,practice
door,practice
easter,practice
fish,practice
foundations,practice
friendship,practice
fruits,practice
garden,practice
germany,practice
girls,practice
he_lives_together,practice
headquarters,practice
hello,practice
hiking,practice
history,practice
hospital,practice
lande,practice
laramara,practice
library,practice
luci,practice
machine,practice
maritime,practice
market,practice
meeting,practice
mislata,practice
movement,practice
museum,practice
nature,practice
neighborhood,practice
night,practice
obstacle,practice
odor,practice
park,practice
paseo,practice
people,practice
piazza,practice
project,practice
rain,practice
restaurant,practice
sculpture,practice
sculptures,practice
sensations,practice
sole,practice
sport,practice
steps,practice
streets,practice
temporary,practice
theater,practice
tram,practice
tranquillity,practice
tree,practice
turismo,practice
university,practice
vaporetto,practice
venice,practice
vento,practice
voices,practice
wall,practice
water,practice
wells,practice
words_and_more,practice
._reference,primavera
33bienal,primavera
accessible,primavera
ambient_noise,primavera
art,primavera
audible_traffic_lights,primavera
bar,primavera
binary,primavera
bridges,primavera
calle_closed,primavera
carnevale,primavera
caution,primavera
crowded_environment,primavera
culture,primavera
dangerous,primavera
description,primavera
easter,primavera
fish,primavera
foundations,primavera
garden,primavera
germany,primavera
he_lives_together,primavera
history,primavera
iglesia,primavera
lande,primavera
legends,primavera
library,primavera
luci,primavera
machine,primavera
maritime,primavera
market,primavera
meeting,primavera
mislata,primavera
movement,primavera
museum,primavera
music,primavera
nature,primavera
night,primavera
obstacle,primavera
odor,primavera
park,primavera
paseo,primavera
people,primavera
perfumes,primavera
piazza,primavera
project,primavera
rain,primavera
scale,primavera
sculptures,primavera
sensations,primavera
shop,primavera
sole,primavera
sorocaba,primavera
sport,primavera
steps,primavera
stop,primavera
streets,primavera
tactile,primavera
temporary,primavera
test,primavera
theater,primavera
touch,primavera
tram,primavera
tranquillity,primavera
tree,primavera
turismo,primavera
vento,primavera
wells,primavera
work,primavera
33bienal,prison
accessible,prison
ambient_noise,prison
art,prison
audible_traffic_lights,prison
bar,prison
bike,prison
binary,prison
bridges,prison
car,prison
carnevale,prison
caution,prison
crowded_environment,prison
dangerous,prison
dead,prison
description,prison
door,prison
easter,prison
fish,prison
foundations,prison
friendship,prison
fruits,prison
garden,prison
germany,prison
he_lives_together,prison
headquarters,prison
hello,prison
hiking,prison
iglesia,prison
lande,prison
legends,prison
library,prison
market,prison
mislata,prison
museum,prison
nature,prison
night,prison
obstacle,prison
odor,prison
park,prison
paseo,prison
people,prison
perfumes,prison
piazza,prison
project,prison
rain,prison
restaurant,prison
scale,prison
sculpture,prison
sculptures,prison
sensations,prison
sole,prison
sport,prison
stop,prison
tactile,prison
test,prison
theater,prison
touch,prison
tram,prison
tranquillity,prison
tree,prison
turismo,prison
university,prison
vaporetto,prison
vento,prison
vision,prison
voices,prison
wall,prison
water,prison
words_and_more,prison
work,prison
33bienal,prosecco
accessible,prosecco
art,prosecco
bar,prosecco
bells,prosecco
bike,prosecco
binary,prosecco
birds,prosecco
blindwiki,prosecco
bridges,prosecco
calle_closed,prosecco
car,prosecco
carnevale,prosecco
caution,prosecco
culture,prosecco
dead,prosecco
description,prosecco
door,prosecco
easter,prosecco
fruits,prosecco
garden,prosecco
germany,prosecco
girls,prosecco
he_lives_together,prosecco
headquarters,prosecco
hello,prosecco
laramara,prosecco
legends,prosecco
library,prosecco
luci,prosecco
machine,prosecco
maritime,prosecco
market,prosecco
meeting,prosecco
memorial,prosecco
movement,prosecco
nature,prosecco
neighborhood,prosecco
night,prosecco
obstacle,prosecco
odor,prosecco
park,prosecco
people,prosecco
perfumes,prosecco
piazza,prosecco
rain,prosecco
sculpture,prosecco
sensations,prosecco
shop,prosecco
sole,prosecco
sport,prosecco
streets,prosecco
temporary,prosecco
theater,prosecco
touch,prosecco
tram,prosecco
tree,prosecco
turismo,prosecco
vaporetto,prosecco
venice,prosecco
vision,prosecco
voices,prosecco
wall,prosecco
water,prosecco
words_and_more,prosecco
._reference,pueblos
33bienal,pueblos
accessible,pueblos
ambient_noise,pueblos
art,pueblos
bells,pueblos
bike,pueblos
binary,pueblos
birds,pueblos
blindwiki,pueblos
bridges,pueblos
calle_closed,pueblos
caution,pueblos
crowded_environment,pueblos
culture,pueblos
dangerous,pueblos
dead,pueblos
description,pueblos
door,pueblos
easter,pueblos
fish,pueblos
foundations,pueblos
friendship,pueblos
fruits,pueblos
germany,pueblos
he_lives_together,pueblos
headquarters,pueblos
hiking,pueblos
iglesia,pueblos
legends,pueblos
luci,pueblos
machine,pueblos
maritime,pueblos
market,pueblos
movement,pueblos
museum,pueblos
music,pueblos
nature,pueblos
night,pueblos
odor,pueblos
perfumes,pueblos
piazza,pueblos
rain,pueblos
restaurant,pueblos
scale,pueblos
sensations,pueblos
shop,pueblos
sole,pueblos
sorocaba,pueblos
sport,pueblos
stop,pueblos
streets,pueblos
temporary,pueblos
theater,pueblos
touch,pueblos
tram,pueblos
tranquillity,pueblos
university,pueblos
vaporetto,pueblos
vento,pueblos
vision,pueblos
wall,pueblos
wells,pueblos
words_and_more,pueblos
work,pueblos
._reference,puerto
33bienal,puerto
accessible,puerto
audible_traffic_lights,puerto
bar,puerto
bells,puerto
bike,puerto
binary,puerto
birds,puerto
blindwiki,puerto
bridges,puerto
calle_closed,puerto
carnevale,puerto
caution,puerto
crowded_environment,puerto
culture,puerto
dangerous,puerto
dead,puerto
description,puerto
door,puerto
fish,puerto
friendship,puerto
fruits,puerto
garden,puerto
germany,puerto
girls,puerto
he_lives_together,puerto
headquarters,puerto
hiking,puerto
history,puerto
hospital,puerto
lande,puerto
legends,puerto
library,puerto
machine,puerto
maritime,puerto
memorial,puerto
movement,puerto
museum,puerto
music,puerto
neighborhood,puerto
night,puerto
obstacle,puerto
odor,puerto
park,puerto
people,puerto
perfumes,puerto
piazza,puerto
project,puerto
rain,puerto
scale,puerto
sculptures,puerto
sensations,puerto
shop,puerto
sole,puerto
sorocaba,puerto
sport,puerto
steps,puerto
streets,puerto
tactile,puerto
temporary,puerto
test,puerto
tram,puerto
tree,puerto
turismo,puerto
university,puerto
vaporetto,puerto
vento,puerto
voices,puerto
wall,puerto
wells,puerto
words_and_more,puerto
work,puerto
._reference,rags
33bienal,rags
accessible,rags
ambient_noise,rags
art,rags
bar,rags
birds,rags
blindwiki,rags
bridges,rags
calle_closed,rags
car,rags
carnevale,rags
caution,rags
crowded_environment,rags
culture,rags
dangerous,rags
door,rags
easter,rags
fish,rags
foundations,rags
fruits,rags
garden,rags
girls,rags
he_lives_together,rags
headquarters,rags
hello,rags
hiking,rags
history,rags
hospital,rags
iglesia,rags
laramara,rags
legends,rags
library,rags
machine,rags
maritime,rags
market,rags
meeting,rags
memorial,rags
mislata,rags
movement,rags
music,rags
neighborhood,rags
night,rags
obstacle,rags
odor,rags
park,rags
perfumes,rags
piazza,rags
restaurant,rags
scale,rags
sculpture,rags
sensations,rags
shop,rags
sorocaba,rags
steps,rags
streets,rags
tactile,rags
temporary,rags
test,rags
tram,rags
tree,rags
turismo,rags
vaporetto,rags
venice,rags
vento,rags
vision,rags
voices,rags
wall,rags
wells,rags
words_and_more,rags
33bienal,railing
accessible,railing
ambient_noise,railing
art,railing
audible_traffic_lights,railing
bar,railing
binary,railing
birds,railing
blindwiki,railing
bridges,railing
calle_closed,railing
car,railing
carnevale,railing
crowded_environment,railing
dangerous,railing
dead,railing
description,railing
easter,railing
foundations,railing
friendship,railing
fruits,railing
germany,railing
girls,railing
hello,railing
hiking,railing
history,railing
iglesia,railing
laramara,railing
legends,railing
library,railing
luci,railing
machine,railing
maritime,railing
market,railing
meeting,railing
memorial,railing
mislata,railing
movement,railing
museum,railing
music,railing
neighborhood,railing
night,railing
obstacle,railing
odor,railing
park,railing
people,railing
perfumes,railing
piazza,railing
project,railing
scale,railing
sculpture,railing
sensations,railing
shop,railing
sole,railing
sport,railing
steps,railing
stop,railing
streets,railing
tactile,railing
test,railing
touch,railing
tranquillity,railing
tree,railing
turismo,railing
university,railing
vaporetto,railing
venice,railing
vento,railing
vision,railing
wall,railing
wells,railing
words_and_more,railing
._reference,railway_stations
33bienal,railway_stations
accessible,railway_stations
art,railway_stations
bells,railway_stations
bike,railway_stations
binary,railway_stations
birds,railway_stations
blindwiki,railway_stations
bridges,railway_stations
calle_closed,railway_stations
car,railway_stations
carnevale,railway_stations
caution,railway_stations
crowded_environment,railway_stations
culture,railway_stations
dangerous,railway_stations
description,railway_stations
door,railway_stations
easter,railway_stations
foundations,railway_stations
fruits,railway_stations
garden,railway_stations
germany,railway_stations
girls,railway_stations
he_lives_together,railway_stations
hiking,railway_stations
history,railway_stations
hospital,railway_stations
iglesia,railway_stations
lande,railway_stations
laramara,railway_stations
legends,railway_stations
library,railway_stations
luci,railway_stations
machine,railway_stations
maritime,railway_stations
meeting,railway_stations
mislata,railway_stations
movement,railway_stations
museum,railway_stations
music,railway_stations
night,railway_stations
obstacle,railway_stations
odor,railway_stations
park,railway_stations
paseo,railway_stations
people,railway_stations
perfumes,railway_stations
piazza,railway_stations
project,railway_stations
rain,railway_stations
scale,railway_stations
sculptures,railway_stations
sensations,railway_stations
shop,railway_stations
sole,railway_stations
sorocaba,railway_stations
sport,railway_stations
stop,railway_stations
streets,railway_stations
temporary,railway_stations
touch,railway_stations
tram,railway_stations
tranquillity,railway_stations
tree,railway_stations
turismo,railway_stations
university,railway_stations
vaporetto,railway_stations
vento,railway_stations
vision,railway_stations
voices,railway_stations
wall,railway_stations
water,railway_stations
wells,railway_stations
words_and_more,railway_stations
._reference,ramp
33bienal,ramp
accessible,ramp
ambient_noise,ramp
bar,ramp
bells,ramp
bike,ramp
binary,ramp
blindwiki,ramp
bridges,ramp
calle_closed,ramp
car,ramp
carnevale,ramp
caution,ramp
crowded_environment,ramp
culture,ramp
dangerous,ramp
dead,ramp
description,ramp
door,ramp
fish,ramp
foundations,ramp
friendship,ramp
garden,ramp
germany,ramp
girls,ramp
he_lives_together,ramp
headquarters,ramp
hello,ramp
hiking,ramp
history,ramp
hospital,ramp
iglesia,ramp
laramara,ramp
legends,ramp
library,ramp
luci,ramp
machine,ramp
maritime,ramp
market,ramp
meeting,ramp
mislata,ramp
movement,ramp
museum,ramp
music,ramp
neighborhood,ramp
night,ramp
obstacle,ramp
odor,ramp
park,ramp
people,ramp
project,ramp
rain,ramp
restaurant,ramp
scale,ramp
sculpture,ramp
sculptures,ramp
sensations,ramp
shop,ramp
sorocaba,ramp
sport,ramp
steps,ramp
stop,ramp
streets,ramp
tactile,ramp
temporary,ramp
theater,ramp
touch,ramp
turismo,ramp
university,ramp
vaporetto,ramp
venice,ramp
vision,ramp
voices,ramp
wall,ramp
wells,ramp
words_and_more,ramp
work,ramp
._reference,random
33bienal,random
ambient_noise,random
art,random
audible_traffic_lights,random
bar,random
bells,random
bike,random
binary,random
birds,random
blindwiki,random
bridges,random
car,random
caution,random
crowded_environment,random
culture,random
dangerous,random
dead,random
door,random
fish,random
foundations,random
friendship,random
fruits,random
garden,random
girls,random
he_lives_together,random
headquarters,random
hello,random
hiking,random
history,random
hospital,random
legends,random
library,random
luci,random
machine,random
maritime,random
market,random
meeting,random
memorial,random
mislata,random
movement,random
museum,random
music,random
nature,random
night,random
obstacle,random
odor,random
park,random
people,random
perfumes,random
project,random
rain,random
restaurant,random
scale,random
sculpture,random
sculptures,random
sensations,random
sole,random
sorocaba,random
sport,random
steps,random
stop,random
streets,random
tactile,random
test,random
theater,random
tram,random
tree,random
turismo,random
university,random
vento,random
vision,random
voices,random
wall,random
water,random
words_and_more,random
work,random
._reference,raven_valley
accessible,raven_valley
art,raven_valley
audible_traffic_lights,raven_valley
bar,raven_valley
bells,raven_valley
bike,raven_valley
binary,raven_valley
birds,raven_valley
blindwiki,raven_valley
bridges,raven_valley
carnevale,raven_valley
culture,raven_valley
dangerous,raven_valley
dead,raven_valley
description,raven_valley
easter,raven_valley
fish,raven_valley
foundations,raven_valley
fruits,raven_valley
garden,raven_valley
germany,raven_valley
girls,raven_valley
he_lives_together,raven_valley
headquarters,raven_valley
hello,raven_valley
hiking,raven_valley
history,raven_valley
iglesia,raven_valley
lande,raven_valley
laramara,raven_valley
legends,raven_valley
library,raven_valley
luci,raven_valley
machine,raven_valley
meeting,raven_valley
memorial,raven_valley
mislata,raven_valley
movement,raven_valley
museum,raven_valley
nature,raven_valley
night,raven_valley
park,raven_valley
perfumes,raven_valley
project,raven_valley
rain,raven_valley
restaurant,raven_valley
scale,raven_valley
sculpture,raven_valley
sensations,raven_valley
sole,raven_valley
sorocaba,raven_valley
sport,raven_valley
steps,raven_valley
streets,raven_valley
tactile,raven_valley
temporary,raven_valley
test,raven_valley
theater,raven_valley
touch,raven_valley
tranquillity,raven_valley
tree,raven_valley
university,raven_valley
vaporetto,raven_valley
vento,raven_valley
vision,raven_valley
voices,raven_valley
wall,raven_valley
water,raven_valley
wells,raven_valley
words_and_more,raven_valley
work,raven_valley
._reference,recreation
33bienal,recreation
accessible,recreation
ambient_noise,recreation
audible_traffic_lights,recreation
bar,recreation
bells,recreation
bike,recreation
binary,recreation
birds,recreation
calle_closed,recreation
carnevale,recreation
caution,recreation
crowded_environment,recreation
culture,recreation
dead,recreation
door,recreation
easter,recreation
fish,recreation
foundations,recreation
friendship,recreation
fruits,recreation
garden,recreation
germany,recreation
girls,recreation
he_lives_together,recreation
history,recreation
iglesia,recreation
lande,recreation
library,recreation
luci,recreation
machine,recreation
maritime,recreation
market,recreation
meeting,recreation
memorial,recreation
mislata,recreation
movement,recreation
music,recreation
nature,recreation
neighborhood,recreation
night,recreation
obstacle,recreation
park,recreation
people,recreation
perfumes,recreation
rain,recreation
restaurant,recreation
scale,recreation
sculpture,recreation
sculptures,recreation
sensations,recreation
shop,recreation
sole,recreation
sorocaba,recreation
steps,recreation
stop,recreation
streets,recreation
temporary,recreation
theater,recreation
touch,recreation
tranquillity,recreation
tree,recreation
turismo,recreation
vaporetto,recreation
vision,recreation
voices,recreation
water,recreation
wells,recreation
words_and_more,recreation
._reference,redeemer
33bienal,redeemer
accessible,redeemer
ambient_noise,redeemer
audible_traffic_lights,redeemer
bar,redeemer
bells,redeemer
bike,redeemer
blindwiki,redeemer
bridges,redeemer
calle_closed,redeemer
caution,redeemer
crowded_environment,redeemer
culture,redeemer
dangerous,redeemer
dead,redeemer
description,redeemer
door,redeemer
easter,redeemer
fish,redeemer
fruits,redeemer
germany,redeemer
headquarters,redeemer
hello,redeemer
hiking,redeemer
hospital,redeemer
iglesia,redeemer
legends,redeemer
library,redeemer
luci,redeemer
machine,redeemer
market,redeemer
meeting,redeemer
memorial,redeemer
movement,redeemer
museum,redeemer
neighborhood,redeemer
night,redeemer
paseo,redeemer
people,redeemer
perfumes,redeemer
rain,redeemer
restaurant,redeemer
sensations,redeemer
shop,redeemer
sole,redeemer
sorocaba,redeemer
sport,redeemer
steps,redeemer
stop,redeemer
streets,redeemer
tactile,redeemer
temporary,redeemer
test,redeemer
theater,redeemer
tram,redeemer
tranquillity,redeemer
tree,redeemer
turismo,redeemer
university,redeemer
vaporetto,redeemer
venice,redeemer
vento,redeemer
voices,redeemer
wall,redeemer
water,redeemer
words_and_more,redeemer
work,redeemer
33bienal,registrations
accessible,registrations
ambient_noise,registrations
art,registrations
audible_traffic_lights,registrations
bar,registrations
bells,registrations
binary,registrations
birds,registrations
blindwiki,registrations
bridges,registrations
car,registrations
carnevale,registrations
caution,registrations
crowded_environment,registrations
culture,registrations
dangerous,registrations
dead,registrations
description,registrations
door,registrations
easter,registrations
foundations,registrations
friendship,registrations
fruits,registrations
garden,registrations
germany,registrations
girls,registrations
he_lives_together,registrations
headquarters,registrations
hello,registrations
hiking,registrations
history,registrations
hospital,registrations
lande,registrations
laramara,registrations
legends,registrations
library,registrations
luci,registrations
machine,registrations
maritime,registrations
market,registrations
memorial,registrations
mislata,registrations
movement,registrations
museum,registrations
music,registrations
nature,registrations
neighborhood,registrations
night,registrations
obstacle,registrations
odor,registrations
park,registrations
paseo,registrations
people,registrations
perfumes,registrations
piazza,registrations
rain,registrations
restaurant,registrations
scale,registrations
sculptures,registrations
shop,registrations
sole,registrations
sorocaba,registrations
steps,registrations
stop,registrations
streets,registrations
temporary,registrations
test,registrations
theater,registrations
tranquillity,registrations
turismo,registrations
university,registrations
vaporetto,registrations
venice,registrations
vision,registrations
voices,registrations
wall,registrations
words_and_more,registrations
work,registrations
33bienal,rehearsal
accessible,rehearsal
ambient_noise,rehearsal
art,rehearsal
audible_traffic_lights,rehearsal
bar,rehearsal
bells,rehearsal
binary,rehearsal
birds,rehearsal
blindwiki,rehearsal
bridges,rehearsal
calle_closed,rehearsal
car,rehearsal
caution,rehearsal
culture,rehearsal
dangerous,rehearsal
dead,rehearsal
door,rehearsal
easter,rehearsal
fish,rehearsal
foundations,rehearsal
garden,rehearsal
hiking,rehearsal
history,rehearsal
hospital,rehearsal
iglesia,rehearsal
lande,rehearsal
laramara,rehearsal
legends,rehearsal
library,rehearsal
luci,rehearsal
maritime,rehearsal
market,rehearsal
meeting,rehearsal
memorial,rehearsal
mislata,rehearsal
movement,rehearsal
music,rehearsal
nature,rehearsal
neighborhood,rehearsal
night,rehearsal
obstacle,rehearsal
odor,rehearsal
park,rehearsal
paseo,rehearsal
perfumes,rehearsal
piazza,rehearsal
rain,rehearsal
restaurant,rehearsal
scale,rehearsal
sculpture,rehearsal
sculptures,rehearsal
sensations,rehearsal
shop,rehearsal
sole,rehearsal
sorocaba,rehearsal
sport,rehearsal
steps,rehearsal
stop,rehearsal
streets,rehearsal
tactile,rehearsal
temporary,rehearsal
test,rehearsal
theater,rehearsal
tranquillity,rehearsal
university,rehearsal
vaporetto,rehearsal
venice,rehearsal
vento,rehearsal
vision,rehearsal
wall,rehearsal
water,rehearsal
words_and_more,rehearsal
work,rehearsal
._reference,relax
33bienal,relax
accessible,relax
ambient_noise,relax
art,relax
audible_traffic_lights,relax
bells,relax
bike,relax
binary,relax
birds,relax
blindwiki,relax
bridges,relax
car,relax
crowded_environment,relax
culture,relax
dangerous,relax
dead,relax
description,relax
door,relax
fish,relax
foundations,relax
friendship,relax
garden,relax
he_lives_together,relax
headquarters,relax
hello,relax
hiking,relax
history,relax
lande,relax
luci,relax
machine,relax
maritime,relax
market,relax
meeting,relax
memorial,relax
movement,relax
music,relax
neighborhood,relax
night,relax
obstacle,relax
odor,relax
park,relax
paseo,relax
perfumes,relax
piazza,relax
project,relax
rain,relax
scale,relax
sculpture,relax
sculptures,relax
sensations,relax
sole,relax
steps,relax
stop,relax
streets,relax
tactile,relax
temporary,relax
test,relax
theater,relax
touch,relax
tram,relax
turismo,relax
university,relax
vaporetto,relax
venice,relax
vento,relax
wall,relax
wells,relax
work,relax
._reference,relief
accessible,relief
ambient_noise,relief
art,relief
audible_traffic_lights,relief
bar,relief
bells,relief
binary,relief
birds,relief
carnevale,relief
caution,relief
crowded_environment,relief
culture,relief
dangerous,relief
dead,relief
description,relief
easter,relief
fish,relief
foundations,relief
fruits,relief
garden,relief
he_lives_together,relief
headquarters,relief
hello,relief
hiking,relief
iglesia,relief
legends,relief
library,relief
luci,relief
machine,relief
maritime,relief
market,relief
meeting,relief
memorial,relief
mislata,relief
movement,relief
neighborhood,relief
night,relief
obstacle,relief
odor,relief
park,relief
people,relief
project,relief
rain,relief
sculpture,relief
sculptures,relief
sensations,relief
shop,relief
sole,relief
sorocaba,relief
sport,relief
steps,relief
theater,relief
touch,relief
tram,relief
tranquillity,relief
turismo,relief
university,relief
vaporetto,relief
venice,relief
vento,relief
vision,relief
wall,relief
wells,relief
words_and_more,relief
work,relief
._reference,resilience
33bienal,resilience
accessible,resilience
ambient_noise,resilience
art,resilience
audible_traffic_lights,resilience
bar,resilience
bells,resilience
bike,resilience
blindwiki,resilience
calle_closed,resilience
car,resilience
carnevale,resilience
caution,resilience
crowded_environment,resilience
culture,resilience
dangerous,resilience
dead,resilience
description,resilience
door,resilience
easter,resilience
fish,resilience
foundations,resilience
friendship,resilience
fruits,resilience
girls,resilience
he_lives_together,resilience
headquarters,resilience
hiking,resilience
history,resilience
hospital,resilience
lande,resilience
legends,resilience
library,resilience
luci,resilience
machine,resilience
maritime,resilience
market,resilience
meeting,resilience
memorial,resilience
mislata,resilience
movement,resilience
museum,resilience
music,resilience
nature,resilience
neighborhood,resilience
night,resilience
obstacle,resilience
odor,resilience
park,resilience
paseo,resilience
people,resilience
perfumes,resilience
piazza,resilience
project,resilience
rain,resilience
restaurant,resilience
scale,resilience
sculpture,resilience
sculptures,resilience
sensations,resilience
shop,resilience
sole,resilience
sport,resilience
steps,resilience
stop,resilience
streets,resilience
tactile,resilience
temporary,resilience
theater,resilience
touch,resilience
tram,resilience
tranquillity,resilience
tree,resilience
turismo,resilience
university,resilience
venice,resilience
vento,resilience
vision,resilience
voices,resilience
wall,resilience
water,resilience
wells,resilience
words_and_more,resilience
work,resilience
._reference,rest
33bienal,rest
accessible,rest
ambient_noise,rest
art,rest
audible_traffic_lights,rest
bar,rest
binary,rest
birds,rest
bridges,rest
crowded_environment,rest
culture,rest
dead,rest
door,rest
easter,rest
fish,rest
friendship,rest
garden,rest
girls,rest
he_lives_together,rest
headquarters,rest
hello,rest
hiking,rest
history,rest
hospital,rest
lande,rest
laramara,rest
legends,rest
luci,rest
machine,rest
maritime,rest
market,rest
mislata,rest
museum,rest
music,rest
nature,rest
neighborhood,rest
obstacle,rest
odor,rest
park,rest
paseo,rest
people,rest
perfumes,rest
piazza,rest
rain,rest
restaurant,rest
sculpture,rest
sculptures,rest
sensations,rest
shop,rest
sole,rest
sport,rest
steps,rest
stop,rest
tactile,rest
temporary,rest
test,rest
touch,rest
tram,rest
tree,rest
university,rest
vaporetto,rest
vento,rest
voices,rest
wall,rest
water,rest
wells,rest
words_and_more,rest
work,rest
._reference,rialto
accessible,rialto
ambient_noise,rialto
audible_traffic_lights,rialto
bar,rialto
bells,rialto
bike,rialto
birds,rialto
bridges,rialto
calle_closed,rialto
car,rialto
carnevale,rialto
caution,rialto
crowded_environment,rialto
culture,rialto
dangerous,rialto
description,rialto
door,rialto
easter,rialto
foundations,rialto
friendship,rialto
garden,rialto
girls,rialto
headquarters,rialto
hello,rialto
hiking,rialto
history,rialto
hospital,rialto
lande,rialto
laramara,rialto
legends,rialto
library,rialto
luci,rialto
movement,rialto
music,rialto
nature,rialto
neighborhood,rialto
night,rialto
odor,rialto
park,rialto
perfumes,rialto
piazza,rialto
project,rialto
rain,rialto
sculpture,rialto
sculptures,rialto
sensations,rialto
shop,rialto
sole,rialto
sorocaba,rialto
sport,rialto
streets,rialto
temporary,rialto
test,rialto
theater,rialto
tram,rialto
tranquillity,rialto
tree,rialto
turismo,rialto
university,rialto
vaporetto,rialto
venice,rialto
vision,rialto
voices,rialto
water,rialto
wells,rialto
words_and_more,rialto
work,rialto
._reference,ride
accessible,ride
ambient_noise,ride
art,ride
audible_traffic_lights,ride
bar,ride
bike,ride
binary,ride
bridges,ride
calle_closed,ride
car,ride
caution,ride
culture,ride
door,ride
fish,ride
foundations,ride
friendship,ride
garden,ride
germany,ride
girls,ride
he_lives_together,ride
hello,ride
hiking,ride
history,ride
hospital,ride
iglesia,ride
lande,ride
legends,ride
luci,ride
maritime,ride
market,ride
meeting,ride
mislata,ride
movement,ride
museum,ride
music,ride
neighborhood,ride
night,ride
obstacle,ride
odor,ride
park,ride
paseo,ride
people,ride
perfumes,ride
piazza,ride
project,ride
restaurant,ride
scale,ride
sculpture,ride
sculptures,ride
sensations,ride
shop,ride
sole,ride
sorocaba,ride
sport,ride
steps,ride
streets,ride
tactile,ride
test,ride
theater,ride
tranquillity,ride
tree,ride
turismo,ride
venice,ride
vento,ride
vision,ride
wall,ride
wells,ride
work,ride
._reference,rides
33bienal,rides
accessible,rides
ambient_noise,rides
art,rides
audible_traffic_lights,rides
bar,rides
bells,rides
binary,rides
birds,rides
bridges,rides
car,rides
crowded_environment,rides
culture,rides
dangerous,rides
dead,rides
description,rides
door,rides
easter,rides
fish,rides
foundations,rides
fruits,rides
garden,rides
germany,rides
he_lives_together,rides
headquarters,rides
hello,rides
history,rides
hospital,rides
iglesia,rides
lande,rides
laramara,rides
legends,rides
library,rides
luci,rides
machine,rides
maritime,rides
market,rides
memorial,rides
mislata,rides
movement,rides
museum,rides
music,rides
nature,rides
neighborhood,rides
night,rides
obstacle,rides
odor,rides
park,rides
paseo,rides
perfumes,rides
piazza,rides
project,rides
restaurant,rides
scale,rides
sculpture,rides
sculptures,rides
sensations,rides
shop,rides
sole,rides
sorocaba,rides
sport,rides
steps,rides
tactile,rides
test,rides
theater,rides
tranquillity,rides
tree,rides
turismo,rides
university,rides
vaporetto,rides
vento,rides
vision,rides
voices,rides
wall,rides
water,rides
wells,rides
words_and_more,rides
work,rides
._reference,ristorante
accessible,ristorante
ambient_noise,ristorante
audible_traffic_lights,ristorante
bar,ristorante
bells,ristorante
bike,ristorante
birds,ristorante
blindwiki,ristorante
bridges,ristorante
calle_closed,ristorante
car,ristorante
carnevale,ristorante
crowded_environment,ristorante
dangerous,ristorante
dead,ristorante
description,ristorante
door,ristorante
easter,ristorante
fish,ristorante
foundations,ristorante
friendship,ristorante
fruits,ristorante
garden,ristorante
germany,ristorante
girls,ristorante
he_lives_together,ristorante
hello,ristorante
hiking,ristorante
history,ristorante
hospital,ristorante
iglesia,ristorante
lande,ristorante
laramara,ristorante
legends,ristorante
library,ristorante
luci,ristorante
machine,ristorante
maritime,ristorante
meeting,ristorante
mislata,ristorante
movement,ristorante
museum,ristorante
music,ristorante
nature,ristorante
neighborhood,ristorante
night,ristorante
odor,ristorante
park,ristorante
people,ristorante
perfumes,ristorante
restaurant,ristorante
scale,ristorante
sculpture,ristorante
sculptures,ristorante
sensations,ristorante
shop,ristorante
sole,ristorante
sport,ristorante
steps,ristorante
stop,ristorante
tactile,ristorante
temporary,ristorante
test,ristorante
touch,ristorante
tram,ristorante
tranquillity,ristorante
turismo,ristorante
university,ristorante
vaporetto,ristorante
venice,ristorante
vento,ristorante
vision,ristorante
voices,ristorante
wall,ristorante
water,ristorante
wells,ristorante
words_and_more,ristorante
33bienal,riu
accessible,riu
ambient_noise,riu
art,riu
audible_traffic_lights,riu
bar,riu
bike,riu
binary,riu
birds,riu
blindwiki,riu
bridges,riu
carnevale,riu
crowded_environment,riu
culture,riu
dangerous,riu
dead,riu
description,riu
easter,riu
fish,riu
foundations,riu
fruits,riu
germany,riu
girls,riu
he_lives_together,riu
hello,riu
hiking,riu
history,riu
iglesia,riu
lande,riu
library,riu
machine,riu
maritime,riu
market,riu
memorial,riu
mislata,riu
movement,riu
museum,riu
music,riu
nature,riu
neighborhood,riu
night,riu
obstacle,riu
odor,riu
paseo,riu
people,riu
perfumes,riu
rain,riu
restaurant,riu
scale,riu
sculptures,riu
shop,riu
sole,riu
sorocaba,riu
sport,riu
steps,riu
stop,riu
tactile,riu
test,riu
theater,riu
touch,riu
tram,riu
tranquillity,riu
tree,riu
university,riu
vento,riu
voices,riu
wall,riu
words_and_more,riu
work,riu
._reference,riva
33bienal,riva
accessible,riva
ambient_noise,riva
art,riva
bar,riva
bike,riva
binary,riva
blindwiki,riva
bridges,riva
calle_closed,riva
car,riva
carnevale,riva
caution,riva
crowded_environment,riva
culture,riva
dead,riva
description,riva
door,riva
fish,riva
foundations,riva
friendship,riva
fruits,riva
germany,riva
headquarters,riva
hello,riva
history,riva
iglesia,riva
lande,riva
laramara,riva
legends,riva
library,riva
luci,riva
machine,riva
maritime,riva
market,riva
memorial,riva
mislata,riva
nature,riva
neighborhood,riva
night,riva
obstacle,riva
odor,riva
park,riva
paseo,riva
people,riva
perfumes,riva
project,riva
restaurant,riva
scale,riva
sculpture,riva
sculptures,riva
sensations,riva
shop,riva
sole,riva
sorocaba,riva
sport,riva
steps,riva
stop,riva
streets,riva
tactile,riva
temporary,riva
test,riva
theater,riva
touch,riva
tram,riva
tree,riva
turismo,riva
university,riva
vaporetto,riva
venice,riva
vision,riva
voices,riva
water,riva
wells,riva
words_and_more,riva
._reference,road
accessible,road
ambient_noise,road
art,road
audible_traffic_lights,road
bar,road
bells,road
bike,road
binary,road
blindwiki,road
bridges,road
calle_closed,road
car,road
carnevale,road
caution,road
crowded_environment,road
culture,road
dead,road
door,road
easter,road
foundations,road
fruits,road
garden,road
girls,road
he_lives_together,road
headquarters,road
hello,road
hiking,road
history,road
hospital,road
laramara,road
legends,road
maritime,road
market,road
meeting,road
memorial,road
mislata,road
movement,road
museum,road
nature,road
neighborhood,road
night,road
obstacle,road
odor,road
paseo,road
people,road
perfumes,road
piazza,road
project,road
rain,road
scale,road
sculpture,road
sculptures,road
sensations,road
shop,road
sole,road
sorocaba,road
sport,road
steps,road
streets,road
tactile,road
temporary,road
test,road
tram,road
tree,road
turismo,road
university,road
vaporetto,road
venice,road
vento,road
vision,road
voices,road
wall,road
water,road
words_and_more,road
work,road
._reference,road_to_santiago
accessible,road_to_santiago
ambient_noise,road_to_santiago
art,road_to_santiago
audible_traffic_lights,road_to_santiago
bar,road_to_santiago
bells,road_to_santiago
bike,road_to_santiago
birds,road_to_santiago
blindwiki,road_to_santiago
calle_closed,road_to_santiago
car,road_to_santiago
carnevale,road_to_santiago
caution,road_to_santiago
crowded_environment,road_to_santiago
culture,road_to_santiago
dangerous,road_to_santiago
dead,road_to_santiago
description,road_to_santiago
door,road_to_santiago
easter,road_to_santiago
fish,road_to_santiago
foundations,road_to_santiago
friendship,road_to_santiago
garden,road_to_santiago
germany,road_to_santiago
he_lives_together,road_to_santiago
headquarters,road_to_santiago
hello,road_to_santiago
hiking,road_to_santiago
history,road_to_santiago
iglesia,road_to_santiago
lande,road_to_santiago
laramara,road_to_santiago
legends,road_to_santiago
library,road_to_santiago
luci,road_to_santiago
maritime,road_to_santiago
market,road_to_santiago
meeting,road_to_santiago
memorial,road_to_santiago
mislata,road_to_santiago
movement,road_to_santiago
museum,road_to_santiago
music,road_to_santiago
nature,road_to_santiago
neighborhood,road_to_santiago
night,road_to_santiago
obstacle,road_to_santiago
odor,road_to_santiago
paseo,road_to_santiago
people,road_to_santiago
perfumes,road_to_santiago
piazza,road_to_santiago
restaurant,road_to_santiago
scale,road_to_santiago
sculpture,road_to_santiago
sensations,road_to_santiago
shop,road_to_santiago
sole,road_to_santiago
sorocaba,road_to_santiago
steps,road_to_santiago
stop,road_to_santiago
streets,road_to_santiago
temporary,road_to_santiago
test,road_to_santiago
theater,road_to_santiago
touch,road_to_santiago
tram,road_to_santiago
tree,road_to_santiago
university,road_to_santiago
vaporetto,road_to_santiago
vento,road_to_santiago
vision,road_to_santiago
voices,road_to_santiago
wall,road_to_santiago
water,road_to_santiago
wells,road_to_santiago
words_and_more,road_to_santiago
work,road_to_santiago
._reference,rocco
33bienal,rocco
accessible,rocco
ambient_noise,rocco
art,rocco
bar,rocco
bells,rocco
bike,rocco
binary,rocco
bridges,rocco
carnevale,rocco
caution,rocco
crowded_environment,rocco
culture,rocco
dangerous,rocco
dead,rocco
foundations,rocco
friendship,rocco
fruits,rocco
garden,rocco
germany,rocco
he_lives_together,rocco
headquarters,rocco
hello,rocco
hiking,rocco
history,rocco
hospital,rocco
legends,rocco
library,rocco
machine,rocco
maritime,rocco
market,rocco
meeting,rocco
memorial,rocco
movement,rocco
museum,rocco
music,rocco
nature,rocco
neighborhood,rocco
night,rocco
odor,rocco
park,rocco
paseo,rocco
people,rocco
perfumes,rocco
piazza,rocco
project,rocco
restaurant,rocco
scale,rocco
sculpture,rocco
shop,rocco
sole,rocco
sorocaba,rocco
sport,rocco
streets,rocco
tactile,rocco
temporary,rocco
theater,rocco
touch,rocco
turismo,rocco
university,rocco
vaporetto,rocco
venice,rocco
vento,rocco
vision,rocco
voices,rocco
wall,rocco
water,rocco
wells,rocco
words_and_more,rocco
work,rocco
._reference,rosa
33bienal,rosa
accessible,rosa
ambient_noise,rosa
art,rosa
audible_traffic_lights,rosa
bar,rosa
bells,rosa
bike,rosa
binary,rosa
birds,rosa
blindwiki,rosa
bridges,rosa
calle_closed,rosa
car,rosa
carnevale,rosa
caution,rosa
crowded_environment,rosa
culture,rosa
dangerous,rosa
dead,rosa
description,rosa
door,rosa
easter,rosa
fish,rosa
foundations,rosa
friendship,rosa
garden,rosa
girls,rosa
headquarters,rosa
hello,rosa
hiking,rosa
history,rosa
hospital,rosa
laramara,rosa
library,rosa
luci,rosa
machine,rosa
maritime,rosa
market,rosa
meeting,rosa
memorial,rosa
movement,rosa
music,rosa
nature,rosa
neighborhood,rosa
obstacle,rosa
odor,rosa
park,rosa
piazza,rosa
project,rosa
rain,rosa
restaurant,rosa
scale,rosa
sculptures,rosa
sensations,rosa
shop,rosa
sole,rosa
sport,rosa
steps,rosa
stop,rosa
streets,rosa
tactile,rosa
temporary,rosa
theater,rosa
tram,rosa
tranquillity,rosa
tree,rosa
turismo,rosa
vaporetto,rosa
venice,rosa
vento,rosa
vision,rosa
wall,rosa
water,rosa
wells,rosa
words_and_more,rosa
._reference,roselene
ambient_noise,roselene
art,roselene
audible_traffic_lights,roselene
bar,roselene
bells,roselene
bike,roselene
binary,roselene
bridges,roselene
calle_closed,roselene
car,roselene
carnevale,roselene
caution,roselene
crowded_environment,roselene
dangerous,roselene
dead,roselene
description,roselene
door,roselene
easter,roselene
fish,roselene
foundations,roselene
friendship,roselene
fruits,roselene
garden,roselene
girls,roselene
he_lives_together,roselene
headquarters,roselene
hello,roselene
hiking,roselene
history,roselene
hospital,roselene
iglesia,roselene
laramara,roselene
library,roselene
machine,roselene
maritime,roselene
market,roselene
meeting,roselene
mislata,roselene
movement,roselene
music,roselene
neighborhood,roselene
obstacle,roselene
people,roselene
perfumes,roselene
project,roselene
restaurant,roselene
scale,roselene
sculptures,roselene
sensations,roselene
sport,roselene
steps,roselene
streets,roselene
tactile,roselene
test,roselene
tree,roselene
turismo,roselene
vaporetto,roselene
venice,roselene
vision,roselene
voices,roselene
wall,roselene
water,roselene
words_and_more,roselene
work,roselene
._reference,rosewood
accessible,rosewood
ambient_noise,rosewood
art,rosewood
audible_traffic_lights,rosewood
bar,rosewood
bells,rosewood
bike,rosewood
binary,rosewood
bridges,rosewood
calle_closed,rosewood
car,rosewood
carnevale,rosewood
caution,rosewood
crowded_environment,rosewood
culture,rosewood
description,rosewood
door,rosewood
easter,rosewood
foundations,rosewood
fruits,rosewood
girls,rosewood
he_lives_together,rosewood
hello,rosewood
hiking,rosewood
history,rosewood
hospital,rosewood
iglesia,rosewood
lande,rosewood
laramara,rosewood
legends,rosewood
library,rosewood
luci,rosewood
machine,rosewood
meeting,rosewood
memorial,rosewood
mislata,rosewood
movement,rosewood
museum,rosewood
music,rosewood
nature,rosewood
night,rosewood
obstacle,rosewood
odor,rosewood
park,rosewood
people,rosewood
perfumes,rosewood
piazza,rosewood
project,rosewood
rain,rosewood
sculpture,rosewood
sculptures,rosewood
sensations,rosewood
shop,rosewood
sole,rosewood
steps,rosewood
stop,rosewood
tactile,rosewood
temporary,rosewood
test,rosewood
theater,rosewood
tram,rosewood
tranquillity,rosewood
tree,rosewood
university,rosewood
vaporetto,rosewood
venice,rosewood
vento,rosewood
vision,rosewood
voices,rosewood
wall,rosewood
water,rosewood
wells,rosewood
words_and_more,rosewood
work,rosewood
._reference,rota
33bienal,rota
ambient_noise,rota
art,rota
bells,rota
binary,rota
blindwiki,rota
bridges,rota
calle_closed,rota
car,rota
carnevale,rota
culture,rota
dangerous,rota
dead,rota
description,rota
door,rota
easter,rota
fish,rota
foundations,rota
friendship,rota
garden,rota
germany,rota
girls,rota
he_lives_together,rota
hiking,rota
history,rota
hospital,rota
lande,rota
library,rota
luci,rota
maritime,rota
market,rota
meeting,rota
memorial,rota
museum,rota
music,rota
nature,rota
night,rota
obstacle,rota
park,rota
paseo,rota
piazza,rota
project,rota
rain,rota
restaurant,rota
scale,rota
sculpture,rota
sculptures,rota
sensations,rota
sole,rota
sorocaba,rota
sport,rota
steps,rota
tactile,rota
touch,rota
tram,rota
tranquillity,rota
tree,rota
turismo,rota
university,rota
vaporetto,rota
vento,rota
vision,rota
voices,rota
wall,rota
water,rota
wells,rota
words_and_more,rota
work,rota
33bienal,ruta
accessible,ruta
ambient_noise,ruta
art,ruta
audible_traffic_lights,ruta
bar,ruta
bells,ruta
bike,ruta
binary,ruta
birds,ruta
blindwiki,ruta
bridges,ruta
calle_closed,ruta
carnevale,ruta
caution,ruta
crowded_environment,ruta
culture,ruta
dangerous,ruta
dead,ruta
description,ruta
door,ruta
easter,ruta
fish,ruta
foundations,ruta
friendship,ruta
garden,ruta
germany,ruta
girls,ruta
he_lives_together,ruta
hello,ruta
hiking,ruta
history,ruta
hospital,ruta
iglesia,ruta
lande,ruta
laramara,ruta
legends,ruta
library,ruta
luci,ruta
machine,ruta
maritime,ruta
market,ruta
meeting,ruta
memorial,ruta
mislata,ruta
movement,ruta
museum,ruta
music,ruta
nature,ruta
neighborhood,ruta
night,ruta
obstacle,ruta
park,ruta
paseo,ruta
people,ruta
perfumes,ruta
piazza,ruta
project,ruta
rain,ruta
restaurant,ruta
scale,ruta
sensations,ruta
shop,ruta
sole,ruta
sorocaba,ruta
sport,ruta
steps,ruta
stop,ruta
streets,ruta
tactile,ruta
temporary,ruta
test,ruta
theater,ruta
touch,ruta
tram,ruta
tranquillity,ruta
tree,ruta
university,ruta
vaporetto,ruta
vision,ruta
voices,ruta
wall,ruta
water,ruta
wells,ruta
words_and_more,ruta
work,ruta
._reference,s-bahn
33bienal,s-bahn
accessible,s-bahn
ambient_noise,s-bahn
art,s-bahn
audible_traffic_lights,s-bahn
bar,s-bahn
bells,s-bahn
binary,s-bahn
blindwiki,s-bahn
bridges,s-bahn
car,s-bahn
caution,s-bahn
crowded_environment,s-bahn
description,s-bahn
easter,s-bahn
fish,s-bahn
foundations,s-bahn
friendship,s-bahn
fruits,s-bahn
germany,s-bahn
girls,s-bahn
he_lives_together,s-bahn
headquarters,s-bahn
hiking,s-bahn
history,s-bahn
hospital,s-bahn
iglesia,s-bahn
laramara,s-bahn
legends,s-bahn
machine,s-bahn
market,s-bahn
meeting,s-bahn
memorial,s-bahn
mislata,s-bahn
movement,s-bahn
museum,s-bahn
music,s-bahn
nature,s-bahn
neighborhood,s-bahn
night,s-bahn
obstacle,s-bahn
odor,s-bahn
paseo,s-bahn
people,s-bahn
perfumes,s-bahn
piazza,s-bahn
project,s-bahn
rain,s-bahn
restaurant,s-bahn
scale,s-bahn
sculpture,s-bahn
sculptures,s-bahn
sensations,s-bahn
sole,s-bahn
sport,s-bahn
streets,s-bahn
tactile,s-bahn
temporary,s-bahn
test,s-bahn
tram,s-bahn
tranquillity,s-bahn
tree,s-bahn
turismo,s-bahn
university,s-bahn
vaporetto,s-bahn
venice,s-bahn
vento,s-bahn
vision,s-bahn
wall,s-bahn
words_and_more,s-bahn
._reference,s.elena
33bienal,s.elena
accessible,s.elena
ambient_noise,s.elena
art,s.elena
bar,s.elena
bells,s.elena
bike,s.elena
birds,s.elena
blindwiki,s.elena
calle_closed,s.elena
car,s.elena
carnevale,s.elena
caution,s.elena
dangerous,s.elena
dead,s.elena
easter,s.elena
fish,s.elena
foundations,s.elena
friendship,s.elena
fruits,s.elena
garden,s.elena
germany,s.elena
girls,s.elena
he_lives_together,s.elena
hello,s.elena
history,s.elena
hospital,s.elena
iglesia,s.elena
laramara,s.elena
legends,s.elena
library,s.elena
luci,s.elena
market,s.elena
meeting,s.elena
mislata,s.elena
museum,s.elena
music,s.elena
night,s.elena
odor,s.elena
park,s.elena
piazza,s.elena
project,s.elena
rain,s.elena
restaurant,s.elena
sculptures,s.elena
sensations,s.elena
sole,s.elena
sorocaba,s.elena
sport,s.elena
steps,s.elena
stop,s.elena
tactile,s.elena
temporary,s.elena
test,s.elena
touch,s.elena
tram,s.elena
tranquillity,s.elena
tree,s.elena
university,s.elena
vaporetto,s.elena
venice,s.elena
vento,s.elena
voices,s.elena
wall,s.elena
water,s.elena
words_and_more,s.elena
work,s.elena
._reference,saint_martha
accessible,saint_martha
audible_traffic_lights,saint_martha
bar,saint_martha
bells,saint_martha
bike,saint_martha
blindwiki,saint_martha
bridges,saint_martha
calle_closed,saint_martha
carnevale,saint_martha
caution,saint_martha
crowded_environment,saint_martha
culture,saint_martha
dangerous,saint_martha
door,saint_martha
easter,saint_martha
fish,saint_martha
foundations,saint_martha
fruits,saint_martha
germany,saint_martha
headquarters,saint_martha
hello,saint_martha
hospital,saint_martha
iglesia,saint_martha
lande,saint_martha
laramara,saint_martha
legends,saint_martha
maritime,saint_martha
market,saint_martha
mislata,saint_martha
movement,saint_martha
museum,saint_martha
night,saint_martha
obstacle,saint_martha
odor,saint_martha
park,saint_martha
people,saint_martha
perfumes,saint_martha
piazza,saint_martha
project,saint_martha
restaurant,saint_martha
scale,saint_martha
sculpture,saint_martha
sensations,saint_martha
shop,saint_martha
sole,saint_martha
sport,saint_martha
steps,saint_martha
stop,saint_martha
streets,saint_martha
tactile,saint_martha
temporary,saint_martha
test,saint_martha
theater,saint_martha
tram,saint_martha
tranquillity,saint_martha
turismo,saint_martha
university,saint_martha
venice,saint_martha
vision,saint_martha
voices,saint_martha
wall,saint_martha
wells,saint_martha
words_and_more,saint_martha
._reference,salvador
33bienal,salvador
accessible,salvador
ambient_noise,salvador
audible_traffic_lights,salvador
bar,salvador
bells,salvador
bike,salvador
blindwiki,salvador
calle_closed,salvador
car,salvador
carnevale,salvador
caution,salvador
crowded_environment,salvador
culture,salvador
dangerous,salvador
dead,salvador
door,salvador
easter,salvador
fish,salvador
foundations,salvador
garden,salvador
germany,salvador
girls,salvador
he_lives_together,salvador
headquarters,salvador
hello,salvador
hiking,salvador
history,salvador
hospital,salvador
lande,salvador
legends,salvador
library,salvador
luci,salvador
machine,salvador
maritime,salvador
market,salvador
memorial,salvador
movement,salvador
museum,salvador
music,salvador
neighborhood,salvador
night,salvador
park,salvador
perfumes,salvador
piazza,salvador
project,salvador
rain,salvador
restaurant,salvador
scale,salvador
sculpture,salvador
sculptures,salvador
sensations,salvador
sole,salvador
sorocaba,salvador
sport,salvador
steps,salvador
stop,salvador
streets,salvador
tactile,salvador
temporary,salvador
test,salvador
theater,salvador
touch,salvador
tram,salvador
tranquillity,salvador
tree,salvador
turismo,salvador
university,salvador
vaporetto,salvador
vento,salvador
vision,salvador
voices,salvador
wall,salvador
water,salvador
wells,salvador
words_and_more,salvador
work,salvador
._reference,san_marco
accessible,san_marco
art,san_marco
bar,san_marco
bells,san_marco
birds,san_marco
calle_closed,san_marco
carnevale,san_marco
caution,san_marco
crowded_environment,san_marco
culture,san_marco
dangerous,san_marco
dead,san_marco
description,san_marco
easter,san_marco
fish,san_marco
foundations,san_marco
friendship,san_marco
fruits,san_marco
germany,san_marco
girls,san_marco
he_lives_together,san_marco
headquarters,san_marco
hello,san_marco
hiking,san_marco
hospital,san_marco
iglesia,san_marco
lande,san_marco
legends,san_marco
library,san_marco
luci,san_marco
movement,san_marco
museum,san_marco
music,san_marco
nature,san_marco
neighborhood,san_marco
obstacle,san_marco
odor,san_marco
park,san_marco
paseo,san_marco
perfumes,san_marco
piazza,san_marco
project,san_marco
restaurant,san_marco
scale,san_marco
sculpture,san_marco
sculptures,san_marco
sensations,san_marco
shop,san_marco
sole,san_marco
sorocaba,san_marco
steps,san_marco
streets,san_marco
tactile,san_marco
temporary,san_marco
test,san_marco
touch,san_marco
tranquillity,san_marco
tree,san_marco
university,san_marco
vaporetto,san_marco
venice,san_marco
vision,san_marco
water,san_marco
words_and_more,san_marco
._reference,san_polo
33bienal,san_polo
accessible,san_polo
art,san_polo
audible_traffic_lights,san_polo
bar,san_polo
bells,san_polo
binary,san_polo
birds,san_polo
blindwiki,san_polo
bridges,san_polo
car,san_polo
carnevale,san_polo
caution,san_polo
crowded_environment,san_polo
culture,san_polo
dead,san_polo
description,san_polo
door,san_polo
easter,san_polo
foundations,san_polo
friendship,san_polo
fruits,san_polo
germany,san_polo
headquarters,san_polo
hiking,san_polo
history,san_polo
iglesia,san_polo
lande,san_polo
legends,san_polo
library,san_polo
luci,san_polo
market,san_polo
memorial,san_polo
movement,san_polo
museum,san_polo
music,san_polo
neighborhood,san_polo
night,san_polo
odor,san_polo
paseo,san_polo
people,san_polo
perfumes,san_polo
piazza,san_polo
project,san_polo
rain,san_polo
restaurant,san_polo
scale,san_polo
sculptures,san_polo
sensations,san_polo
shop,san_polo
sole,san_polo
sorocaba,san_polo
sport,san_polo
stop,san_polo
tactile,san_polo
temporary,san_polo
theater,san_polo
touch,san_polo
tranquillity,san_polo
tree,san_polo
turismo,san_polo
university,san_polo
vaporetto,san_polo
venice,san_polo
vento,san_polo
voices,san_polo
wall,san_polo
wells,san_polo
work,san_polo
._reference,san_rocco
33bienal,san_rocco
ambient_noise,san_rocco
art,san_rocco
audible_traffic_lights,san_rocco
bar,san_rocco
bike,san_rocco
binary,san_rocco
birds,san_rocco
blindwiki,san_rocco
bridges,san_rocco
calle_closed,san_rocco
car,san_rocco
carnevale,san_rocco
caution,san_rocco
crowded_environment,san_rocco
dead,san_rocco
description,san_rocco
door,san_rocco
easter,san_rocco
fish,san_rocco
friendship,san_rocco
fruits,san_rocco
garden,san_rocco
he_lives_together,san_rocco
headquarters,san_rocco
hello,san_rocco
history,san_rocco
hospital,san_rocco
iglesia,san_rocco
laramara,san_rocco
legends,san_rocco
library,san_rocco
luci,san_rocco
machine,san_rocco
maritime,san_rocco
meeting,san_rocco
mislata,san_rocco
museum,san_rocco
music,san_rocco
neighborhood,san_rocco
obstacle,san_rocco
project,san_rocco
rain,san_rocco
scale,san_rocco
sensations,san_rocco
sole,san_rocco
sorocaba,san_rocco
sport,san_rocco
steps,san_rocco
stop,san_rocco
streets,san_rocco
test,san_rocco
theater,san_rocco
touch,san_rocco
tram,san_rocco
tranquillity,san_rocco
tree,san_rocco
turismo,san_rocco
venice,san_rocco
voices,san_rocco
water,san_rocco
words_and_more,san_rocco
work,san_rocco
._reference,san_rocco_school
accessible,san_rocco_school
ambient_noise,san_rocco_school
audible_traffic_lights,san_rocco_school
bar,san_rocco_school
bells,san_rocco_school
bike,san_rocco_school
binary,san_rocco_school
birds,san_rocco_school
blindwiki,san_rocco_school
bridges,san_rocco_school
caution,san_rocco_school
dangerous,san_rocco_school
easter,san_rocco_school
fish,san_rocco_school
friendship,san_rocco_school
fruits,san_rocco_school
garden,san_rocco_school
germany,san_rocco_school
girls,san_rocco_school
he_lives_together,san_rocco_school
lande,san_rocco_school
library,san_rocco_school
luci,san_rocco_school
machine,san_rocco_school
maritime,san_rocco_school
market,san_rocco_school
meeting,san_rocco_school
memorial,san_rocco_school
movement,san_rocco_school
music,san_rocco_school
nature,san_rocco_school
obstacle,san_rocco_school
odor,san_rocco_school
people,san_rocco_school
perfumes,san_rocco_school
piazza,san_rocco_school
project,san_rocco_school
rain,san_rocco_school
sculptures,san_rocco_school
sorocaba,san_rocco_school
sport,san_rocco_school
steps,san_rocco_school
stop,san_rocco_school
temporary,san_rocco_school
test,san_rocco_school
touch,san_rocco_school
tram,san_rocco_school
tranquillity,san_rocco_school
turismo,san_rocco_school
university,san_rocco_school
vaporetto,san_rocco_school
venice,san_rocco_school
vision,san_rocco_school
wells,san_rocco_school
._reference,santa_catarina_hospital
33bienal,santa_catarina_hospital
ambient_noise,santa_catarina_hospital
art,santa_catarina_hospital
bells,santa_catarina_hospital
binary,santa_catarina_hospital
birds,santa_catarina_hospital
blindwiki,santa_catarina_hospital
bridges,santa_catarina_hospital
carnevale,santa_catarina_hospital
caution,santa_catarina_hospital
culture,santa_catarina_hospital
dangerous,santa_catarina_hospital
dead,santa_catarina_hospital
description,santa_catarina_hospital
door,santa_catarina_hospital
easter,santa_catarina_hospital
foundations,santa_catarina_hospital
friendship,santa_catarina_hospital
fruits,santa_catarina_hospital
garden,santa_catarina_hospital
germany,santa_catarina_hospital
girls,santa_catarina_hospital
he_lives_together,santa_catarina_hospital
headquarters,santa_catarina_hospital
hiking,santa_catarina_hospital
hospital,santa_catarina_hospital
iglesia,santa_catarina_hospital
laramara,santa_catarina_hospital
legends,santa_catarina_hospital
library,santa_catarina_hospital
luci,santa_catarina_hospital
machine,santa_catarina_hospital
maritime,santa_catarina_hospital
market,santa_catarina_hospital
meeting,santa_catarina_hospital
memorial,santa_catarina_hospital
mislata,santa_catarina_hospital
movement,santa_catarina_hospital
museum,santa_catarina_hospital
nature,santa_catarina_hospital
neighborhood,santa_catarina_hospital
night,santa_catarina_hospital
obstacle,santa_catarina_hospital
odor,santa_catarina_hospital
park,santa_catarina_hospital
perfumes,santa_catarina_hospital
piazza,santa_catarina_hospital
rain,santa_catarina_hospital
scale,santa_catarina_hospital
sensations,santa_catarina_hospital
shop,santa_catarina_hospital
sole,santa_catarina_hospital
sorocaba,santa_catarina_hospital
stop,santa_catarina_hospital
streets,santa_catarina_hospital
tactile,santa_catarina_hospital
test,santa_catarina_hospital
theater,santa_catarina_hospital
touch,santa_catarina_hospital
tram,santa_catarina_hospital
tranquillity,santa_catarina_hospital
tree,santa_catarina_hospital
turismo,santa_catarina_hospital
university,santa_catarina_hospital
venice,santa_catarina_hospital
vento,santa_catarina_hospital
vision,santa_catarina_hospital
voices,santa_catarina_hospital
wall,santa_catarina_hospital
water,santa_catarina_hospital
work,santa_catarina_hospital
._reference,santiago_de_compostela
accessible,santiago_de_compostela
ambient_noise,santiago_de_compostela
art,santiago_de_compostela
audible_traffic_lights,santiago_de_compostela
bar,santiago_de_compostela
bells,santiago_de_compostela
bike,santiago_de_compostela
binary,santiago_de_compostela
blindwiki,santiago_de_compostela
bridges,santiago_de_compostela
calle_closed,santiago_de_compostela
car,santiago_de_compostela
carnevale,santiago_de_compostela
caution,santiago_de_compostela
crowded_environment,santiago_de_compostela
culture,santiago_de_compostela
dangerous,santiago_de_compostela
dead,santiago_de_compostela
door,santiago_de_compostela
easter,santiago_de_compostela
fish,santiago_de_compostela
foundations,santiago_de_compostela
fruits,santiago_de_compostela
garden,santiago_de_compostela
germany,santiago_de_compostela
girls,santiago_de_compostela
he_lives_together,santiago_de_compostela
headquarters,santiago_de_compostela
hello,santiago_de_compostela
hiking,santiago_de_compostela
history,santiago_de_compostela
hospital,santiago_de_compostela
iglesia,santiago_de_compostela
legends,santiago_de_compostela
library,santiago_de_compostela
luci,santiago_de_compostela
machine,santiago_de_compostela
maritime,santiago_de_compostela
market,santiago_de_compostela
meeting,santiago_de_compostela
memorial,santiago_de_compostela
mislata,santiago_de_compostela
movement,santiago_de_compostela
museum,santiago_de_compostela
music,santiago_de_compostela
nature,santiago_de_compostela
night,santiago_de_compostela
odor,santiago_de_compostela
park,santiago_de_compostela
people,santiago_de_compostela
perfumes,santiago_de_compostela
piazza,santiago_de_compostela
project,santiago_de_compostela
restaurant,santiago_de_compostela
sculpture,santiago_de_compostela
sculptures,santiago_de_compostela
sensations,santiago_de_compostela
shop,santiago_de_compostela
sole,santiago_de_compostela
sorocaba,santiago_de_compostela
sport,santiago_de_compostela
stop,santiago_de_compostela
streets,santiago_de_compostela
temporary,santiago_de_compostela
test,santiago_de_compostela
theater,santiago_de_compostela
touch,santiago_de_compostela
tram,santiago_de_compostela
tranquillity,santiago_de_compostela
turismo,santiago_de_compostela
university,santiago_de_compostela
vaporetto,santiago_de_compostela
venice,santiago_de_compostela
vento,santiago_de_compostela
water,santiago_de_compostela
wells,santiago_de_compostela
words_and_more,santiago_de_compostela
._reference,sao
accessible,sao
art,sao
audible_traffic_lights,sao
bar,sao
bells,sao
birds,sao
bridges,sao
calle_closed,sao
car,sao
carnevale,sao
caution,sao
crowded_environment,sao
dangerous,sao
dead,sao
description,sao
easter,sao
fish,sao
foundations,sao
friendship,sao
fruits,sao
garden,sao
germany,sao
girls,sao
he_lives_together,sao
hiking,sao
history,sao
hospital,sao
iglesia,sao
laramara,sao
legends,sao
library,sao
luci,sao
maritime,sao
market,sao
meeting,sao
memorial,sao
movement,sao
music,sao
neighborhood,sao
obstacle,sao
odor,sao
park,sao
paseo,sao
people,sao
piazza,sao
project,sao
rain,sao
restaurant,sao
scale,sao
sculptures,sao
sensations,sao
shop,sao
sole,sao
sorocaba,sao
sport,sao
steps,sao
stop,sao
streets,sao
tactile,sao
tram,sao
tranquillity,sao
tree,sao
university,sao
vaporetto,sao
venice,sao
vento,sao
voices,sao
wall,sao
water,sao
wells,sao
words_and_more,sao
work,sao
33bienal,scaffolding
accessible,scaffolding
ambient_noise,scaffolding
art,scaffolding
audible_traffic_lights,scaffolding
bells,scaffolding
bike,scaffolding
binary,scaffolding
birds,scaffolding
blindwiki,scaffolding
bridges,scaffolding
calle_closed,scaffolding
carnevale,scaffolding
caution,scaffolding
crowded_environment,scaffolding
culture,scaffolding
dangerous,scaffolding
dead,scaffolding
door,scaffolding
fish,scaffolding
foundations,scaffolding
fruits,scaffolding
germany,scaffolding
girls,scaffolding
headquarters,scaffolding
hello,scaffolding
hiking,scaffolding
history,scaffolding
iglesia,scaffolding
lande,scaffolding
laramara,scaffolding
legends,scaffolding
library,scaffolding
luci,scaffolding
machine,scaffolding
maritime,scaffolding
market,scaffolding
meeting,scaffolding
memorial,scaffolding
mislata,scaffolding
movement,scaffolding
museum,scaffolding
music,scaffolding
nature,scaffolding
neighborhood,scaffolding
night,scaffolding
obstacle,scaffolding
odor,scaffolding
people,scaffolding
perfumes,scaffolding
piazza,scaffolding
rain,scaffolding
restaurant,scaffolding
scale,scaffolding
sculpture,scaffolding
sculptures,scaffolding
sensations,scaffolding
shop,scaffolding
sole,scaffolding
sport,scaffolding
steps,scaffolding
streets,scaffolding
touch,scaffolding
tram,scaffolding
tree,scaffolding
turismo,scaffolding
university,scaffolding
vaporetto,scaffolding
vento,scaffolding
vision,scaffolding
water,scaffolding
wells,scaffolding
._reference,school
33bienal,school
accessible,school
ambient_noise,school
art,school
audible_traffic_lights,school
bells,school
bike,school
binary,school
blindwiki,school
bridges,school
calle_closed,school
car,school
carnevale,school
crowded_environment,school
culture,school
dangerous,school
description,school
door,school
easter,school
foundations,school
friendship,school
fruits,school
garden,school
germany,school
headquarters,school
hello,school
hiking,school
history,school
hospital,school
iglesia,school
lande,school
laramara,school
legends,school
library,school
machine,school
maritime,school
market,school
meeting,school
mislata,school
nature,school
neighborhood,school
obstacle,school
paseo,school
people,school
perfumes,school
rain,school
restaurant,school
scale,school
sensations,school
shop,school
sole,school
sport,school
steps,school
streets,school
tactile,school
test,school
theater,school
touch,school
tram,school
tranquillity,school
tree,school
turismo,school
university,school
vaporetto,school
venice,school
vento,school
vision,school
voices,school
wall,school
wells,school
words_and_more,school
work,school
._reference,schools
33bienal,schools
accessible,schools
ambient_noise,schools
art,schools
audible_traffic_lights,schools
bells,schools
bike,schools
binary,schools
birds,schools
bridges,schools
carnevale,schools
caution,schools
crowded_environment,schools
culture,schools
dangerous,schools
dead,schools
description,schools
door,schools
fish,schools
foundations,schools
friendship,schools
fruits,schools
garden,schools
germany,schools
girls,schools
he_lives_together,schools
headquarters,schools
hello,schools
hospital,schools
iglesia,schools
lande,schools
laramara,schools
legends,schools
library,schools
luci,schools
machine,schools
maritime,schools
market,schools
meeting,schools
memorial,schools
mislata,schools
movement,schools
museum,schools
nature,schools
neighborhood,schools
night,schools
obstacle,schools
odor,schools
park,schools
paseo,schools
people,schools
piazza,schools
project,schools
rain,schools
restaurant,schools
scale,schools
sculpture,schools
sculptures,schools
sensations,schools
shop,schools
sole,schools
sorocaba,schools
sport,schools
steps,schools
stop,schools
streets,schools
tactile,schools
temporary,schools
theater,schools
touch,schools
tram,schools
tranquillity,schools
tree,schools
turismo,schools
university,schools
vaporetto,schools
vento,schools
vision,schools
voices,schools
wall,schools
water,schools
words_and_more,schools
work,schools
._reference,seagulls
33bienal,seagulls
ambient_noise,seagulls
art,seagulls
audible_traffic_lights,seagulls
bells,seagulls
binary,seagulls
birds,seagulls
blindwiki,seagulls
bridges,seagulls
calle_closed,seagulls
caution,seagulls
culture,seagulls
dangerous,seagulls
description,seagulls
door,seagulls
easter,seagulls
fish,seagulls
foundations,seagulls
friendship,seagulls
fruits,seagulls
girls,seagulls
he_lives_together,seagulls
hello,seagulls
history,seagulls
hospital,seagulls
iglesia,seagulls
lande,seagulls
laramara,seagulls
legends,seagulls
luci,seagulls
machine,seagulls
maritime,seagulls
market,seagulls
memorial,seagulls
mislata,seagulls
museum,seagulls
music,seagulls
nature,seagulls
night,seagulls
obstacle,seagulls
odor,seagulls
park,seagulls
paseo,seagulls
people,seagulls
perfumes,seagulls
project,seagulls
rain,seagulls
restaurant,seagulls
scale,seagulls
sculpture,seagulls
sculptures,seagulls
shop,seagulls
sole,seagulls
sport,seagulls
streets,seagulls
tactile,seagulls
temporary,seagulls
touch,seagulls
tram,seagulls
tranquillity,seagulls
tree,seagulls
vaporetto,seagulls
vision,seagulls
voices,seagulls
wall,seagulls
wells,seagulls
words_and_more,seagulls
._reference,season
33bienal,season
accessible,season
ambient_noise,season
art,season
audible_traffic_lights,season
bar,season
bells,season
binary,season
birds,season
blindwiki,season
bridges,season
caution,season
culture,season
dead,season
description,season
door,season
easter,season
fish,season
foundations,season
friendship,season
garden,season
germany,season
girls,season
headquarters,season
hiking,season
history,season
iglesia,season
lande,season
legends,season
library,season
luci,season
machine,season
maritime,season
market,season
meeting,season
memorial,season
mislata,season
music,season
neighborhood,season
night,season
obstacle,season
park,season
paseo,season
people,season
perfumes,season
piazza,season
rain,season
restaurant,season
scale,season
sculpture,season
sculptures,season
sensations,season
shop,season
sole,season
sorocaba,season
sport,season
steps,season
stop,season
streets,season
temporary,season
test,season
theater,season
touch,season
tram,season
tranquillity,season
turismo,season
university,season
vaporetto,season
venice,season
vento,season
vision,season
voices,season
water,season
wells,season
words_and_more,season
work,season
._reference,second_part
33bienal,second_part
accessible,second_part
ambient_noise,second_part
art,second_part
audible_traffic_lights,second_part
bar,second_part
bells,second_part
bike,second_part
binary,second_part
birds,second_part
blindwiki,second_part
car,second_part
carnevale,second_part
crowded_environment,second_part
culture,second_part
dangerous,second_part
dead,second_part
description,second_part
foundations,second_part
friendship,second_part
fruits,second_part
garden,second_part
headquarters,second_part
hello,second_part
history,second_part
hospital,second_part
iglesia,second_part
lande,second_part
library,second_part
luci,second_part
machine,second_part
maritime,second_part
market,second_part
meeting,second_part
mislata,second_part
movement,second_part
music,second_part
nature,second_part
neighborhood,second_part
night,second_part
obstacle,second_part
odor,second_part
people,second_part
perfumes,second_part
piazza,second_part
rain,second_part
restaurant,second_part
scale,second_part
sculpture,second_part
sculptures,second_part
sensations,second_part
shop,second_part
sole,second_part
sorocaba,second_part
stop,second_part
streets,second_part
tactile,second_part
temporary,second_part
touch,second_part
tram,second_part
tree,second_part
university,second_part
vaporetto,second_part
venice,second_part
vento,second_part
vision,second_part
voices,second_part
wall,second_part
water,second_part
wells,second_part
words_and_more,second_part
work,second_part
33bienal,selfies
accessible,selfies
ambient_noise,selfies
audible_traffic_lights,selfies
bar,selfies
bells,selfies
binary,selfies
blindwiki,selfies
calle_closed,selfies
car,selfies
caution,selfies
crowded_environment,selfies
culture,selfies
dangerous,selfies
dead,selfies
description,selfies
door,selfies
friendship,selfies
headquarters,selfies
hello,selfies
hiking,selfies
history,selfies
hospital,selfies
laramara,selfies
legends,selfies
library,selfies
luci,selfies
machine,selfies
maritime,selfies
market,selfies
meeting,selfies
memorial,selfies
mislata,selfies
movement,selfies
museum,selfies
music,selfies
neighborhood,selfies
night,selfies
obstacle,selfies
park,selfies
paseo,selfies
people,selfies
rain,selfies
restaurant,selfies
scale,selfies
sculpture,selfies
sensations,selfies
sole,selfies
sorocaba,selfies
sport,selfies
steps,selfies
streets,selfies
tactile,selfies
temporary,selfies
test,selfies
theater,selfies
touch,selfies
tram,selfies
tree,selfies
turismo,selfies
vaporetto,selfies
vento,selfies
vision,selfies
voices,selfies
wall,selfies
wells,selfies
words_and_more,selfies
work,selfies
._reference,sensorygarden
33bienal,sensorygarden
accessible,sensorygarden
art,sensorygarden
audible_traffic_lights,sensorygarden
bar,sensorygarden
bike,sensorygarden
binary,sensorygarden
blindwiki,sensorygarden
bridges,sensorygarden
calle_closed,sensorygarden
car,sensorygarden
carnevale,sensorygarden
caution,sensorygarden
culture,sensorygarden
dangerous,sensorygarden
dead,sensorygarden
fish,sensorygarden
friendship,sensorygarden
fruits,sensorygarden
garden,sensorygarden
germany,sensorygarden
girls,sensorygarden
headquarters,sensorygarden
hello,sensorygarden
hiking,sensorygarden
hospital,sensorygarden
iglesia,sensorygarden
lande,sensorygarden
library,sensorygarden
luci,sensorygarden
machine,sensorygarden
maritime,sensorygarden
market,sensorygarden
museum,sensorygarden
neighborhood,sensorygarden
obstacle,sensorygarden
odor,sensorygarden
park,sensorygarden
paseo,sensorygarden
people,sensorygarden
perfumes,sensorygarden
piazza,sensorygarden
project,sensorygarden
rain,sensorygarden
restaurant,sensorygarden
scale,sensorygarden
sculpture,sensorygarden
sculptures,sensorygarden
shop,sensorygarden
sole,sensorygarden
sorocaba,sensorygarden
sport,sensorygarden
steps,sensorygarden
stop,sensorygarden
streets,sensorygarden
tactile,sensorygarden
temporary,sensorygarden
test,sensorygarden
theater,sensorygarden
touch,sensorygarden
tram,sensorygarden
tranquillity,sensorygarden
tree,sensorygarden
turismo,sensorygarden
university,sensorygarden
vaporetto,sensorygarden
vento,sensorygarden
vision,sensorygarden
water,sensorygarden
wells,sensorygarden
words_and_more,sensorygarden
._reference,service
33bienal,service
accessible,service
ambient_noise,service
art,service
audible_traffic_lights,service
bells,service
bike,service
birds,service
blindwiki,service
bridges,service
car,service
carnevale,service
crowded_environment,service
culture,service
dead,service
door,service
easter,service
fish,service
foundations,service
friendship,service
fruits,service
garden,service
germany,service
girls,service
headquarters,service
hiking,service
hospital,service
lande,service
laramara,service
legends,service
luci,service
maritime,service
meeting,service
memorial,service
mislata,service
movement,service
museum,service
music,service
nature,service
night,service
obstacle,service
odor,service
park,service
paseo,service
rain,service
restaurant,service
sculpture,service
sculptures,service
sensations,service
shop,service
sole,service
sorocaba,service
sport,service
steps,service
stop,service
streets,service
tactile,service
temporary,service
test,service
theater,service
touch,service
tram,service
tree,service
turismo,service
university,service
vaporetto,service
venice,service
vento,service
vision,service
voices,service
wall,service
water,service
wells,service
words_and_more,service
._reference,services
33bienal,services
accessible,services
ambient_noise,services
art,services
audible_traffic_lights,services
bells,services
binary,services
blindwiki,services
bridges,services
calle_closed,services
carnevale,services
caution,services
crowded_environment,services
culture,services
dangerous,services
dead,services
description,services
fish,services
foundations,services
friendship,services
fruits,services
garden,services
germany,services
girls,services
he_lives_together,services
headquarters,services
hello,services
hiking,services
history,services
hospital,services
iglesia,services
lande,services
laramara,services
legends,services
library,services
machine,services
maritime,services
market,services
meeting,services
memorial,services
mislata,services
museum,services
music,services
nature,services
neighborhood,services
night,services
obstacle,services
odor,services
park,services
paseo,services
people,services
perfumes,services
piazza,services
project,services
rain,services
restaurant,services
scale,services
sculptures,services
sensations,services
sole,services
sorocaba,services
sport,services
steps,services
streets,services
temporary,services
test,services
theater,services
tree,services
university,services
vaporetto,services
venice,services
vento,services
vision,services
voices,services
wall,services
water,services
wells,services
words_and_more,services
work,services
._reference,sesc
accessible,sesc
ambient_noise,sesc
audible_traffic_lights,sesc
bar,sesc
bells,sesc
bridges,sesc
car,sesc
caution,sesc
crowded_environment,sesc
culture,sesc
dangerous,sesc
dead,sesc
description,sesc
door,sesc
easter,sesc
fish,sesc
foundations,sesc
friendship,sesc
fruits,sesc
germany,sesc
girls,sesc
headquarters,sesc
history,sesc
hospital,sesc
iglesia,sesc
lande,sesc
luci,sesc
maritime,sesc
meeting,sesc
memorial,sesc
movement,sesc
museum,sesc
music,sesc
nature,sesc
neighborhood,sesc
night,sesc
obstacle,sesc
odor,sesc
park,sesc
people,sesc
piazza,sesc
project,sesc
rain,sesc
scale,sesc
sculpture,sesc
sensations,sesc
sport,sesc
steps,sesc
stop,sesc
temporary,sesc
test,sesc
tree,sesc
turismo,sesc
vaporetto,sesc
vento,sesc
vision,sesc
voices,sesc
wall,sesc
water,sesc
wells,sesc
words_and_more,sesc
._reference,sesc_sorocaba
33bienal,sesc_sorocaba
art,sesc_sorocaba
audible_traffic_lights,sesc_sorocaba
bells,sesc_sorocaba
binary,sesc_sorocaba
birds,sesc_sorocaba
blindwiki,sesc_sorocaba
calle_closed,sesc_sorocaba
car,sesc_sorocaba
carnevale,sesc_sorocaba
caution,sesc_sorocaba
crowded_environment,sesc_sorocaba
culture,sesc_sorocaba
dangerous,sesc_sorocaba
dead,sesc_sorocaba
door,sesc_sorocaba
fish,sesc_sorocaba
foundations,sesc_sorocaba
friendship,sesc_sorocaba
fruits,sesc_sorocaba
garden,sesc_sorocaba
he_lives_together,sesc_sorocaba
hiking,sesc_sorocaba
history,sesc_sorocaba
hospital,sesc_sorocaba
lande,sesc_sorocaba
laramara,sesc_sorocaba
legends,sesc_sorocaba
library,sesc_sorocaba
maritime,sesc_sorocaba
market,sesc_sorocaba
memorial,sesc_sorocaba
mislata,sesc_sorocaba
nature,sesc_sorocaba
neighborhood,sesc_sorocaba
night,sesc_sorocaba
obstacle,sesc_sorocaba
odor,sesc_sorocaba
paseo,sesc_sorocaba
people,sesc_sorocaba
piazza,sesc_sorocaba
project,sesc_sorocaba
rain,sesc_sorocaba
restaurant,sesc_sorocaba
scale,sesc_sorocaba
sculpture,sesc_sorocaba
sculptures,sesc_sorocaba
sensations,sesc_sorocaba
shop,sesc_sorocaba
sorocaba,sesc_sorocaba
sport,sesc_sorocaba
steps,sesc_sorocaba
stop,sesc_sorocaba
streets,sesc_sorocaba
tactile,sesc_sorocaba
temporary,sesc_sorocaba
test,sesc_sorocaba
theater,sesc_sorocaba
touch,sesc_sorocaba
tranquillity,sesc_sorocaba
tree,sesc_sorocaba
turismo,sesc_sorocaba
university,sesc_sorocaba
vento,sesc_sorocaba
vision,sesc_sorocaba
water,sesc_sorocaba
wells,sesc_sorocaba
words_and_more,sesc_sorocaba
work,sesc_sorocaba
._reference,seven
33bienal,seven
accessible,seven
ambient_noise,seven
art,seven
audible_traffic_lights,seven
bar,seven
bike,seven
binary,seven
birds,seven
blindwiki,seven
bridges,seven
calle_closed,seven
carnevale,seven
crowded_environment,seven
culture,seven
dead,seven
description,seven
door,seven
fish,seven
foundations,seven
friendship,seven
fruits,seven
germany,seven
he_lives_together,seven
headquarters,seven
hospital,seven
lande,seven
legends,seven
luci,seven
machine,seven
market,seven
meeting,seven
memorial,seven
mislata,seven
movement,seven
music,seven
nature,seven
neighborhood,seven
night,seven
obstacle,seven
park,seven
paseo,seven
perfumes,seven
piazza,seven
project,seven
rain,seven
restaurant,seven
scale,seven
sculptures,seven
sensations,seven
shop,seven
sole,seven
sorocaba,seven
sport,seven
steps,seven
stop,seven
streets,seven
tactile,seven
test,seven
theater,seven
touch,seven
tram,seven
tranquillity,seven
tree,seven
turismo,seven
university,seven
vaporetto,seven
venice,seven
vento,seven
vision,seven
voices,seven
wall,seven
wells,seven
words_and_more,seven
work,seven
._reference,shopping
accessible,shopping
ambient_noise,shopping
art,shopping
audible_traffic_lights,shopping
bar,shopping
bells,shopping
bike,shopping
binary,shopping
birds,shopping
blindwiki,shopping
bridges,shopping
calle_closed,shopping
carnevale,shopping
caution,shopping
crowded_environment,shopping
culture,shopping
dead,shopping
description,shopping
door,shopping
easter,shopping
fish,shopping
foundations,shopping
friendship,shopping
fruits,shopping
he_lives_together,shopping
headquarters,shopping
history,shopping
hospital,shopping
iglesia,shopping
lande,shopping
laramara,shopping
legends,shopping
library,shopping
machine,shopping
maritime,shopping
market,shopping
meeting,shopping
memorial,shopping
mislata,shopping
movement,shopping
museum,shopping
nature,shopping
neighborhood,shopping
night,shopping
obstacle,shopping
odor,shopping
paseo,shopping
people,shopping
perfumes,shopping
piazza,shopping
project,shopping
rain,shopping
restaurant,shopping
scale,shopping
sculptures,shopping
sole,shopping
sport,shopping
steps,shopping
streets,shopping
tactile,shopping
temporary,shopping
theater,shopping
touch,shopping
tram,shopping
tranquillity,shopping
tree,shopping
turismo,shopping
vaporetto,shopping
venice,shopping
vision,shopping
voices,shopping
wall,shopping
water,shopping
wells,shopping
words_and_more,shopping
work,shopping
._reference,shopping_city_são_paulo
33bienal,shopping_city_são_paulo
accessible,shopping_city_são_paulo
ambient_noise,shopping_city_são_paulo
audible_traffic_lights,shopping_city_são_paulo
bar,shopping_city_são_paulo
bells,shopping_city_são_paulo
bike,shopping_city_são_paulo
binary,shopping_city_são_paulo
blindwiki,shopping_city_são_paulo
bridges,shopping_city_são_paulo
calle_closed,shopping_city_são_paulo
car,shopping_city_são_paulo
caution,shopping_city_são_paulo
culture,shopping_city_são_paulo
dangerous,shopping_city_são_paulo
dead,shopping_city_são_paulo
description,shopping_city_são_paulo
fish,shopping_city_são_paulo
foundations,shopping_city_são_paulo
friendship,shopping_city_são_paulo
fruits,shopping_city_são_paulo
garden,shopping_city_são_paulo
germany,shopping_city_são_paulo
girls,shopping_city_são_paulo
he_lives_together,shopping_city_são_paulo
headquarters,shopping_city_são_paulo
hello,shopping_city_são_paulo
hiking,shopping_city_são_paulo
history,shopping_city_são_paulo
iglesia,shopping_city_são_paulo
lande,shopping_city_são_paulo
library,shopping_city_são_paulo
luci,shopping_city_são_paulo
machine,shopping_city_são_paulo
maritime,shopping_city_são_paulo
market,shopping_city_são_paulo
memorial,shopping_city_são_paulo
mislata,shopping_city_são_paulo
movement,shopping_city_são_paulo
museum,shopping_city_são_paulo
music,shopping_city_são_paulo
neighborhood,shopping_city_são_paulo
odor,shopping_city_são_paulo
paseo,shopping_city_são_paulo
perfumes,shopping_city_são_paulo
piazza,shopping_city_são_paulo
project,shopping_city_são_paulo
rain,shopping_city_são_paulo
restaurant,shopping_city_são_paulo
scale,shopping_city_são_paulo
sculpture,shopping_city_são_paulo
sculptures,shopping_city_são_paulo
sensations,shopping_city_são_paulo
shop,shopping_city_são_paulo
sole,shopping_city_são_paulo
sorocaba,shopping_city_são_paulo
sport,shopping_city_são_paulo
steps,shopping_city_são_paulo
stop,shopping_city_são_paulo
streets,shopping_city_são_paulo
tactile,shopping_city_são_paulo
temporary,shopping_city_são_paulo
test,shopping_city_são_paulo
theater,shopping_city_são_paulo
touch,shopping_city_são_paulo
tram,shopping_city_são_paulo
tranquillity,shopping_city_são_paulo
tree,shopping_city_são_paulo
university,shopping_city_são_paulo
vaporetto,shopping_city_são_paulo
venice,shopping_city_são_paulo
vento,shopping_city_são_paulo
vision,shopping_city_são_paulo
wall,shopping_city_são_paulo
water,shopping_city_são_paulo
wells,shopping_city_são_paulo
words_and_more,shopping_city_são_paulo
._reference,show
accessible,show
ambient_noise,show
art,show
audible_traffic_lights,show
bar,show
bells,show
bike,show
binary,show
birds,show
bridges,show
calle_closed,show
car,show
carnevale,show
caution,show
crowded_environment,show
culture,show
dangerous,show
dead,show
door,show
easter,show
fish,show
foundations,show
friendship,show
fruits,show
garden,show
girls,show
he_lives_together,show
headquarters,show
hello,show
hospital,show
iglesia,show
lande,show
legends,show
library,show
luci,show
machine,show
maritime,show
market,show
meeting,show
memorial,show
mislata,show
museum,show
music,show
nature,show
neighborhood,show
night,show
odor,show
park,show
paseo,show
people,show
perfumes,show
piazza,show
rain,show
restaurant,show
scale,show
sculpture,show
sculptures,show
sensations,show
shop,show
sole,show
sport,show
steps,show
stop,show
streets,show
tactile,show
test,show
theater,show
touch,show
tram,show
tranquillity,show
tree,show
turismo,show
university,show
vaporetto,show
venice,show
vento,show
vision,show
voices,show
wall,show
water,show
wells,show
words_and_more,show
._reference,sidewalk
33bienal,sidewalk
accessible,sidewalk
ambient_noise,sidewalk
art,sidewalk
bells,sidewalk
bike,sidewalk
binary,sidewalk
birds,sidewalk
blindwiki,sidewalk
calle_closed,sidewalk
car,sidewalk
carnevale,sidewalk
caution,sidewalk
crowded_environment,sidewalk
culture,sidewalk
dangerous,sidewalk
description,sidewalk
door,sidewalk
easter,sidewalk
fish,sidewalk
foundations,sidewalk
fruits,sidewalk
garden,sidewalk
germany,sidewalk
girls,sidewalk
headquarters,sidewalk
hello,sidewalk
history,sidewalk
hospital,sidewalk
lande,sidewalk
laramara,sidewalk
legends,sidewalk
library,sidewalk
machine,sidewalk
maritime,sidewalk
market,sidewalk
meeting,sidewalk
memorial,sidewalk
movement,sidewalk
museum,sidewalk
music,sidewalk
nature,sidewalk
neighborhood,sidewalk
odor,sidewalk
paseo,sidewalk
people,sidewalk
piazza,sidewalk
project,sidewalk
rain,sidewalk
restaurant,sidewalk
sculpture,sidewalk
sculptures,sidewalk
shop,sidewalk
sole,sidewalk
sorocaba,sidewalk
sport,sidewalk
steps,sidewalk
stop,sidewalk
streets,sidewalk
tactile,sidewalk
temporary,sidewalk
test,sidewalk
theater,sidewalk
touch,sidewalk
tram,sidewalk
tranquillity,sidewalk
tree,sidewalk
turismo,sidewalk
university,sidewalk
venice,sidewalk
vento,sidewalk
vision,sidewalk
wall,sidewalk
water,sidewalk
wells,sidewalk
work,sidewalk
accessible,sidewalk_level
ambient_noise,sidewalk_level
audible_traffic_lights,sidewalk_level
bells,sidewalk_level
bike,sidewalk_level
binary,sidewalk_level
birds,sidewalk_level
blindwiki,sidewalk_level
bridges,sidewalk_level
car,sidewalk_level
carnevale,sidewalk_level
caution,sidewalk_level
crowded_environment,sidewalk_level
culture,sidewalk_level
dangerous,sidewalk_level
dead,sidewalk_level
description,sidewalk_level
door,sidewalk_level
easter,sidewalk_level
foundations,sidewalk_level
fruits,sidewalk_level
germany,sidewalk_level
he_lives_together,sidewalk_level
headquarters,sidewalk_level
hello,sidewalk_level
hiking,sidewalk_level
hospital,sidewalk_level
lande,sidewalk_level
laramara,sidewalk_level
legends,sidewalk_level
library,sidewalk_level
machine,sidewalk_level
market,sidewalk_level
meeting,sidewalk_level
memorial,sidewalk_level
mislata,sidewalk_level
movement,sidewalk_level
museum,sidewalk_level
nature,sidewalk_level
neighborhood,sidewalk_level
night,sidewalk_level
obstacle,sidewalk_level
odor,sidewalk_level
park,sidewalk_level
paseo,sidewalk_level
people,sidewalk_level
piazza,sidewalk_level
project,sidewalk_level
rain,sidewalk_level
scale,sidewalk_level
sculptures,sidewalk_level
sensations,sidewalk_level
shop,sidewalk_level
sole,sidewalk_level
sorocaba,sidewalk_level
sport,sidewalk_level
steps,sidewalk_level
stop,sidewalk_level
streets,sidewalk_level
test,sidewalk_level
theater,sidewalk_level
touch,sidewalk_level
tram,sidewalk_level
tree,sidewalk_level
university,sidewalk_level
vaporetto,sidewalk_level
vento,sidewalk_level
vision,sidewalk_level
voices,sidewalk_level
wall,sidewalk_level
water,sidewalk_level
wells,sidewalk_level
words_and_more,sidewalk_level
work,sidewalk_level
._reference,signage
accessible,signage
ambient_noise,signage
art,signage
audible_traffic_lights,signage
bar,signage
bike,signage
binary,signage
birds,signage
bridges,signage
calle_closed,signage
car,signage
carnevale,signage
caution,signage
crowded_environment,signage
culture,signage
dangerous,signage
dead,signage
description,signage
door,signage
easter,signage
fish,signage
foundations,signage
friendship,signage
fruits,signage
germany,signage
girls,signage
he_lives_together,signage
headquarters,signage
hello,signage
hiking,signage
hospital,signage
lande,signage
laramara,signage
legends,signage
library,signage
machine,signage
maritime,signage
market,signage
meeting,signage
memorial,signage
mislata,signage
movement,signage
music,signage
nature,signage
neighborhood,signage
night,signage
odor,signage
paseo,signage
people,signage
perfumes,signage
piazza,signage
project,signage
rain,signage
scale,signage
sculpture,signage
sculptures,signage
shop,signage
sole,signage
sorocaba,signage
sport,signage
stop,signage
streets,signage
tactile,signage
temporary,signage
test,signage
theater,signage
touch,signage
tram,signage
tree,signage
turismo,signage
university,signage
vaporetto,signage
venice,signage
vision,signage
voices,signage
wall,signage
water,signage
wells,signage
work,signage
33bienal,silence
accessible,silence
ambient_noise,silence
art,silence
audible_traffic_lights,silence
bar,silence
binary,silence
birds,silence
blindwiki,silence
bridges,silence
calle_closed,silence
car,silence
caution,silence
culture,silence
dangerous,silence
description,silence
door,silence
fish,silence
foundations,silence
friendship,silence
fruits,silence
garden,silence
germany,silence
girls,silence
headquarters,silence
hello,silence
hiking,silence
history,silence
hospital,silence
iglesia,silence
lande,silence
library,silence
luci,silence
maritime,silence
memorial,silence
movement,silence
museum,silence
music,silence
obstacle,silence
odor,silence
park,silence
paseo,silence
people,silence
perfumes,silence
project,silence
restaurant,silence
scale,silence
sculpture,silence
sculptures,silence
sensations,silence
shop,silence
sole,silence
sorocaba,silence
sport,silence
steps,silence
stop,silence
streets,silence
tactile,silence
temporary,silence
test,silence
theater,silence
touch,silence
tram,silence
tree,silence
turismo,silence
university,silence
vaporetto,silence
venice,silence
vento,silence
vision,silence
voices,silence
wall,silence
wells,silence
words_and_more,silence
._reference,sing
33bienal,sing
accessible,sing
ambient_noise,sing
audible_traffic_lights,sing
bar,sing
bells,sing
binary,sing
birds,sing
blindwiki,sing
bridges,sing
car,sing
carnevale,sing
crowded_environment,sing
dangerous,sing
dead,sing
description,sing
easter,sing
fish,sing
foundations,sing
friendship,sing
garden,sing
girls,sing
headquarters,sing
hello,sing
hiking,sing
history,sing
hospital,sing
laramara,sing
legends,sing
luci,sing
market,sing
meeting,sing
memorial,sing
mislata,sing
movement,sing
museum,sing
music,sing
nature,sing
night,sing
obstacle,sing
odor,sing
park,sing
paseo,sing
people,sing
project,sing
restaurant,sing
scale,sing
sculpture,sing
sculptures,sing
shop,sing
sorocaba,sing
sport,sing
steps,sing
stop,sing
streets,sing
tactile,sing
theater,sing
touch,sing
tram,sing
tree,sing
turismo,sing
vaporetto,sing
venice,sing
vento,sing
vision,sing
voices,sing
wall,sing
water,sing
wells,sing
words_and_more,sing
work,sing
._reference,singing_and_enchanting
33bienal,singing_and_enchanting
accessible,singing_and_enchanting
ambient_noise,singing_and_enchanting
art,singing_and_enchanting
audible_traffic_lights,singing_and_enchanting
bar,singing_and_enchanting
bells,singing_and_enchanting
bike,singing_and_enchanting
binary,singing_and_enchanting
birds,singing_and_enchanting
bridges,singing_and_enchanting
calle_closed,singing_and_enchanting
car,singing_and_enchanting
carnevale,singing_and_enchanting
caution,singing_and_enchanting
culture,singing_and_enchanting
dead,singing_and_enchanting
description,singing_and_enchanting
door,singing_and_enchanting
fish,singing_and_enchanting
foundations,singing_and_enchanting
friendship,singing_and_enchanting
fruits,singing_and_enchanting
garden,singing_and_enchanting
germany,singing_and_enchanting
girls,singing_and_enchanting
he_lives_together,singing_and_enchanting
headquarters,singing_and_enchanting
hiking,singing_and_enchanting
history,singing_and_enchanting
iglesia,singing_and_enchanting
lande,singing_and_enchanting
laramara,singing_and_enchanting
legends,singing_and_enchanting
library,singing_and_enchanting
luci,singing_and_enchanting
machine,singing_and_enchanting
maritime,singing_and_enchanting
market,singing_and_enchanting
meeting,singing_and_enchanting
memorial,singing_and_enchanting
mislata,singing_and_enchanting
movement,singing_and_enchanting
museum,singing_and_enchanting
nature,singing_and_enchanting
neighborhood,singing_and_enchanting
night,singing_and_enchanting
obstacle,singing_and_enchanting
odor,singing_and_enchanting
park,singing_and_enchanting
paseo,singing_and_enchanting
people,singing_and_enchanting
project,singing_and_enchanting
rain,singing_and_enchanting
restaurant,singing_and_enchanting
sculpture,singing_and_enchanting
sculptures,singing_and_enchanting
sensations,singing_and_enchanting
shop,singing_and_enchanting
sole,singing_and_enchanting
sorocaba,singing_and_enchanting
steps,singing_and_enchanting
streets,singing_and_enchanting
tactile,singing_and_enchanting
temporary,singing_and_enchanting
theater,singing_and_enchanting
touch,singing_and_enchanting
tram,singing_and_enchanting
tranquillity,singing_and_enchanting
tree,singing_and_enchanting
university,singing_and_enchanting
venice,singing_and_enchanting
vento,singing_and_enchanting
vision,singing_and_enchanting
voices,singing_and_enchanting
wall,singing_and_enchanting
water,singing_and_enchanting
wells,singing_and_enchanting
words_and_more,singing_and_enchanting
._reference,single_platform
33bienal,single_platform
ambient_noise,single_platform
art,single_platform
bar,single_platform
bells,single_platform
binary,single_platform
calle_closed,single_platform
car,single_platform
carnevale,single_platform
crowded_environment,single_platform
dangerous,single_platform
dead,single_platform
description,single_platform
door,single_platform
fish,single_platform
foundations,single_platform
fruits,single_platform
garden,single_platform
germany,single_platform
girls,single_platform
he_lives_together,single_platform
headquarters,single_platform
hello,single_platform
hiking,single_platform
iglesia,single_platform
lande,single_platform
laramara,single_platform
legends,single_platform
library,single_platform
maritime,single_platform
market,single_platform
memorial,single_platform
mislata,single_platform
museum,single_platform
music,single_platform
nature,single_platform
neighborhood,single_platform
night,single_platform
obstacle,single_platform
park,single_platform
paseo,single_platform
people,single_platform
piazza,single_platform
project,single_platform
rain,single_platform
scale,single_platform
sculpture,single_platform
sensations,single_platform
shop,single_platform
sole,single_platform
steps,single_platform
stop,single_platform
tactile,single_platform
temporary,single_platform
test,single_platform
theater,single_platform
touch,single_platform
tram,single_platform
tree,single_platform
turismo,single_platform
vaporetto,single_platform
vento,single_platform
vision,single_platform
voices,single_platform
wall,single_platform
water,single_platform
words_and_more,single_platform
work,single_platform
._reference,sombra
33bienal,sombra
accessible,sombra
ambient_noise,sombra
art,sombra
bar,sombra
birds,sombra
blindwiki,sombra
bridges,sombra
calle_closed,sombra
car,sombra
crowded_environment,sombra
culture,sombra
dead,sombra
door,sombra
easter,sombra
fish,sombra
foundations,sombra
fruits,sombra
garden,sombra
germany,sombra
headquarters,sombra
hello,sombra
hiking,sombra
history,sombra
hospital,sombra
iglesia,sombra
legends,sombra
library,sombra
luci,sombra
machine,sombra
maritime,sombra
meeting,sombra
memorial,sombra
mislata,sombra
museum,sombra
music,sombra
nature,sombra
neighborhood,sombra
night,sombra
obstacle,sombra
park,sombra
paseo,sombra
people,sombra
perfumes,sombra
project,sombra
rain,sombra
scale,sombra
sculptures,sombra
sensations,sombra
sole,sombra
sorocaba,sombra
sport,sombra
steps,sombra
streets,sombra
temporary,sombra
test,sombra
theater,sombra
touch,sombra
tranquillity,sombra
tree,sombra
venice,sombra
vision,sombra
wall,sombra
water,sombra
wells,sombra
work,sombra
._reference,sonora
33bienal,sonora
accessible,sonora
ambient_noise,sonora
art,sonora
bar,sonora
bells,sonora
bike,sonora
binary,sonora
birds,sonora
bridges,sonora
calle_closed,sonora
car,sonora
carnevale,sonora
culture,sonora
dangerous,sonora
dead,sonora
door,sonora
easter,sonora
fish,sonora
foundations,sonora
friendship,sonora
fruits,sonora
germany,sonora
girls,sonora
hiking,sonora
history,sonora
hospital,sonora
iglesia,sonora
lande,sonora
laramara,sonora
library,sonora
luci,sonora
machine,sonora
meeting,sonora
memorial,sonora
mislata,sonora
movement,sonora
museum,sonora
nature,sonora
night,sonora
obstacle,sonora
odor,sonora
park,sonora
people,sonora
perfumes,sonora
piazza,sonora
restaurant,sonora
scale,sonora
sculpture,sonora
sculptures,sonora
shop,sonora
sorocaba,sonora
sport,sonora
steps,sonora
streets,sonora
tactile,sonora
temporary,sonora
test,sonora
tranquillity,sonora
tree,sonora
turismo,sonora
university,sonora
vaporetto,sonora
vento,sonora
vision,sonora
voices,sonora
work,sonora
._reference,sons
33bienal,sons
ambient_noise,sons
art,sons
bar,sons
bells,sons
bike,sons
binary,sons
birds,sons
blindwiki,sons
bridges,sons
calle_closed,sons
car,sons
carnevale,sons
caution,sons
crowded_environment,sons
culture,sons
dangerous,sons
dead,sons
description,sons
door,sons
easter,sons
fish,sons
foundations,sons
fruits,sons
garden,sons
germany,sons
girls,sons
he_lives_together,sons
headquarters,sons
hello,sons
hiking,sons
history,sons
lande,sons
laramara,sons
legends,sons
luci,sons
maritime,sons
market,sons
meeting,sons
memorial,sons
mislata,sons
movement,sons
music,sons
nature,sons
neighborhood,sons
night,sons
obstacle,sons
odor,sons
park,sons
paseo,sons
perfumes,sons
piazza,sons
project,sons
rain,sons
scale,sons
sculptures,sons
sensations,sons
shop,sons
sole,sons
sorocaba,sons
sport,sons
steps,sons
stop,sons
streets,sons
tactile,sons
theater,sons
touch,sons
tram,sons
tranquillity,sons
tree,sons
turismo,sons
university,sons
vento,sons
vision,sons
voices,sons
wall,sons
water,sons
wells,sons
words_and_more,sons
._reference,sorocaba_route
33bienal,sorocaba_route
accessible,sorocaba_route
ambient_noise,sorocaba_route
art,sorocaba_route
audible_traffic_lights,sorocaba_route
bells,sorocaba_route
binary,sorocaba_route
birds,sorocaba_route
blindwiki,sorocaba_route
bridges,sorocaba_route
calle_closed,sorocaba_route
car,sorocaba_route
carnevale,sorocaba_route
caution,sorocaba_route
crowded_environment,sorocaba_route
culture,sorocaba_route
dangerous,sorocaba_route
description,sorocaba_route
door,sorocaba_route
easter,sorocaba_route
fish,sorocaba_route
fruits,sorocaba_route
girls,sorocaba_route
he_lives_together,sorocaba_route
headquarters,sorocaba_route
hello,sorocaba_route
history,sorocaba_route
hospital,sorocaba_route
lande,sorocaba_route
laramara,sorocaba_route
legends,sorocaba_route
library,sorocaba_route
luci,sorocaba_route
machine,sorocaba_route
market,sorocaba_route
memorial,sorocaba_route
mislata,sorocaba_route
museum,sorocaba_route
music,sorocaba_route
nature,sorocaba_route
neighborhood,sorocaba_route
obstacle,sorocaba_route
odor,sorocaba_route
paseo,sorocaba_route
perfumes,sorocaba_route
piazza,sorocaba_route
rain,sorocaba_route
scale,sorocaba_route
sculpture,sorocaba_route
sculptures,sorocaba_route
sensations,sorocaba_route
shop,sorocaba_route
sole,sorocaba_route
sport,sorocaba_route
stop,sorocaba_route
streets,sorocaba_route
tactile,sorocaba_route
theater,sorocaba_route
touch,sorocaba_route
tram,sorocaba_route
tree,sorocaba_route
vaporetto,sorocaba_route
vento,sorocaba_route
vision,sorocaba_route
voices,sorocaba_route
wall,sorocaba_route
water,sorocaba_route
wells,sorocaba_route
words_and_more,sorocaba_route
work,sorocaba_route
33bienal,sotoportego
ambient_noise,sotoportego
art,sotoportego
audible_traffic_lights,sotoportego
bar,sotoportego
bells,sotoportego
binary,sotoportego
birds,sotoportego
blindwiki,sotoportego
bridges,sotoportego
calle_closed,sotoportego
car,sotoportego
carnevale,sotoportego
crowded_environment,sotoportego
culture,sotoportego
dangerous,sotoportego
description,sotoportego
door,sotoportego
easter,sotoportego
fish,sotoportego
friendship,sotoportego
fruits,sotoportego
germany,sotoportego
girls,sotoportego
he_lives_together,sotoportego
hello,sotoportego
hiking,sotoportego
iglesia,sotoportego
lande,sotoportego
legends,sotoportego
library,sotoportego
maritime,sotoportego
market,sotoportego
meeting,sotoportego
memorial,sotoportego
mislata,sotoportego
movement,sotoportego
music,sotoportego
nature,sotoportego
neighborhood,sotoportego
night,sotoportego
paseo,sotoportego
people,sotoportego
piazza,sotoportego
project,sotoportego
restaurant,sotoportego
scale,sotoportego
sculpture,sotoportego
sculptures,sotoportego
sensations,sotoportego
shop,sotoportego
sole,sotoportego
sorocaba,sotoportego
sport,sotoportego
steps,sotoportego
temporary,sotoportego
test,sotoportego
theater,sotoportego
touch,sotoportego
tram,sotoportego
tranquillity,sotoportego
turismo,sotoportego
university,sotoportego
vento,sotoportego
vision,sotoportego
water,sotoportego
wells,sotoportego
words_and_more,sotoportego
work,sotoportego
._reference,sound_landscape
33bienal,sound_landscape
accessible,sound_landscape
art,sound_landscape
audible_traffic_lights,sound_landscape
bar,sound_landscape
bells,sound_landscape
binary,sound_landscape
birds,sound_landscape
bridges,sound_landscape
calle_closed,sound_landscape
crowded_environment,sound_landscape
culture,sound_landscape
dangerous,sound_landscape
dead,sound_landscape
description,sound_landscape
door,sound_landscape
easter,sound_landscape
fish,sound_landscape
foundations,sound_landscape
friendship,sound_landscape
fruits,sound_landscape
girls,sound_landscape
he_lives_together,sound_landscape
headquarters,sound_landscape
history,sound_landscape
laramara,sound_landscape
legends,sound_landscape
library,sound_landscape
luci,sound_landscape
machine,sound_landscape
market,sound_landscape
memorial,sound_landscape
night,sound_landscape
odor,sound_landscape
park,sound_landscape
rain,sound_landscape
restaurant,sound_landscape
scale,sound_landscape
sculpture,sound_landscape
sensations,sound_landscape
shop,sound_landscape
sole,sound_landscape
sorocaba,sound_landscape
sport,sound_landscape
steps,sound_landscape
stop,sound_landscape
streets,sound_landscape
temporary,sound_landscape
test,sound_landscape
touch,sound_landscape
tram,sound_landscape
tranquillity,sound_landscape
tree,sound_landscape
turismo,sound_landscape
vaporetto,sound_landscape
voices,sound_landscape
wells,sound_landscape
work,sound_landscape
._reference,sound_postcard
accessible,sound_postcard
ambient_noise,sound_postcard
art,sound_postcard
audible_traffic_lights,sound_postcard
bike,sound_postcard
binary,sound_postcard
birds,sound_postcard
blindwiki,sound_postcard
bridges,sound_postcard
calle_closed,sound_postcard
car,sound_postcard
carnevale,sound_postcard
culture,sound_postcard
dangerous,sound_postcard
dead,sound_postcard
description,sound_postcard
door,sound_postcard
easter,sound_postcard
fish,sound_postcard
foundations,sound_postcard
friendship,sound_postcard
garden,sound_postcard
he_lives_together,sound_postcard
headquarters,sound_postcard
hello,sound_postcard
hiking,sound_postcard
history,sound_postcard
hospital,sound_postcard
iglesia,sound_postcard
laramara,sound_postcard
legends,sound_postcard
library,sound_postcard
maritime,sound_postcard
market,sound_postcard
meeting,sound_postcard
mislata,sound_postcard
movement,sound_postcard
museum,sound_postcard
music,sound_postcard
nature,sound_postcard
neighborhood,sound_postcard
night,sound_postcard
obstacle,sound_postcard
odor,sound_postcard
park,sound_postcard
paseo,sound_postcard
people,sound_postcard
piazza,sound_postcard
restaurant,sound_postcard
scale,sound_postcard
sculpture,sound_postcard
sculptures,sound_postcard
shop,sound_postcard
sole,sound_postcard
steps,sound_postcard
stop,sound_postcard
streets,sound_postcard
tactile,sound_postcard
test,sound_postcard
touch,sound_postcard
tram,sound_postcard
tranquillity,sound_postcard
turismo,sound_postcard
vaporetto,sound_postcard
vision,sound_postcard
voices,sound_postcard
wall,sound_postcard
water,sound_postcard
words_and_more,sound_postcard
work,sound_postcard
._reference,sound_traffic_light
accessible,sound_traffic_light
art,sound_traffic_light
audible_traffic_lights,sound_traffic_light
bells,sound_traffic_light
bike,sound_traffic_light
binary,sound_traffic_light
birds,sound_traffic_light
calle_closed,sound_traffic_light
car,sound_traffic_light
carnevale,sound_traffic_light
crowded_environment,sound_traffic_light
culture,sound_traffic_light
dangerous,sound_traffic_light
dead,sound_traffic_light
description,sound_traffic_light
door,sound_traffic_light
foundations,sound_traffic_light
friendship,sound_traffic_light
fruits,sound_traffic_light
garden,sound_traffic_light
germany,sound_traffic_light
girls,sound_traffic_light
he_lives_together,sound_traffic_light
headquarters,sound_traffic_light
hello,sound_traffic_light
history,sound_traffic_light
hospital,sound_traffic_light
lande,sound_traffic_light
laramara,sound_traffic_light
luci,sound_traffic_light
machine,sound_traffic_light
maritime,sound_traffic_light
market,sound_traffic_light
meeting,sound_traffic_light
mislata,sound_traffic_light
movement,sound_traffic_light
museum,sound_traffic_light
music,sound_traffic_light
nature,sound_traffic_light
park,sound_traffic_light
rain,sound_traffic_light
scale,sound_traffic_light
sculpture,sound_traffic_light
sculptures,sound_traffic_light
sensations,sound_traffic_light
shop,sound_traffic_light
sport,sound_traffic_light
stop,sound_traffic_light
streets,sound_traffic_light
tactile,sound_traffic_light
temporary,sound_traffic_light
test,sound_traffic_light
theater,sound_traffic_light
touch,sound_traffic_light
tranquillity,sound_traffic_light
tree,sound_traffic_light
turismo,sound_traffic_light
university,sound_traffic_light
vaporetto,sound_traffic_light
venice,sound_traffic_light
vento,sound_traffic_light
vision,sound_traffic_light
voices,sound_traffic_light
wall,sound_traffic_light
water,sound_traffic_light
wells,sound_traffic_light
words_and_more,sound_traffic_light
work,sound_traffic_light
._reference,sounds
33bienal,sounds
accessible,sounds
ambient_noise,sounds
art,sounds
audible_traffic_lights,sounds
bar,sounds
binary,sounds
birds,sounds
blindwiki,sounds
bridges,sounds
calle_closed,sounds
carnevale,sounds
caution,sounds
crowded_environment,sounds
culture,sounds
dangerous,sounds
dead,sounds
description,sounds
easter,sounds
fish,sounds
foundations,sounds
friendship,sounds
fruits,sounds
garden,sounds
girls,sounds
he_lives_together,sounds
headquarters,sounds
hello,sounds
hiking,sounds
history,sounds
hospital,sounds
iglesia,sounds
lande,sounds
legends,sounds
library,sounds
luci,sounds
machine,sounds
maritime,sounds
market,sounds
meeting,sounds
mislata,sounds
movement,sounds
museum,sounds
music,sounds
night,sounds
obstacle,sounds
odor,sounds
paseo,sounds
perfumes,sounds
piazza,sounds
project,sounds
rain,sounds
scale,sounds
sculpture,sounds
sculptures,sounds
sole,sounds
sorocaba,sounds
sport,sounds
temporary,sounds
test,sounds
theater,sounds
tram,sounds
tranquillity,sounds
tree,sounds
turismo,sounds
vaporetto,sounds
venice,sounds
vento,sounds
vision,sounds
wall,sounds
water,sounds
wells,sounds
words_and_more,sounds
._reference,soundscape
33bienal,soundscape
accessible,soundscape
ambient_noise,soundscape
art,soundscape
audible_traffic_lights,soundscape
bar,soundscape
bells,soundscape
bike,soundscape
binary,soundscape
birds,soundscape
blindwiki,soundscape
bridges,soundscape
calle_closed,soundscape
carnevale,soundscape
caution,soundscape
crowded_environment,soundscape
culture,soundscape
dangerous,soundscape
dead,soundscape
description,soundscape
easter,soundscape
fish,soundscape
foundations,soundscape
friendship,soundscape
fruits,soundscape
germany,soundscape
girls,soundscape
he_lives_together,soundscape
headquarters,soundscape
hello,soundscape
hiking,soundscape
iglesia,soundscape
lande,soundscape
laramara,soundscape
legends,soundscape
machine,soundscape
maritime,soundscape
market,soundscape
meeting,soundscape
mislata,soundscape
movement,soundscape
museum,soundscape
nature,soundscape
neighborhood,soundscape
obstacle,soundscape
odor,soundscape
park,soundscape
paseo,soundscape
people,soundscape
perfumes,soundscape
piazza,soundscape
project,soundscape
rain,soundscape
restaurant,soundscape
scale,soundscape
sculpture,soundscape
sculptures,soundscape
sensations,soundscape
sole,soundscape
sorocaba,soundscape
sport,soundscape
steps,soundscape
stop,soundscape
tactile,soundscape
temporary,soundscape
test,soundscape
theater,soundscape
touch,soundscape
tram,soundscape
tranquillity,soundscape
turismo,soundscape
vaporetto,soundscape
venice,soundscape
vento,soundscape
vision,soundscape
wall,soundscape
water,soundscape
wells,soundscape
words_and_more,soundscape
work,soundscape
._reference,souvenir
33bienal,souvenir
accessible,souvenir
ambient_noise,souvenir
audible_traffic_lights,souvenir
bar,souvenir
bells,souvenir
bike,souvenir
binary,souvenir
blindwiki,souvenir
bridges,souvenir
car,souvenir
carnevale,souvenir
caution,souvenir
crowded_environment,souvenir
culture,souvenir
dangerous,souvenir
dead,souvenir
door,souvenir
easter,souvenir
fish,souvenir
foundations,souvenir
friendship,souvenir
fruits,souvenir
garden,souvenir
germany,souvenir
girls,souvenir
hospital,souvenir
iglesia,souvenir
lande,souvenir
laramara,souvenir
legends,souvenir
library,souvenir
luci,souvenir
machine,souvenir
maritime,souvenir
market,souvenir
meeting,souvenir
memorial,souvenir
mislata,souvenir
movement,souvenir
museum,souvenir
nature,souvenir
neighborhood,souvenir
night,souvenir
odor,souvenir
paseo,souvenir
people,souvenir
perfumes,souvenir
piazza,souvenir
restaurant,souvenir
scale,souvenir
sculpture,souvenir
sensations,souvenir
sole,souvenir
sorocaba,souvenir
sport,souvenir
steps,souvenir
temporary,souvenir
test,souvenir
touch,souvenir
tram,souvenir
tranquillity,souvenir
tree,souvenir
turismo,souvenir
university,souvenir
vaporetto,souvenir
venice,souvenir
vento,souvenir
vision,souvenir
wall,souvenir
water,souvenir
wells,souvenir
words_and_more,souvenir
work,souvenir
._reference,sp
33bienal,sp
accessible,sp
ambient_noise,sp
art,sp
bar,sp
bells,sp
binary,sp
birds,sp
blindwiki,sp
calle_closed,sp
carnevale,sp
caution,sp
crowded_environment,sp
culture,sp
dangerous,sp
dead,sp
description,sp
fish,sp
foundations,sp
friendship,sp
fruits,sp
garden,sp
germany,sp
girls,sp
he_lives_together,sp
headquarters,sp
hello,sp
hiking,sp
history,sp
iglesia,sp
laramara,sp
legends,sp
library,sp
luci,sp
machine,sp
maritime,sp
market,sp
memorial,sp
mislata,sp
movement,sp
museum,sp
music,sp
nature,sp
night,sp
obstacle,sp
odor,sp
park,sp
people,sp
perfumes,sp
piazza,sp
project,sp
rain,sp
restaurant,sp
scale,sp
sculpture,sp
sculptures,sp
sensations,sp
shop,sp
sole,sp
sorocaba,sp
steps,sp
streets,sp
tactile,sp
test,sp
theater,sp
tram,sp
tree,sp
turismo,sp
university,sp
vaporetto,sp
venice,sp
vision,sp
voices,sp
wall,sp
wells,sp
words_and_more,sp
work,sp
._reference,sp_cultural_center
accessible,sp_cultural_center
ambient_noise,sp_cultural_center
art,sp_cultural_center
audible_traffic_lights,sp_cultural_center
bar,sp_cultural_center
bells,sp_cultural_center
bike,sp_cultural_center
birds,sp_cultural_center
blindwiki,sp_cultural_center
calle_closed,sp_cultural_center
car,sp_cultural_center
carnevale,sp_cultural_center
crowded_environment,sp_cultural_center
culture,sp_cultural_center
dangerous,sp_cultural_center
dead,sp_cultural_center
door,sp_cultural_center
easter,sp_cultural_center
fish,sp_cultural_center
foundations,sp_cultural_center
friendship,sp_cultural_center
fruits,sp_cultural_center
garden,sp_cultural_center
germany,sp_cultural_center
girls,sp_cultural_center
he_lives_together,sp_cultural_center
headquarters,sp_cultural_center
hello,sp_cultural_center
hiking,sp_cultural_center
history,sp_cultural_center
hospital,sp_cultural_center
iglesia,sp_cultural_center
lande,sp_cultural_center
legends,sp_cultural_center
luci,sp_cultural_center
maritime,sp_cultural_center
market,sp_cultural_center
memorial,sp_cultural_center
mislata,sp_cultural_center
movement,sp_cultural_center
museum,sp_cultural_center
music,sp_cultural_center
night,sp_cultural_center
obstacle,sp_cultural_center
park,sp_cultural_center
paseo,sp_cultural_center
people,sp_cultural_center
perfumes,sp_cultural_center
piazza,sp_cultural_center
project,sp_cultural_center
restaurant,sp_cultural_center
scale,sp_cultural_center
sculpture,sp_cultural_center
sculptures,sp_cultural_center
sensations,sp_cultural_center
shop,sp_cultural_center
sole,sp_cultural_center
sorocaba,sp_cultural_center
sport,sp_cultural_center
steps,sp_cultural_center
streets,sp_cultural_center
temporary,sp_cultural_center
theater,sp_cultural_center
touch,sp_cultural_center
tram,sp_cultural_center
tranquillity,sp_cultural_center
tree,sp_cultural_center
university,sp_cultural_center
vaporetto,sp_cultural_center
venice,sp_cultural_center
vento,sp_cultural_center
vision,sp_cultural_center
voices,sp_cultural_center
work,sp_cultural_center
._reference,sports
accessible,sports
ambient_noise,sports
art,sports
audible_traffic_lights,sports
bar,sports
bells,sports
bike,sports
binary,sports
blindwiki,sports
carnevale,sports
caution,sports
crowded_environment,sports
culture,sports
dangerous,sports
dead,sports
description,sports
easter,sports
fish,sports
foundations,sports
friendship,sports
fruits,sports
garden,sports
germany,sports
girls,sports
headquarters,sports
hiking,sports
history,sports
hospital,sports
iglesia,sports
legends,sports
luci,sports
machine,sports
maritime,sports
market,sports
meeting,sports
memorial,sports
mislata,sports
movement,sports
museum,sports
music,sports
nature,sports
neighborhood,sports
night,sports
obstacle,sports
odor,sports
park,sports
paseo,sports
people,sports
perfumes,sports
piazza,sports
project,sports
rain,sports
restaurant,sports
scale,sports
sculpture,sports
sculptures,sports
shop,sports
sole,sports
sorocaba,sports
sport,sports
steps,sports
streets,sports
tactile,sports
temporary,sports
test,sports
theater,sports
touch,sports
tram,sports
tranquillity,sports
tree,sports
university,sports
vaporetto,sports
vento,sports
vision,sports
voices,sports
wells,sports
words_and_more,sports
._reference,spring
accessible,spring
ambient_noise,spring
audible_traffic_lights,spring
bells,spring
bike,spring
binary,spring
birds,spring
blindwiki,spring
bridges,spring
car,spring
carnevale,spring
caution,spring
crowded_environment,spring
culture,spring
dangerous,spring
description,spring
door,spring
easter,spring
foundations,spring
fruits,spring
garden,spring
germany,spring
he_lives_together,spring
hiking,spring
history,spring
legends,spring
library,spring
meeting,spring
memorial,spring
movement,spring
museum,spring
music,spring
nature,spring
neighborhood,spring
night,spring
park,spring
paseo,spring
people,spring
perfumes,spring
piazza,spring
project,spring
rain,spring
restaurant,spring
scale,spring
sculpture,spring
sculptures,spring
sensations,spring
shop,spring
sole,spring
sorocaba,spring
steps,spring
stop,spring
streets,spring
temporary,spring
test,spring
theater,spring
touch,spring
tram,spring
tranquillity,spring
tree,spring
turismo,spring
vento,spring
water,spring
wells,spring
words_and_more,spring
work,spring
33bienal,spritz
accessible,spritz
ambient_noise,spritz
audible_traffic_lights,spritz
bar,spritz
bells,spritz
bike,spritz
binary,spritz
blindwiki,spritz
bridges,spritz
car,spritz
caution,spritz
crowded_environment,spritz
culture,spritz
dangerous,spritz
dead,spritz
door,spritz
easter,spritz
fish,spritz
foundations,spritz
fruits,spritz
girls,spritz
he_lives_together,spritz
hello,spritz
history,spritz
hospital,spritz
iglesia,spritz
laramara,spritz
legends,spritz
library,spritz
luci,spritz
maritime,spritz
market,spritz
memorial,spritz
mislata,spritz
movement,spritz
museum,spritz
music,spritz
nature,spritz
neighborhood,spritz
night,spritz
obstacle,spritz
odor,spritz
people,spritz
piazza,spritz
rain,spritz
restaurant,spritz
sculpture,spritz
sculptures,spritz
sole,spritz
sorocaba,spritz
sport,spritz
steps,spritz
tactile,spritz
temporary,spritz
test,spritz
theater,spritz
touch,spritz
tram,spritz
turismo,spritz
vaporetto,spritz
venice,spritz
vento,spritz
vision,spritz
voices,spritz
water,spritz
work,spritz
._reference,squero
33bienal,squero
accessible,squero
ambient_noise,squero
art,squero
audible_traffic_lights,squero
bar,squero
bells,squero
bike,squero
binary,squero
birds,squero
blindwiki,squero
calle_closed,squero
car,squero
carnevale,squero
caution,squero
crowded_environment,squero
culture,squero
dangerous,squero
dead,squero
description,squero
door,squero
easter,squero
fish,squero
fruits,squero
garden,squero
girls,squero
he_lives_together,squero
headquarters,squero
hello,squero
history,squero
hospital,squero
iglesia,squero
lande,squero
laramara,squero
library,squero
machine,squero
market,squero
meeting,squero
memorial,squero
movement,squero
museum,squero
music,squero
nature,squero
neighborhood,squero
night,squero
obstacle,squero
park,squero
paseo,squero
people,squero
perfumes,squero
piazza,squero
rain,squero
restaurant,squero
scale,squero
sculptures,squero
sensations,squero
shop,squero
sole,squero
sorocaba,squero
sport,squero
stop,squero
tactile,squero
temporary,squero
test,squero
theater,squero
touch,squero
tram,squero
tranquillity,squero
tree,squero
turismo,squero
university,squero
vaporetto,squero
vento,squero
vision,squero
voices,squero
wall,squero
water,squero
wells,squero
words_and_more,squero
work,squero
._reference,stalls
33bienal,stalls
accessible,stalls
ambient_noise,stalls
art,stalls
audible_traffic_lights,stalls
bar,stalls
bells,stalls
binary,stalls
blindwiki,stalls
bridges,stalls
car,stalls
dangerous,stalls
dead,stalls
description,stalls
door,stalls
fish,stalls
foundations,stalls
friendship,stalls
fruits,stalls
germany,stalls
girls,stalls
headquarters,stalls
hello,stalls
hiking,stalls
history,stalls
hospital,stalls
iglesia,stalls
lande,stalls
laramara,stalls
legends,stalls
library,stalls
luci,stalls
machine,stalls
maritime,stalls
market,stalls
meeting,stalls
memorial,stalls
mislata,stalls
movement,stalls
museum,stalls
music,stalls
nature,stalls
night,stalls
obstacle,stalls
odor,stalls
park,stalls
paseo,stalls
perfumes,stalls
piazza,stalls
rain,stalls
restaurant,stalls
scale,stalls
sculpture,stalls
sculptures,stalls
sensations,stalls
shop,stalls
sorocaba,stalls
sport,stalls
steps,stalls
streets,stalls
tactile,stalls
temporary,stalls
test,stalls
theater,stalls
touch,stalls
tranquillity,stalls
tree,stalls
turismo,stalls
vaporetto,stalls
venice,stalls
vision,stalls
voices,stalls
wall,stalls
wells,stalls
words_and_more,stalls
work,stalls
._reference,statue
33bienal,statue
accessible,statue
ambient_noise,statue
audible_traffic_lights,statue
bar,statue
bells,statue
binary,statue
birds,statue
blindwiki,statue
calle_closed,statue
car,statue
caution,statue
crowded_environment,statue
culture,statue
dangerous,statue
dead,statue
fish,statue
foundations,statue
fruits,statue
garden,statue
germany,statue
girls,statue
he_lives_together,statue
headquarters,statue
hello,statue
history,statue
hospital,statue
lande,statue
laramara,statue
legends,statue
library,statue
luci,statue
maritime,statue
memorial,statue
museum,statue
music,statue
neighborhood,statue
night,statue
obstacle,statue
odor,statue
park,statue
paseo,statue
people,statue
perfumes,statue
project,statue
rain,statue
scale,statue
sculpture,statue
sculptures,statue
sensations,statue
shop,statue
sole,statue
sport,statue
steps,statue
stop,statue
tactile,statue
temporary,statue
test,statue
tram,statue
tranquillity,statue
tree,statue
turismo,statue
university,statue
vaporetto,statue
venice,statue
vento,statue
vision,statue
voices,statue
wall,statue
water,statue
wells,statue
words_and_more,statue
33bienal,stelenfeld
accessible,stelenfeld
ambient_noise,stelenfeld
art,stelenfeld
audible_traffic_lights,stelenfeld
bells,stelenfeld
birds,stelenfeld
blindwiki,stelenfeld
bridges,stelenfeld
car,stelenfeld
carnevale,stelenfeld
crowded_environment,stelenfeld
culture,stelenfeld
dangerous,stelenfeld
dead,stelenfeld
description,stelenfeld
door,stelenfeld
easter,stelenfeld
fish,stelenfeld
foundations,stelenfeld
friendship,stelenfeld
fruits,stelenfeld
garden,stelenfeld
headquarters,stelenfeld
hello,stelenfeld
hiking,stelenfeld
history,stelenfeld
hospital,stelenfeld
iglesia,stelenfeld
lande,stelenfeld
laramara,stelenfeld
library,stelenfeld
machine,stelenfeld
maritime,stelenfeld
meeting,stelenfeld
memorial,stelenfeld
mislata,stelenfeld
museum,stelenfeld
music,stelenfeld
nature,stelenfeld
obstacle,stelenfeld
park,stelenfeld
paseo,stelenfeld
project,stelenfeld
restaurant,stelenfeld
scale,stelenfeld
sculpture,stelenfeld
sculptures,stelenfeld
shop,stelenfeld
sole,stelenfeld
sport,stelenfeld
steps,stelenfeld
stop,stelenfeld
tactile,stelenfeld
temporary,stelenfeld
test,stelenfeld
theater,stelenfeld
touch,stelenfeld
tree,stelenfeld
venice,stelenfeld
vento,stelenfeld
vision,stelenfeld
water,stelenfeld
wells,stelenfeld
words_and_more,stelenfeld
work,stelenfeld
._reference,stones
33bienal,stones
accessible,stones
ambient_noise,stones
art,stones
bar,stones
bike,stones
binary,stones
blindwiki,stones
bridges,stones
calle_closed,stones
car,stones
carnevale,stones
caution,stones
crowded_environment,stones
dangerous,stones
dead,stones
door,stones
easter,stones
foundations,stones
friendship,stones
garden,stones
germany,stones
he_lives_together,stones
headquarters,stones
hiking,stones
history,stones
iglesia,stones
lande,stones
library,stones
machine,stones
market,stones
meeting,stones
memorial,stones
mislata,stones
museum,stones
odor,stones
paseo,stones
people,stones
perfumes,stones
project,stones
rain,stones
restaurant,stones
scale,stones
sculpture,stones
sculptures,stones
sole,stones
sorocaba,stones
stop,stones
streets,stones
tactile,stones
temporary,stones
theater,stones
touch,stones
tram,stones
tree,stones
turismo,stones
university,stones
vaporetto,stones
vento,stones
vision,stones
voices,stones
wall,stones
words_and_more,stones
work,stones
._reference,storm
33bienal,storm
accessible,storm
ambient_noise,storm
art,storm
audible_traffic_lights,storm
bells,storm
bike,storm
binary,storm
birds,storm
blindwiki,storm
bridges,storm
car,storm
carnevale,storm
culture,storm
dangerous,storm
dead,storm
description,storm
door,storm
fish,storm
foundations,storm
fruits,storm
garden,storm
germany,storm
girls,storm
he_lives_together,storm
headquarters,storm
hello,storm
hiking,storm
history,storm
hospital,storm
iglesia,storm
lande,storm
laramara,storm
legends,storm
library,storm
luci,storm
machine,storm
maritime,storm
market,storm
meeting,storm
memorial,storm
mislata,storm
movement,storm
nature,storm
neighborhood,storm
obstacle,storm
odor,storm
paseo,storm
people,storm
perfumes,storm
project,storm
rain,storm
restaurant,storm
scale,storm
sculptures,storm
sensations,storm
shop,storm
sole,storm
sorocaba,storm
sport,storm
stop,storm
streets,storm
tactile,storm
temporary,storm
test,storm
theater,storm
tram,storm
tranquillity,storm
tree,storm
turismo,storm
university,storm
venice,storm
vento,storm
vision,storm
voices,storm
wall,storm
water,storm
work,storm
accessible,strange_things
ambient_noise,strange_things
art,strange_things
audible_traffic_lights,strange_things
bar,strange_things
bells,strange_things
bike,strange_things
binary,strange_things
birds,strange_things
bridges,strange_things
calle_closed,strange_things
car,strange_things
carnevale,strange_things
caution,strange_things
crowded_environment,strange_things
dangerous,strange_things
door,strange_things
easter,strange_things
fish,strange_things
foundations,strange_things
friendship,strange_things
garden,strange_things
germany,strange_things
girls,strange_things
he_lives_together,strange_things
headquarters,strange_things
hiking,strange_things
hospital,strange_things
iglesia,strange_things
laramara,strange_things
legends,strange_things
library,strange_things
luci,strange_things
machine,strange_things
maritime,strange_things
meeting,strange_things
memorial,strange_things
mislata,strange_things
movement,strange_things
museum,strange_things
music,strange_things
nature,strange_things
neighborhood,strange_things
night,strange_things
obstacle,strange_things
odor,strange_things
paseo,strange_things
people,strange_things
perfumes,strange_things
piazza,strange_things
scale,strange_things
sculptures,strange_things
sensations,strange_things
shop,strange_things
sole,strange_things
sorocaba,strange_things
sport,strange_things
steps,strange_things
stop,strange_things
tactile,strange_things
temporary,strange_things
test,strange_things
theater,strange_things
touch,strange_things
tram,strange_things
tranquillity,strange_things
tree,strange_things
turismo,strange_things
university,strange_things
vaporetto,strange_things
venice,strange_things
vento,strange_things
vision,strange_things
voices,strange_things
wall,strange_things
water,strange_things
wells,strange_things
words_and_more,strange_things
work,strange_things
._reference,strawberry
33bienal,strawberry
accessible,strawberry
art,strawberry
audible_traffic_lights,strawberry
bar,strawberry
bells,strawberry
bike,strawberry
binary,strawberry
birds,strawberry
blindwiki,strawberry
bridges,strawberry
calle_closed,strawberry
car,strawberry
caution,strawberry
crowded_environment,strawberry
culture,strawberry
dead,strawberry
description,strawberry
easter,strawberry
fish,strawberry
foundations,strawberry
friendship,strawberry
garden,strawberry
germany,strawberry
girls,strawberry
he_lives_together,strawberry
headquarters,strawberry
hello,strawberry
hiking,strawberry
history,strawberry
hospital,strawberry
iglesia,strawberry
lande,strawberry
laramara,strawberry
legends,strawberry
library,strawberry
luci,strawberry
machine,strawberry
maritime,strawberry
market,strawberry
meeting,strawberry
memorial,strawberry
mislata,strawberry
museum,strawberry
music,strawberry
nature,strawberry
night,strawberry
obstacle,strawberry
odor,strawberry
park,strawberry
paseo,strawberry
people,strawberry
perfumes,strawberry
piazza,strawberry
project,strawberry
rain,strawberry
restaurant,strawberry
scale,strawberry
sculptures,strawberry
sensations,strawberry
shop,strawberry
sole,strawberry
sorocaba,strawberry
sport,strawberry
steps,strawberry
streets,strawberry
tactile,strawberry
temporary,strawberry
test,strawberry
theater,strawberry
touch,strawberry
tram,strawberry
tranquillity,strawberry
tree,strawberry
university,strawberry
vaporetto,strawberry
venice,strawberry
vision,strawberry
voices,strawberry
wall,strawberry
wells,strawberry
words_and_more,strawberry
._reference,street
33bienal,street
accessible,street
ambient_noise,street
art,street
audible_traffic_lights,street
bike,street
binary,street
birds,street
blindwiki,street
bridges,street
calle_closed,street
car,street
carnevale,street
caution,street
crowded_environment,street
culture,street
description,street
easter,street
fish,street
foundations,street
germany,street
girls,street
he_lives_together,street
headquarters,street
hiking,street
history,street
hospital,street
iglesia,street
lande,street
legends,street
library,street
luci,street
machine,street
market,street
meeting,street
museum,street
music,street
nature,street
neighborhood,street
odor,street
park,street
paseo,street
people,street
piazza,street
rain,street
restaurant,street
scale,street
sculpture,street
sculptures,street
shop,street
sole,street
sorocaba,street
sport,street
steps,street
streets,street
touch,street
tram,street
tranquillity,street
tree,street
turismo,street
university,street
vaporetto,street
venice,street
vento,street
vision,street
wall,street
water,street
wells,street
words_and_more,street
work,street
33bienal,street_art
accessible,street_art
ambient_noise,street_art
art,street_art
audible_traffic_lights,street_art
bar,street_art
bells,street_art
binary,street_art
blindwiki,street_art
bridges,street_art
calle_closed,street_art
car,street_art
caution,street_art
crowded_environment,street_art
culture,street_art
dangerous,street_art
description,street_art
door,street_art
easter,street_art
fish,street_art
foundations,street_art
headquarters,street_art
hello,street_art
hiking,street_art
history,street_art
hospital,street_art
iglesia,street_art
lande,street_art
laramara,street_art
legends,street_art
luci,street_art
machine,street_art
maritime,street_art
meeting,street_art
memorial,street_art
movement,street_art
museum,street_art
music,street_art
nature,street_art
neighborhood,street_art
night,street_art
obstacle,street_art
park,street_art
paseo,street_art
people,street_art
perfumes,street_art
project,street_art
sculpture,street_art
sculptures,street_art
sensations,street_art
shop,street_art
sole,street_art
sorocaba,street_art
sport,street_art
steps,street_art
stop,street_art
streets,street_art
tactile,street_art
temporary,street_art
test,street_art
theater,street_art
tram,street_art
tree,street_art
turismo,street_art
vaporetto,street_art
vento,street_art
vision,street_art
voices,street_art
wall,street_art
water,street_art
wells,street_art
work,street_art
._reference,street_artist
33bienal,street_artist
accessible,street_artist
ambient_noise,street_artist
audible_traffic_lights,street_artist
bar,street_artist
bells,street_artist
bike,street_artist
binary,street_artist
birds,street_artist
bridges,street_artist
calle_closed,street_artist
caution,street_artist
crowded_environment,street_artist
culture,street_artist
dangerous,street_artist
dead,street_artist
description,street_artist
door,street_artist
easter,street_artist
fish,street_artist
foundations,street_artist
friendship,street_artist
fruits,street_artist
garden,street_artist
germany,street_artist
girls,street_artist
he_lives_together,street_artist
headquarters,street_artist
hello,street_artist
history,street_artist
hospital,street_artist
iglesia,street_artist
lande,street_artist
laramara,street_artist
legends,street_artist
library,street_artist
luci,street_artist
machine,street_artist
maritime,street_artist
market,street_artist
meeting,street_artist
movement,street_artist
music,street_artist
night,street_artist
obstacle,street_artist
odor,street_artist
park,street_artist
paseo,street_artist
people,street_artist
perfumes,street_artist
piazza,street_artist
project,street_artist
rain,street_artist
restaurant,street_artist
scale,street_artist
sculpture,street_artist
sole,street_artist
sorocaba,street_artist
sport,street_artist
steps,street_artist
stop,street_artist
streets,street_artist
tactile,street_artist
test,street_artist
tranquillity,street_artist
tree,street_artist
turismo,street_artist
university,street_artist
vaporetto,street_artist
venice,street_artist
vision,street_artist
voices,street_artist
wall,street_artist
water,street_artist
wells,street_artist
words_and_more,street_artist
._reference,street_music
accessible,street_music
art,street_music
bar,street_music
bells,street_music
binary,street_music
birds,street_music
blindwiki,street_music
bridges,street_music
calle_closed,street_music
car,street_music
caution,street_music
crowded_environment,street_music
culture,street_music
dangerous,street_music
dead,street_music
description,street_music
door,street_music
easter,street_music
foundations,street_music
fruits,street_music
garden,street_music
germany,street_music
girls,street_music
headquarters,street_music
hello,street_music
hiking,street_music
history,street_music
iglesia,street_music
lande,street_music
laramara,street_music
legends,street_music
machine,street_music
maritime,street_music
market,street_music
meeting,street_music
memorial,street_music
mislata,street_music
music,street_music
night,street_music
odor,street_music
park,street_music
people,street_music
perfumes,street_music
project,street_music
restaurant,street_music
scale,street_music
sculpture,street_music
sculptures,street_music
sensations,street_music
shop,street_music
sport,street_music
steps,street_music
test,street_music
touch,street_music
tram,street_music
tranquillity,street_music
university,street_music
vaporetto,street_music
venice,street_music
vento,street_music
vision,street_music
voices,street_music
water,street_music
wells,street_music
words_and_more,street_music
work,street_music
33bienal,street_trading
accessible,street_trading
ambient_noise,street_trading
bar,street_trading
bells,street_trading
binary,street_trading
bridges,street_trading
calle_closed,street_trading
carnevale,street_trading
caution,street_trading
dangerous,street_trading
description,street_trading
door,street_trading
easter,street_trading
fish,street_trading
foundations,street_trading
friendship,street_trading
fruits,street_trading
garden,street_trading
germany,street_trading
he_lives_together,street_trading
hello,street_trading
hiking,street_trading
history,street_trading
hospital,street_trading
laramara,street_trading
legends,street_trading
library,street_trading
luci,street_trading
machine,street_trading
maritime,street_trading
market,street_trading
meeting,street_trading
memorial,street_trading
mislata,street_trading
movement,street_trading
museum,street_trading
music,street_trading
nature,street_trading
neighborhood,street_trading
obstacle,street_trading
park,street_trading
paseo,street_trading
piazza,street_trading
project,street_trading
rain,street_trading
restaurant,street_trading
scale,street_trading
sculptures,street_trading
sensations,street_trading
shop,street_trading
sole,street_trading
sport,street_trading
steps,street_trading
streets,street_trading
tactile,street_trading
temporary,street_trading
test,street_trading
theater,street_trading
touch,street_trading
tram,street_trading
tranquillity,street_trading
tree,street_trading
university,street_trading
vaporetto,street_trading
venice,street_trading
vento,street_trading
vision,street_trading
voices,street_trading
water,street_trading
words_and_more,street_trading
._reference,streets_for_everyone
33bienal,streets_for_everyone
accessible,streets_for_everyone
ambient_noise,streets_for_everyone
art,streets_for_everyone
audible_traffic_lights,streets_for_everyone
bells,streets_for_everyone
bike,streets_for_everyone
binary,streets_for_everyone
blindwiki,streets_for_everyone
bridges,streets_for_everyone
calle_closed,streets_for_everyone
car,streets_for_everyone
carnevale,streets_for_everyone
caution,streets_for_everyone
crowded_environment,streets_for_everyone
dangerous,streets_for_everyone
dead,streets_for_everyone
description,streets_for_everyone
easter,streets_for_everyone
fish,streets_for_everyone
foundations,streets_for_everyone
friendship,streets_for_everyone
fruits,streets_for_everyone
garden,streets_for_everyone
germany,streets_for_everyone
girls,streets_for_everyone
he_lives_together,streets_for_everyone
headquarters,streets_for_everyone
hello,streets_for_everyone
hiking,streets_for_everyone
hospital,streets_for_everyone
iglesia,streets_for_everyone
lande,streets_for_everyone
laramara,streets_for_everyone
legends,streets_for_everyone
library,streets_for_everyone
luci,streets_for_everyone
machine,streets_for_everyone
market,streets_for_everyone
meeting,streets_for_everyone
memorial,streets_for_everyone
mislata,streets_for_everyone
museum,streets_for_everyone
music,streets_for_everyone
nature,streets_for_everyone
neighborhood,streets_for_everyone
night,streets_for_everyone
obstacle,streets_for_everyone
paseo,streets_for_everyone
people,streets_for_everyone
perfumes,streets_for_everyone
piazza,streets_for_everyone
project,streets_for_everyone
restaurant,streets_for_everyone
scale,streets_for_everyone
sculpture,streets_for_everyone
sole,streets_for_everyone
sorocaba,streets_for_everyone
steps,streets_for_everyone
stop,streets_for_everyone
streets,streets_for_everyone
tactile,streets_for_everyone
test,streets_for_everyone
theater,streets_for_everyone
touch,streets_for_everyone
tranquillity,streets_for_everyone
tree,streets_for_everyone
university,streets_for_everyone
vaporetto,streets_for_everyone
vento,streets_for_everyone
vision,streets_for_everyone
voices,streets_for_everyone
wall,streets_for_everyone
water,streets_for_everyone
wells,streets_for_everyone
words_and_more,streets_for_everyone
work,streets_for_everyone
._reference,students
33bienal,students
accessible,students
art,students
audible_traffic_lights,students
bar,students
bells,students
bike,students
binary,students
birds,students
blindwiki,students
calle_closed,students
carnevale,students
caution,students
crowded_environment,students
culture,students
dead,students
description,students
easter,students
fish,students
foundations,students
friendship,students
fruits,students
girls,students
he_lives_together,students
history,students
hospital,students
lande,students
laramara,students
legends,students
library,students
luci,students
machine,students
maritime,students
market,students
mislata,students
music,students
nature,students
neighborhood,students
night,students
obstacle,students
odor,students
park,students
paseo,students
restaurant,students
scale,students
sculpture,students
sculptures,students
sensations,students
shop,students
sole,students
sorocaba,students
sport,students
steps,students
streets,students
tactile,students
temporary,students
test,students
theater,students
touch,students
tree,students
turismo,students
university,students
vento,students
vision,students
voices,students
wall,students
water,students
wells,students
words_and_more,students
work,students
33bienal,sugarcane_juice
accessible,sugarcane_juice
ambient_noise,sugarcane_juice
art,sugarcane_juice
audible_traffic_lights,sugarcane_juice
bar,sugarcane_juice
bells,sugarcane_juice
bike,sugarcane_juice
binary,sugarcane_juice
birds,sugarcane_juice
blindwiki,sugarcane_juice
bridges,sugarcane_juice
car,sugarcane_juice
carnevale,sugarcane_juice
crowded_environment,sugarcane_juice
dangerous,sugarcane_juice
description,sugarcane_juice
fish,sugarcane_juice
foundations,sugarcane_juice
friendship,sugarcane_juice
fruits,sugarcane_juice
garden,sugarcane_juice
germany,sugarcane_juice
girls,sugarcane_juice
he_lives_together,sugarcane_juice
headquarters,sugarcane_juice
hello,sugarcane_juice
hiking,sugarcane_juice
history,sugarcane_juice
hospital,sugarcane_juice
lande,sugarcane_juice
laramara,sugarcane_juice
legends,sugarcane_juice
machine,sugarcane_juice
maritime,sugarcane_juice
market,sugarcane_juice
movement,sugarcane_juice
museum,sugarcane_juice
music,sugarcane_juice
nature,sugarcane_juice
night,sugarcane_juice
odor,sugarcane_juice
people,sugarcane_juice
perfumes,sugarcane_juice
project,sugarcane_juice
rain,sugarcane_juice
sculpture,sugarcane_juice
sensations,sugarcane_juice
shop,sugarcane_juice
sport,sugarcane_juice
steps,sugarcane_juice
stop,sugarcane_juice
temporary,sugarcane_juice
test,sugarcane_juice
theater,sugarcane_juice
touch,sugarcane_juice
tram,sugarcane_juice
tranquillity,sugarcane_juice
tree,sugarcane_juice
turismo,sugarcane_juice
university,sugarcane_juice
vento,sugarcane_juice
vision,sugarcane_juice
wall,sugarcane_juice
water,sugarcane_juice
wells,sugarcane_juice
words_and_more,sugarcane_juice
._reference,supermarket
33bienal,supermarket
accessible,supermarket
ambient_noise,supermarket
art,supermarket
audible_traffic_lights,supermarket
bar,supermarket
bells,supermarket
bike,supermarket
binary,supermarket
birds,supermarket
blindwiki,supermarket
bridges,supermarket
calle_closed,supermarket
car,supermarket
carnevale,supermarket
caution,supermarket
crowded_environment,supermarket
culture,supermarket
dangerous,supermarket
dead,supermarket
description,supermarket
door,supermarket
easter,supermarket
fish,supermarket
foundations,supermarket
fruits,supermarket
germany,supermarket
girls,supermarket
he_lives_together,supermarket
headquarters,supermarket
hiking,supermarket
history,supermarket
hospital,supermarket
iglesia,supermarket
laramara,supermarket
luci,supermarket
maritime,supermarket
market,supermarket
meeting,supermarket
memorial,supermarket
mislata,supermarket
movement,supermarket
museum,supermarket
music,supermarket
nature,supermarket
neighborhood,supermarket
night,supermarket
obstacle,supermarket
odor,supermarket
park,supermarket
paseo,supermarket
perfumes,supermarket
piazza,supermarket
project,supermarket
rain,supermarket
restaurant,supermarket
scale,supermarket
sculpture,supermarket
sculptures,supermarket
shop,supermarket
sole,supermarket
sport,supermarket
steps,supermarket
stop,supermarket
streets,supermarket
test,supermarket
theater,supermarket
touch,supermarket
tram,supermarket
tree,supermarket
turismo,supermarket
venice,supermarket
vento,supermarket
vision,supermarket
voices,supermarket
wall,supermarket
water,supermarket
words_and_more,supermarket
work,supermarket
._reference,supermarkets
33bienal,supermarkets
accessible,supermarkets
ambient_noise,supermarkets
art,supermarkets
audible_traffic_lights,supermarkets
bar,supermarkets
bells,supermarkets
bike,supermarkets
binary,supermarkets
birds,supermarkets
blindwiki,supermarkets
bridges,supermarkets
calle_closed,supermarkets
carnevale,supermarkets
caution,supermarkets
crowded_environment,supermarkets
dangerous,supermarkets
dead,supermarkets
door,supermarkets
fish,supermarkets
foundations,supermarkets
friendship,supermarkets
fruits,supermarkets
garden,supermarkets
germany,supermarkets
girls,supermarkets
he_lives_together,supermarkets
headquarters,supermarkets
hello,supermarkets
hiking,supermarkets
history,supermarkets
hospital,supermarkets
iglesia,supermarkets
lande,supermarkets
legends,supermarkets
library,supermarkets
luci,supermarkets
machine,supermarkets
maritime,supermarkets
market,supermarkets
meeting,supermarkets
memorial,supermarkets
mislata,supermarkets
movement,supermarkets
museum,supermarkets
music,supermarkets
nature,supermarkets
neighborhood,supermarkets
night,supermarkets
obstacle,supermarkets
odor,supermarkets
park,supermarkets
paseo,supermarkets
people,supermarkets
perfumes,supermarkets
piazza,supermarkets
project,supermarkets
rain,supermarkets
restaurant,supermarkets
scale,supermarkets
sculpture,supermarkets
sculptures,supermarkets
sensations,supermarkets
shop,supermarkets
sole,supermarkets
sorocaba,supermarkets
sport,supermarkets
steps,supermarkets
stop,supermarkets
streets,supermarkets
tactile,supermarkets
temporary,supermarkets
test,supermarkets
theater,supermarkets
touch,supermarkets
tram,supermarkets
tranquillity,supermarkets
tree,supermarkets
turismo,supermarkets
university,supermarkets
vaporetto,supermarkets
venice,supermarkets
vento,supermarkets
vision,supermarkets
voices,supermarkets
wall,supermarkets
water,supermarkets
wells,supermarkets
words_and_more,supermarkets
work,supermarkets
._reference,sustainability
accessible,sustainability
ambient_noise,sustainability
art,sustainability
audible_traffic_lights,sustainability
bar,sustainability
bells,sustainability
bike,sustainability
binary,sustainability
birds,sustainability
blindwiki,sustainability
bridges,sustainability
calle_closed,sustainability
car,sustainability
caution,sustainability
crowded_environment,sustainability
culture,sustainability
dangerous,sustainability
dead,sustainability
description,sustainability
door,sustainability
easter,sustainability
fish,sustainability
foundations,sustainability
fruits,sustainability
garden,sustainability
germany,sustainability
headquarters,sustainability
hello,sustainability
hiking,sustainability
hospital,sustainability
lande,sustainability
legends,sustainability
library,sustainability
luci,sustainability
machine,sustainability
maritime,sustainability
market,sustainability
meeting,sustainability
memorial,sustainability
movement,sustainability
music,sustainability
neighborhood,sustainability
night,sustainability
obstacle,sustainability
odor,sustainability
park,sustainability
people,sustainability
perfumes,sustainability
piazza,sustainability
project,sustainability
rain,sustainability
restaurant,sustainability
scale,sustainability
sculpture,sustainability
sculptures,sustainability
sensations,sustainability
shop,sustainability
sole,sustainability
sorocaba,sustainability
sport,sustainability
steps,sustainability
stop,sustainability
streets,sustainability
tactile,sustainability
temporary,sustainability
test,sustainability
theater,sustainability
tranquillity,sustainability
tree,sustainability
turismo,sustainability
university,sustainability
venice,sustainability
vento,sustainability
vision,sustainability
voices,sustainability
wall,sustainability
water,sustainability
wells,sustainability
words_and_more,sustainability
work,sustainability
._reference,swimming_pools
33bienal,swimming_pools
ambient_noise,swimming_pools
art,swimming_pools
audible_traffic_lights,swimming_pools
bar,swimming_pools
bells,swimming_pools
bike,swimming_pools
binary,swimming_pools
birds,swimming_pools
car,swimming_pools
carnevale,swimming_pools
caution,swimming_pools
crowded_environment,swimming_pools
dead,swimming_pools
description,swimming_pools
door,swimming_pools
easter,swimming_pools
foundations,swimming_pools
fruits,swimming_pools
garden,swimming_pools
germany,swimming_pools
he_lives_together,swimming_pools
headquarters,swimming_pools
hiking,swimming_pools
history,swimming_pools
lande,swimming_pools
laramara,swimming_pools
legends,swimming_pools
luci,swimming_pools
machine,swimming_pools
maritime,swimming_pools
memorial,swimming_pools
museum,swimming_pools
music,swimming_pools
nature,swimming_pools
neighborhood,swimming_pools
night,swimming_pools
obstacle,swimming_pools
odor,swimming_pools
park,swimming_pools
paseo,swimming_pools
perfumes,swimming_pools
piazza,swimming_pools
rain,swimming_pools
scale,swimming_pools
sculpture,swimming_pools
sculptures,swimming_pools
sole,swimming_pools
sport,swimming_pools
steps,swimming_pools
tactile,swimming_pools
temporary,swimming_pools
test,swimming_pools
touch,swimming_pools
tram,swimming_pools
tree,swimming_pools
turismo,swimming_pools
university,swimming_pools
vaporetto,swimming_pools
vento,swimming_pools
vision,swimming_pools
voices,swimming_pools
wall,swimming_pools
water,swimming_pools
wells,swimming_pools
words_and_more,swimming_pools
work,swimming_pools
._reference,synagogue
33bienal,synagogue
accessible,synagogue
ambient_noise,synagogue
art,synagogue
audible_traffic_lights,synagogue
bar,synagogue
binary,synagogue
bridges,synagogue
calle_closed,synagogue
car,synagogue
carnevale,synagogue
caution,synagogue
crowded_environment,synagogue
dangerous,synagogue
dead,synagogue
description,synagogue
door,synagogue
easter,synagogue
fish,synagogue
foundations,synagogue
fruits,synagogue
germany,synagogue
headquarters,synagogue
hiking,synagogue
history,synagogue
hospital,synagogue
lande,synagogue
laramara,synagogue
legends,synagogue
luci,synagogue
machine,synagogue
market,synagogue
meeting,synagogue
memorial,synagogue
nature,synagogue
night,synagogue
obstacle,synagogue
park,synagogue
people,synagogue
perfumes,synagogue
project,synagogue
rain,synagogue
restaurant,synagogue
scale,synagogue
sculpture,synagogue
sculptures,synagogue
sensations,synagogue
sole,synagogue
steps,synagogue
stop,synagogue
tactile,synagogue
temporary,synagogue
test,synagogue
theater,synagogue
tram,synagogue
tree,synagogue
turismo,synagogue
university,synagogue
vaporetto,synagogue
vision,synagogue
voices,synagogue
wall,synagogue
wells,synagogue
words_and_more,synagogue
work,synagogue
._reference,são_paulo
33bienal,são_paulo
art,são_paulo
audible_traffic_lights,são_paulo
bells,são_paulo
birds,são_paulo
blindwiki,são_paulo
bridges,são_paulo
calle_closed,são_paulo
car,são_paulo
carnevale,são_paulo
culture,são_paulo
dead,são_paulo
description,são_paulo
easter,são_paulo
foundations,são_paulo
fruits,são_paulo
garden,são_paulo
germany,são_paulo
he_lives_together,são_paulo
headquarters,são_paulo
hello,são_paulo
hiking,são_paulo
history,são_paulo
iglesia,são_paulo
lande,são_paulo
laramara,são_paulo
legends,são_paulo
library,são_paulo
luci,são_paulo
machine,são_paulo
maritime,são_paulo
market,são_paulo
memorial,são_paulo
mislata,são_paulo
museum,são_paulo
music,são_paulo
nature,são_paulo
neighborhood,são_paulo
night,são_paulo
obstacle,são_paulo
odor,são_paulo
park,são_paulo
paseo,são_paulo
people,são_paulo
perfumes,são_paulo
rain,são_paulo
restaurant,são_paulo
scale,são_paulo
sculpture,são_paulo
sculptures,são_paulo
sensations,são_paulo
shop,são_paulo
sole,são_paulo
sport,são_paulo
stop,são_paulo
streets,são_paulo
tactile,são_paulo
temporary,são_paulo
test,são_paulo
theater,são_paulo
touch,são_paulo
tram,são_paulo
tranquillity,são_paulo
tree,são_paulo
turismo,são_paulo
university,são_paulo
vaporetto,são_paulo
vento,são_paulo
vision,são_paulo
voices,são_paulo
water,são_paulo
wells,são_paulo
words_and_more,são_paulo
work,são_paulo
._reference,tables
33bienal,tables
accessible,tables
ambient_noise,tables
art,tables
bar,tables
bells,tables
bike,tables
binary,tables
blindwiki,tables
bridges,tables
calle_closed,tables
car,tables
carnevale,tables
caution,tables
crowded_environment,tables
culture,tables
dangerous,tables
dead,tables
description,tables
door,tables
easter,tables
fish,tables
foundations,tables
friendship,tables
fruits,tables
garden,tables
girls,tables
he_lives_together,tables
headquarters,tables
hello,tables
hiking,tables
history,tables
hospital,tables
iglesia,tables
lande,tables
laramara,tables
legends,tables
library,tables
luci,tables
maritime,tables
market,tables
memorial,tables
mislata,tables
movement,tables
music,tables
nature,tables
neighborhood,tables
obstacle,tables
odor,tables
park,tables
paseo,tables
people,tables
piazza,tables
project,tables
rain,tables
restaurant,tables
scale,tables
sculptures,tables
sensations,tables
shop,tables
sole,tables
sport,tables
steps,tables
stop,tables
streets,tables
tactile,tables
temporary,tables
test,tables
theater,tables
touch,tables
tram,tables
turismo,tables
university,tables
vaporetto,tables
venice,tables
vento,tables
vision,tables
voices,tables
wall,tables
water,tables
._reference,tactile_floor_on_the_right
accessible,tactile_floor_on_the_right
ambient_noise,tactile_floor_on_the_right
art,tactile_floor_on_the_right
audible_traffic_lights,tactile_floor_on_the_right
bells,tactile_floor_on_the_right
bike,tactile_floor_on_the_right
birds,tactile_floor_on_the_right
bridges,tactile_floor_on_the_right
calle_closed,tactile_floor_on_the_right
car,tactile_floor_on_the_right
carnevale,tactile_floor_on_the_right
caution,tactile_floor_on_the_right
crowded_environment,tactile_floor_on_the_right
culture,tactile_floor_on_the_right
description,tactile_floor_on_the_right
door,tactile_floor_on_the_right
foundations,tactile_floor_on_the_right
friendship,tactile_floor_on_the_right
fruits,tactile_floor_on_the_right
germany,tactile_floor_on_the_right
girls,tactile_floor_on_the_right
headquarters,tactile_floor_on_the_right
hello,tactile_floor_on_the_right
hiking,tactile_floor_on_the_right
history,tactile_floor_on_the_right
hospital,tactile_floor_on_the_right
lande,tactile_floor_on_the_right
laramara,tactile_floor_on_the_right
legends,tactile_floor_on_the_right
library,tactile_floor_on_the_right
machine,tactile_floor_on_the_right
maritime,tactile_floor_on_the_right
market,tactile_floor_on_the_right
meeting,tactile_floor_on_the_right
memorial,tactile_floor_on_the_right
mislata,tactile_floor_on_the_right
museum,tactile_floor_on_the_right
music,tactile_floor_on_the_right
nature,tactile_floor_on_the_right
neighborhood,tactile_floor_on_the_right
night,tactile_floor_on_the_right
obstacle,tactile_floor_on_the_right
paseo,tactile_floor_on_the_right
people,tactile_floor_on_the_right
piazza,tactile_floor_on_the_right
project,tactile_floor_on_the_right
rain,tactile_floor_on_the_right
restaurant,tactile_floor_on_the_right
scale,tactile_floor_on_the_right
sculpture,tactile_floor_on_the_right
sensations,tactile_floor_on_the_right
shop,tactile_floor_on_the_right
sole,tactile_floor_on_the_right
sorocaba,tactile_floor_on_the_right
sport,tactile_floor_on_the_right
steps,tactile_floor_on_the_right
stop,tactile_floor_on_the_right
streets,tactile_floor_on_the_right
tactile,tactile_floor_on_the_right
theater,tactile_floor_on_the_right
touch,tactile_floor_on_the_right
tram,tactile_floor_on_the_right
tree,tactile_floor_on_the_right
turismo,tactile_floor_on_the_right
university,tactile_floor_on_the_right
vaporetto,tactile_floor_on_the_right
venice,tactile_floor_on_the_right
vento,tactile_floor_on_the_right
vision,tactile_floor_on_the_right
voices,tactile_floor_on_the_right
wall,tactile_floor_on_the_right
water,tactile_floor_on_the_right
wells,tactile_floor_on_the_right
words_and_more,tactile_floor_on_the_right
work,tactile_floor_on_the_right
33bienal,tactile_floors
accessible,tactile_floors
ambient_noise,tactile_floors
art,tactile_floors
audible_traffic_lights,tactile_floors
bar,tactile_floors
bells,tactile_floors
bike,tactile_floors
binary,tactile_floors
birds,tactile_floors
blindwiki,tactile_floors
calle_closed,tactile_floors
carnevale,tactile_floors
caution,tactile_floors
crowded_environment,tactile_floors
dead,tactile_floors
description,tactile_floors
door,tactile_floors
easter,tactile_floors
fish,tactile_floors
foundations,tactile_floors
friendship,tactile_floors
fruits,tactile_floors
garden,tactile_floors
germany,tactile_floors
girls,tactile_floors
he_lives_together,tactile_floors
headquarters,tactile_floors
hiking,tactile_floors
history,tactile_floors
hospital,tactile_floors
iglesia,tactile_floors
lande,tactile_floors
laramara,tactile_floors
legends,tactile_floors
library,tactile_floors
machine,tactile_floors
maritime,tactile_floors
market,tactile_floors
memorial,tactile_floors
museum,tactile_floors
music,tactile_floors
nature,tactile_floors
night,tactile_floors
odor,tactile_floors
park,tactile_floors
paseo,tactile_floors
people,tactile_floors
project,tactile_floors
rain,tactile_floors
restaurant,tactile_floors
scale,tactile_floors
sculpture,tactile_floors
sculptures,tactile_floors
shop,tactile_floors
sole,tactile_floors
sorocaba,tactile_floors
sport,tactile_floors
stop,tactile_floors
streets,tactile_floors
tactile,tactile_floors
temporary,tactile_floors
touch,tactile_floors
tram,tactile_floors
tree,tactile_floors
turismo,tactile_floors
university,tactile_floors
venice,tactile_floors
vento,tactile_floors
vision,tactile_floors
voices,tactile_floors
wall,tactile_floors
water,tactile_floors
wells,tactile_floors
words_and_more,tactile_floors
work,tactile_floors
._reference,tactile_maps
33bienal,tactile_maps
accessible,tactile_maps
art,tactile_maps
audible_traffic_lights,tactile_maps
bells,tactile_maps
bike,tactile_maps
binary,tactile_maps
birds,tactile_maps
blindwiki,tactile_maps
bridges,tactile_maps
calle_closed,tactile_maps
carnevale,tactile_maps
crowded_environment,tactile_maps
culture,tactile_maps
dangerous,tactile_maps
dead,tactile_maps
description,tactile_maps
door,tactile_maps
easter,tactile_maps
fish,tactile_maps
foundations,tactile_maps
fruits,tactile_maps
garden,tactile_maps
germany,tactile_maps
girls,tactile_maps
headquarters,tactile_maps
hello,tactile_maps
hiking,tactile_maps
history,tactile_maps
hospital,tactile_maps
iglesia,tactile_maps
lande,tactile_maps
laramara,tactile_maps
legends,tactile_maps
library,tactile_maps
luci,tactile_maps
market,tactile_maps
meeting,tactile_maps
mislata,tactile_maps
movement,tactile_maps
neighborhood,tactile_maps
night,tactile_maps
odor,tactile_maps
park,tactile_maps
paseo,tactile_maps
people,tactile_maps
perfumes,tactile_maps
piazza,tactile_maps
project,tactile_maps
rain,tactile_maps
sculpture,tactile_maps
sculptures,tactile_maps
sensations,tactile_maps
shop,tactile_maps
sorocaba,tactile_maps
steps,tactile_maps
stop,tactile_maps
streets,tactile_maps
tactile,tactile_maps
temporary,tactile_maps
theater,tactile_maps
tranquillity,tactile_maps
tree,tactile_maps
turismo,tactile_maps
university,tactile_maps
vaporetto,tactile_maps
venice,tactile_maps
vento,tactile_maps
vision,tactile_maps
wall,tactile_maps
water,tactile_maps
wells,tactile_maps
._reference,targa
accessible,targa
ambient_noise,targa
audible_traffic_lights,targa
bells,targa
bike,targa
binary,targa
birds,targa
blindwiki,targa
bridges,targa
car,targa
carnevale,targa
crowded_environment,targa
culture,targa
dangerous,targa
dead,targa
description,targa
door,targa
easter,targa
fish,targa
foundations,targa
fruits,targa
germany,targa
girls,targa
he_lives_together,targa
headquarters,targa
hello,targa
hiking,targa
history,targa
iglesia,targa
lande,targa
legends,targa
luci,targa
machine,targa
meeting,targa
memorial,targa
mislata,targa
music,targa
neighborhood,targa
night,targa
obstacle,targa
odor,targa
park,targa
paseo,targa
people,targa
rain,targa
restaurant,targa
scale,targa
sculpture,targa
sensations,targa
shop,targa
sole,targa
sorocaba,targa
sport,targa
stop,targa
streets,targa
tactile,targa
temporary,targa
theater,targa
touch,targa
tram,targa
tranquillity,targa
turismo,targa
university,targa
vaporetto,targa
venice,targa
vento,targa
vision,targa
wall,targa
water,targa
wells,targa
words_and_more,targa
._reference,taste_festival
33bienal,taste_festival
accessible,taste_festival
ambient_noise,taste_festival
art,taste_festival
audible_traffic_lights,taste_festival
bar,taste_festival
bells,taste_festival
bike,taste_festival
binary,taste_festival
birds,taste_festival
blindwiki,taste_festival
bridges,taste_festival
car,taste_festival
carnevale,taste_festival
caution,taste_festival
culture,taste_festival
dead,taste_festival
description,taste_festival
door,taste_festival
fish,taste_festival
foundations,taste_festival
friendship,taste_festival
fruits,taste_festival
garden,taste_festival
germany,taste_festival
girls,taste_festival
headquarters,taste_festival
hello,taste_festival
hiking,taste_festival
iglesia,taste_festival
lande,taste_festival
library,taste_festival
machine,taste_festival
maritime,taste_festival
market,taste_festival
meeting,taste_festival
memorial,taste_festival
movement,taste_festival
music,taste_festival
nature,taste_festival
night,taste_festival
odor,taste_festival
park,taste_festival
paseo,taste_festival
people,taste_festival
perfumes,taste_festival
piazza,taste_festival
project,taste_festival
restaurant,taste_festival
scale,taste_festival
sculpture,taste_festival
sculptures,taste_festival
sensations,taste_festival
sole,taste_festival
sorocaba,taste_festival
stop,taste_festival
streets,taste_festival
tactile,taste_festival
temporary,taste_festival
test,taste_festival
theater,taste_festival
touch,taste_festival
tranquillity,taste_festival
tree,taste_festival
turismo,taste_festival
university,taste_festival
vaporetto,taste_festival
venice,taste_festival
vento,taste_festival
vision,taste_festival
water,taste_festival
wells,taste_festival
words_and_more,taste_festival
work,taste_festival
._reference,taxi_stop
accessible,taxi_stop
audible_traffic_lights,taxi_stop
bar,taxi_stop
bells,taxi_stop
bike,taxi_stop
binary,taxi_stop
birds,taxi_stop
calle_closed,taxi_stop
car,taxi_stop
carnevale,taxi_stop
crowded_environment,taxi_stop
culture,taxi_stop
dangerous,taxi_stop
dead,taxi_stop
description,taxi_stop
door,taxi_stop
fish,taxi_stop
foundations,taxi_stop
fruits,taxi_stop
garden,taxi_stop
germany,taxi_stop
girls,taxi_stop
he_lives_together,taxi_stop
headquarters,taxi_stop
hiking,taxi_stop
history,taxi_stop
hospital,taxi_stop
lande,taxi_stop
laramara,taxi_stop
legends,taxi_stop
library,taxi_stop
luci,taxi_stop
machine,taxi_stop
maritime,taxi_stop
market,taxi_stop
meeting,taxi_stop
mislata,taxi_stop
movement,taxi_stop
museum,taxi_stop
music,taxi_stop
nature,taxi_stop
neighborhood,taxi_stop
night,taxi_stop
obstacle,taxi_stop
odor,taxi_stop
park,taxi_stop
paseo,taxi_stop
people,taxi_stop
perfumes,taxi_stop
piazza,taxi_stop
project,taxi_stop
rain,taxi_stop
restaurant,taxi_stop
sculpture,taxi_stop
sculptures,taxi_stop
sensations,taxi_stop
sole,taxi_stop
sorocaba,taxi_stop
steps,taxi_stop
streets,taxi_stop
tactile,taxi_stop
temporary,taxi_stop
test,taxi_stop
theater,taxi_stop
touch,taxi_stop
tram,taxi_stop
tranquillity,taxi_stop
tree,taxi_stop
university,taxi_stop
vaporetto,taxi_stop
venice,taxi_stop
vento,taxi_stop
vision,taxi_stop
voices,taxi_stop
wall,taxi_stop
wells,taxi_stop
words_and_more,taxi_stop
work,taxi_stop
33bienal,tennis_court
accessible,tennis_court
ambient_noise,tennis_court
art,tennis_court
audible_traffic_lights,tennis_court
bar,tennis_court
bike,tennis_court
binary,tennis_court
birds,tennis_court
blindwiki,tennis_court
bridges,tennis_court
car,tennis_court
carnevale,tennis_court
caution,tennis_court
culture,tennis_court
dangerous,tennis_court
dead,tennis_court
description,tennis_court
door,tennis_court
easter,tennis_court
fish,tennis_court
foundations,tennis_court
friendship,tennis_court
fruits,tennis_court
garden,tennis_court
germany,tennis_court
girls,tennis_court
he_lives_together,tennis_court
headquarters,tennis_court
hiking,tennis_court
history,tennis_court
hospital,tennis_court
iglesia,tennis_court
lande,tennis_court
laramara,tennis_court
legends,tennis_court
library,tennis_court
luci,tennis_court
market,tennis_court
meeting,tennis_court
memorial,tennis_court
mislata,tennis_court
movement,tennis_court
music,tennis_court
nature,tennis_court
neighborhood,tennis_court
night,tennis_court
odor,tennis_court
park,tennis_court
paseo,tennis_court
people,tennis_court
perfumes,tennis_court
rain,tennis_court
restaurant,tennis_court
sculpture,tennis_court
sculptures,tennis_court
sensations,tennis_court
shop,tennis_court
sole,tennis_court
sorocaba,tennis_court
sport,tennis_court
steps,tennis_court
stop,tennis_court
streets,tennis_court
tactile,tennis_court
temporary,tennis_court
test,tennis_court
theater,tennis_court
touch,tennis_court
tram,tennis_court
tranquillity,tennis_court
tree,tennis_court
turismo,tennis_court
university,tennis_court
vaporetto,tennis_court
venice,tennis_court
vento,tennis_court
vision,tennis_court
voices,tennis_court
wall,tennis_court
words_and_more,tennis_court
work,tennis_court
33bienal,terrace
accessible,terrace
ambient_noise,terrace
art,terrace
audible_traffic_lights,terrace
bar,terrace
bells,terrace
binary,terrace
birds,terrace
blindwiki,terrace
bridges,terrace
calle_closed,terrace
car,terrace
carnevale,terrace
caution,terrace
dangerous,terrace
dead,terrace
door,terrace
easter,terrace
fish,terrace
foundations,terrace
friendship,terrace
garden,terrace
germany,terrace
girls,terrace
headquarters,terrace
hello,terrace
hiking,terrace
history,terrace
hospital,terrace
iglesia,terrace
lande,terrace
laramara,terrace
legends,terrace
luci,terrace
machine,terrace
maritime,terrace
market,terrace
meeting,terrace
memorial,terrace
mislata,terrace
movement,terrace
museum,terrace
music,terrace
nature,terrace
neighborhood,terrace
night,terrace
obstacle,terrace
paseo,terrace
people,terrace
restaurant,terrace
scale,terrace
sculptures,terrace
sensations,terrace
sorocaba,terrace
sport,terrace
steps,terrace
stop,terrace
streets,terrace
temporary,terrace
tranquillity,terrace
tree,terrace
turismo,terrace
university,terrace
vaporetto,terrace
venice,terrace
vento,terrace
vision,terrace
voices,terrace
wall,terrace
water,terrace
wells,terrace
words_and_more,terrace
work,terrace
ambient_noise,testapipi
bar,testapipi
bike,testapipi
binary,testapipi
birds,testapipi
blindwiki,testapipi
calle_closed,testapipi
car,testapipi
carnevale,testapipi
caution,testapipi
crowded_environment,testapipi
culture,testapipi
dead,testapipi
description,testapipi
door,testapipi
fish,testapipi
foundations,testapipi
friendship,testapipi
fruits,testapipi
girls,testapipi
he_lives_together,testapipi
hello,testapipi
hiking,testapipi
history,testapipi
hospital,testapipi
lande,testapipi
legends,testapipi
luci,testapipi
machine,testapipi
maritime,testapipi
market,testapipi
meeting,testapipi
mislata,testapipi
movement,testapipi
museum,testapipi
music,testapipi
nature,testapipi
night,testapipi
odor,testapipi
park,testapipi
paseo,testapipi
people,testapipi
perfumes,testapipi
piazza,testapipi
rain,testapipi
scale,testapipi
sculpture,testapipi
sensations,testapipi
sole,testapipi
sorocaba,testapipi
sport,testapipi
stop,testapipi
tactile,testapipi
temporary,testapipi
tranquillity,testapipi
tree,testapipi
turismo,testapipi
university,testapipi
vaporetto,testapipi
venice,testapipi
vision,testapipi
wall,testapipi
water,testapipi
wells,testapipi
words_and_more,testapipi
work,testapipi
._reference,testimonial
33bienal,testimonial
accessible,testimonial
art,testimonial
audible_traffic_lights,testimonial
bar,testimonial
bells,testimonial
bike,testimonial
binary,testimonial
blindwiki,testimonial
carnevale,testimonial
caution,testimonial
culture,testimonial
dangerous,testimonial
dead,testimonial
description,testimonial
fish,testimonial
foundations,testimonial
friendship,testimonial
fruits,testimonial
girls,testimonial
headquarters,testimonial
hiking,testimonial
history,testimonial
iglesia,testimonial
laramara,testimonial
legends,testimonial
library,testimonial
luci,testimonial
machine,testimonial
maritime,testimonial
market,testimonial
meeting,testimonial
memorial,testimonial
mislata,testimonial
museum,testimonial
music,testimonial
nature,testimonial
neighborhood,testimonial
night,testimonial
obstacle,testimonial
odor,testimonial
park,testimonial
people,testimonial
piazza,testimonial
project,testimonial
rain,testimonial
restaurant,testimonial
sculpture,testimonial
sculptures,testimonial
sensations,testimonial
shop,testimonial
sole,testimonial
sorocaba,testimonial
sport,testimonial
steps,testimonial
stop,testimonial
temporary,testimonial
test,testimonial
theater,testimonial
tram,testimonial
tranquillity,testimonial
tree,testimonial
turismo,testimonial
university,testimonial
vaporetto,testimonial
vento,testimonial
wall,testimonial
water,testimonial
wells,testimonial
words_and_more,testimonial
work,testimonial
accessible,testing
ambient_noise,testing
art,testing
bar,testing
bells,testing
bike,testing
binary,testing
birds,testing
bridges,testing
calle_closed,testing
caution,testing
crowded_environment,testing
dead,testing
description,testing
door,testing
easter,testing
fish,testing
foundations,testing
fruits,testing
garden,testing
girls,testing
he_lives_together,testing
headquarters,testing
hello,testing
hiking,testing
iglesia,testing
laramara,testing
legends,testing
library,testing
luci,testing
machine,testing
maritime,testing
market,testing
meeting,testing
memorial,testing
mislata,testing
movement,testing
museum,testing
music,testing
nature,testing
neighborhood,testing
night,testing
obstacle,testing
odor,testing
paseo,testing
people,testing
perfumes,testing
piazza,testing
project,testing
restaurant,testing
scale,testing
sculpture,testing
sculptures,testing
sensations,testing
shop,testing
sole,testing
sport,testing
steps,testing
stop,testing
streets,testing
tactile,testing
temporary,testing
test,testing
touch,testing
tram,testing
tranquillity,testing
tree,testing
turismo,testing
university,testing
vaporetto,testing
venice,testing
vision,testing
voices,testing
wall,testing
water,testing
wells,testing
words_and_more,testing
work,testing
._reference,textures
accessible,textures
ambient_noise,textures
audible_traffic_lights,textures
bar,textures
birds,textures
carnevale,textures
caution,textures
crowded_environment,textures
culture,textures
dangerous,textures
dead,textures
description,textures
door,textures
easter,textures
fish,textures
foundations,textures
friendship,textures
fruits,textures
garden,textures
he_lives_together,textures
hello,textures
hiking,textures
history,textures
hospital,textures
iglesia,textures
lande,textures
laramara,textures
legends,textures
library,textures
luci,textures
machine,textures
maritime,textures
market,textures
meeting,textures
mislata,textures
movement,textures
museum,textures
music,textures
nature,textures
neighborhood,textures
obstacle,textures
odor,textures
park,textures
perfumes,textures
piazza,textures
project,textures
restaurant,textures
scale,textures
sculpture,textures
sculptures,textures
sensations,textures
shop,textures
sole,textures
sorocaba,textures
sport,textures
steps,textures
stop,textures
streets,textures
tactile,textures
temporary,textures
theater,textures
tranquillity,textures
tree,textures
turismo,textures
university,textures
vaporetto,textures
venice,textures
vento,textures
vision,textures
wall,textures
water,textures
wells,textures
words_and_more,textures
work,textures
33bienal,thanks
ambient_noise,thanks
art,thanks
bells,thanks
binary,thanks
birds,thanks
bridges,thanks
calle_closed,thanks
carnevale,thanks
caution,thanks
crowded_environment,thanks
culture,thanks
dead,thanks
description,thanks
easter,thanks
fish,thanks
foundations,thanks
friendship,thanks
fruits,thanks
garden,thanks
germany,thanks
girls,thanks
headquarters,thanks
hello,thanks
hiking,thanks
hospital,thanks
iglesia,thanks
lande,thanks
laramara,thanks
legends,thanks
luci,thanks
maritime,thanks
market,thanks
meeting,thanks
memorial,thanks
mislata,thanks
movement,thanks
music,thanks
nature,thanks
neighborhood,thanks
night,thanks
odor,thanks
paseo,thanks
people,thanks
perfumes,thanks
piazza,thanks
project,thanks
rain,thanks
restaurant,thanks
scale,thanks
sculpture,thanks
sculptures,thanks
sensations,thanks
shop,thanks
sole,thanks
sorocaba,thanks
sport,thanks
steps,thanks
stop,thanks
test,thanks
touch,thanks
tram,thanks
tranquillity,thanks
turismo,thanks
vision,thanks
voices,thanks
wells,thanks
work,thanks
._reference,the_first_valencia_xi
33bienal,the_first_valencia_xi
ambient_noise,the_first_valencia_xi
art,the_first_valencia_xi
audible_traffic_lights,the_first_valencia_xi
bar,the_first_valencia_xi
bells,the_first_valencia_xi
bike,the_first_valencia_xi
binary,the_first_valencia_xi
birds,the_first_valencia_xi
blindwiki,the_first_valencia_xi
bridges,the_first_valencia_xi
calle_closed,the_first_valencia_xi
carnevale,the_first_valencia_xi
caution,the_first_valencia_xi
culture,the_first_valencia_xi
dead,the_first_valencia_xi
description,the_first_valencia_xi
door,the_first_valencia_xi
easter,the_first_valencia_xi
fish,the_first_valencia_xi
foundations,the_first_valencia_xi
friendship,the_first_valencia_xi
fruits,the_first_valencia_xi
garden,the_first_valencia_xi
germany,the_first_valencia_xi
girls,the_first_valencia_xi
headquarters,the_first_valencia_xi
hello,the_first_valencia_xi
hiking,the_first_valencia_xi
history,the_first_valencia_xi
hospital,the_first_valencia_xi
iglesia,the_first_valencia_xi
laramara,the_first_valencia_xi
library,the_first_valencia_xi
luci,the_first_valencia_xi
machine,the_first_valencia_xi
maritime,the_first_valencia_xi
market,the_first_valencia_xi
meeting,the_first_valencia_xi
memorial,the_first_valencia_xi
mislata,the_first_valencia_xi
movement,the_first_valencia_xi
music,the_first_valencia_xi
nature,the_first_valencia_xi
neighborhood,the_first_valencia_xi
night,the_first_valencia_xi
obstacle,the_first_valencia_xi
odor,the_first_valencia_xi
park,the_first_valencia_xi
paseo,the_first_valencia_xi
piazza,the_first_valencia_xi
rain,the_first_valencia_xi
scale,the_first_valencia_xi
sculpture,the_first_valencia_xi
sculptures,the_first_valencia_xi
sensations,the_first_valencia_xi
shop,the_first_valencia_xi
sole,the_first_valencia_xi
sport,the_first_valencia_xi
steps,the_first_valencia_xi
stop,the_first_valencia_xi
streets,the_first_valencia_xi
tactile,the_first_valencia_xi
temporary,the_first_valencia_xi
test,the_first_valencia_xi
theater,the_first_valencia_xi
touch,the_first_valencia_xi
tram,the_first_valencia_xi
tranquillity,the_first_valencia_xi
tree,the_first_valencia_xi
turismo,the_first_valencia_xi
university,the_first_valencia_xi
vaporetto,the_first_valencia_xi
venice,the_first_valencia_xi
vento,the_first_valencia_xi
vision,the_first_valencia_xi
voices,the_first_valencia_xi
wall,the_first_valencia_xi
water,the_first_valencia_xi
wells,the_first_valencia_xi
words_and_more,the_first_valencia_xi
work,the_first_valencia_xi
33bienal,time
accessible,time
ambient_noise,time
art,time
bar,time
binary,time
birds,time
blindwiki,time
bridges,time
calle_closed,time
car,time
carnevale,time
caution,time
crowded_environment,time
culture,time
dangerous,time
description,time
door,time
fish,time
foundations,time
fruits,time
garden,time
germany,time
girls,time
he_lives_together,time
hello,time
hiking,time
history,time
hospital,time
iglesia,time
lande,time
legends,time
library,time
luci,time
machine,time
market,time
meeting,time
memorial,time
mislata,time
movement,time
museum,time
music,time
nature,time
neighborhood,time
night,time
obstacle,time
odor,time
park,time
paseo,time
people,time
perfumes,time
piazza,time
project,time
rain,time
restaurant,time
scale,time
sculpture,time
shop,time
sole,time
sport,time
steps,time
stop,time
streets,time
tactile,time
temporary,time
test,time
theater,time
touch,time
tram,time
tranquillity,time
tree,time
turismo,time
university,time
vaporetto,time
venice,time
vision,time
voices,time
wall,time
wells,time
words_and_more,time
work,time
._reference,to_suffer_inwardly
33bienal,to_suffer_inwardly
accessible,to_suffer_inwardly
ambient_noise,to_suffer_inwardly
audible_traffic_lights,to_suffer_inwardly
bar,to_suffer_inwardly
bells,to_suffer_inwardly
bike,to_suffer_inwardly
binary,to_suffer_inwardly
birds,to_suffer_inwardly
bridges,to_suffer_inwardly
calle_closed,to_suffer_inwardly
car,to_suffer_inwardly
carnevale,to_suffer_inwardly
caution,to_suffer_inwardly
crowded_environment,to_suffer_inwardly
dangerous,to_suffer_inwardly
foundations,to_suffer_inwardly
friendship,to_suffer_inwardly
fruits,to_suffer_inwardly
garden,to_suffer_inwardly
germany,to_suffer_inwardly
he_lives_together,to_suffer_inwardly
headquarters,to_suffer_inwardly
hiking,to_suffer_inwardly
history,to_suffer_inwardly
hospital,to_suffer_inwardly
iglesia,to_suffer_inwardly
lande,to_suffer_inwardly
legends,to_suffer_inwardly
library,to_suffer_inwardly
luci,to_suffer_inwardly
maritime,to_suffer_inwardly
meeting,to_suffer_inwardly
memorial,to_suffer_inwardly
movement,to_suffer_inwardly
music,to_suffer_inwardly
nature,to_suffer_inwardly
neighborhood,to_suffer_inwardly
night,to_suffer_inwardly
obstacle,to_suffer_inwardly
park,to_suffer_inwardly
paseo,to_suffer_inwardly
people,to_suffer_inwardly
perfumes,to_suffer_inwardly
piazza,to_suffer_inwardly
project,to_suffer_inwardly
rain,to_suffer_inwardly
scale,to_suffer_inwardly
sculpture,to_suffer_inwardly
sculptures,to_suffer_inwardly
sensations,to_suffer_inwardly
sole,to_suffer_inwardly
sorocaba,to_suffer_inwardly
sport,to_suffer_inwardly
steps,to_suffer_inwardly
stop,to_suffer_inwardly
streets,to_suffer_inwardly
tactile,to_suffer_inwardly
temporary,to_suffer_inwardly
theater,to_suffer_inwardly
touch,to_suffer_inwardly
tram,to_suffer_inwardly
tree,to_suffer_inwardly
vaporetto,to_suffer_inwardly
venice,to_suffer_inwardly
vento,to_suffer_inwardly
wall,to_suffer_inwardly
water,to_suffer_inwardly
wells,to_suffer_inwardly
work,to_suffer_inwardly
._reference,tobacco
33bienal,tobacco
accessible,tobacco
ambient_noise,tobacco
art,tobacco
bar,tobacco
bells,tobacco
binary,tobacco
birds,tobacco
blindwiki,tobacco
bridges,tobacco
calle_closed,tobacco
car,tobacco
carnevale,tobacco
caution,tobacco
crowded_environment,tobacco
culture,tobacco
dangerous,tobacco
description,tobacco
door,tobacco
easter,tobacco
fish,tobacco
friendship,tobacco
fruits,tobacco
germany,tobacco
girls,tobacco
he_lives_together,tobacco
headquarters,tobacco
hiking,tobacco
history,tobacco
hospital,tobacco
iglesia,tobacco
lande,tobacco
laramara,tobacco
legends,tobacco
library,tobacco
machine,tobacco
market,tobacco
meeting,tobacco
mislata,tobacco
movement,tobacco
music,tobacco
nature,tobacco
neighborhood,tobacco
night,tobacco
obstacle,tobacco
odor,tobacco
park,tobacco
paseo,tobacco
people,tobacco
perfumes,tobacco
piazza,tobacco
project,tobacco
rain,tobacco
restaurant,tobacco
scale,tobacco
sculpture,tobacco
sculptures,tobacco
sensations,tobacco
shop,tobacco
sole,tobacco
sorocaba,tobacco
sport,tobacco
steps,tobacco
stop,tobacco
streets,tobacco
tactile,tobacco
temporary,tobacco
theater,tobacco
touch,tobacco
tram,tobacco
tranquillity,tobacco
tree,tobacco
turismo,tobacco
university,tobacco
vaporetto,tobacco
venice,tobacco
vento,tobacco
vision,tobacco
water,tobacco
words_and_more,tobacco
work,tobacco
._reference,toilette
33bienal,toilette
accessible,toilette
ambient_noise,toilette
audible_traffic_lights,toilette
bar,toilette
bells,toilette
bike,toilette
binary,toilette
birds,toilette
bridges,toilette
car,toilette
caution,toilette
crowded_environment,toilette
culture,toilette
dead,toilette
description,toilette
door,toilette
easter,toilette
fish,toilette
foundations,toilette
friendship,toilette
fruits,toilette
germany,toilette
girls,toilette
headquarters,toilette
hiking,toilette
history,toilette
hospital,toilette
iglesia,toilette
laramara,toilette
library,toilette
luci,toilette
machine,toilette
maritime,toilette
market,toilette
meeting,toilette
mislata,toilette
movement,toilette
museum,toilette
night,toilette
paseo,toilette
people,toilette
piazza,toilette
rain,toilette
restaurant,toilette
sculpture,toilette
sculptures,toilette
sensations,toilette
sole,toilette
sport,toilette
steps,toilette
stop,toilette
streets,toilette
temporary,toilette
test,toilette
theater,toilette
touch,toilette
tranquillity,toilette
tree,toilette
turismo,toilette
university,toilette
vaporetto,toilette
vision,toilette
voices,toilette
wall,toilette
wells,toilette
words_and_more,toilette
work,toilette
33bienal,torres_quart
accessible,torres_quart
ambient_noise,torres_quart
art,torres_quart
audible_traffic_lights,torres_quart
bells,torres_quart
bike,torres_quart
blindwiki,torres_quart
bridges,torres_quart
caution,torres_quart
crowded_environment,torres_quart
culture,torres_quart
dangerous,torres_quart
dead,torres_quart
description,torres_quart
door,torres_quart
easter,torres_quart
foundations,torres_quart
friendship,torres_quart
fruits,torres_quart
germany,torres_quart
he_lives_together,torres_quart
hiking,torres_quart
history,torres_quart
hospital,torres_quart
iglesia,torres_quart
lande,torres_quart
laramara,torres_quart
legends,torres_quart
library,torres_quart
machine,torres_quart
maritime,torres_quart
market,torres_quart
meeting,torres_quart
memorial,torres_quart
mislata,torres_quart
movement,torres_quart
museum,torres_quart
music,torres_quart
nature,torres_quart
neighborhood,torres_quart
night,torres_quart
obstacle,torres_quart
odor,torres_quart
park,torres_quart
perfumes,torres_quart
piazza,torres_quart
project,torres_quart
restaurant,torres_quart
scale,torres_quart
sculpture,torres_quart
sculptures,torres_quart
sensations,torres_quart
sole,torres_quart
stop,torres_quart
temporary,torres_quart
test,torres_quart
theater,torres_quart
touch,torres_quart
tram,torres_quart
tranquillity,torres_quart
tree,torres_quart
turismo,torres_quart
university,torres_quart
vaporetto,torres_quart
venice,torres_quart
vento,torres_quart
vision,torres_quart
voices,torres_quart
water,torres_quart
wells,torres_quart
words_and_more,torres_quart
work,torres_quart
accessible,touch_element
ambient_noise,touch_element
art,touch_element
audible_traffic_lights,touch_element
bar,touch_element
binary,touch_element
birds,touch_element
blindwiki,touch_element
calle_closed,touch_element
car,touch_element
carnevale,touch_element
caution,touch_element
crowded_environment,touch_element
culture,touch_element
dangerous,touch_element
dead,touch_element
description,touch_element
door,touch_element
easter,touch_element
fish,touch_element
foundations,touch_element
fruits,touch_element
garden,touch_element
germany,touch_element
headquarters,touch_element
hiking,touch_element
history,touch_element
hospital,touch_element
iglesia,touch_element
lande,touch_element
laramara,touch_element
legends,touch_element
library,touch_element
luci,touch_element
machine,touch_element
maritime,touch_element
market,touch_element
mislata,touch_element
movement,touch_element
music,touch_element
neighborhood,touch_element
obstacle,touch_element
odor,touch_element
park,touch_element
people,touch_element
rain,touch_element
restaurant,touch_element
scale,touch_element
sculpture,touch_element
sculptures,touch_element
sensations,touch_element
shop,touch_element
sole,touch_element
sorocaba,touch_element
sport,touch_element
steps,touch_element
stop,touch_element
streets,touch_element
tactile,touch_element
temporary,touch_element
test,touch_element
tram,touch_element
tranquillity,touch_element
tree,touch_element
turismo,touch_element
university,touch_element
vaporetto,touch_element
venice,touch_element
vento,touch_element
vision,touch_element
wall,touch_element
water,touch_element
words_and_more,touch_element
work,touch_element
._reference,tourists
33bienal,tourists
accessible,tourists
art,tourists
audible_traffic_lights,tourists
bar,tourists
bells,tourists
bike,tourists
birds,tourists
blindwiki,tourists
car,tourists
carnevale,tourists
caution,tourists
crowded_environment,tourists
dangerous,tourists
description,tourists
door,tourists
easter,tourists
fish,tourists
foundations,tourists
friendship,tourists
fruits,tourists
germany,tourists
girls,tourists
he_lives_together,tourists
headquarters,tourists
hiking,tourists
history,tourists
hospital,tourists
lande,tourists
laramara,tourists
legends,tourists
library,tourists
luci,tourists
machine,tourists
maritime,tourists
market,tourists
meeting,tourists
mislata,tourists
museum,tourists
music,tourists
nature,tourists
neighborhood,tourists
night,tourists
obstacle,tourists
park,tourists
paseo,tourists
people,tourists
perfumes,tourists
piazza,tourists
project,tourists
rain,tourists
restaurant,tourists
scale,tourists
sculpture,tourists
sculptures,tourists
sensations,tourists
shop,tourists
sole,tourists
sorocaba,tourists
sport,tourists
steps,tourists
stop,tourists
streets,tourists
tactile,tourists
temporary,tourists
test,tourists
theater,tourists
touch,tourists
tram,tourists
tranquillity,tourists
tree,tourists
turismo,tourists
vaporetto,tourists
venice,tourists
vento,tourists
vision,tourists
voices,tourists
wells,tourists
work,tourists
._reference,town_hall
33bienal,town_hall
accessible,town_hall
ambient_noise,town_hall
art,town_hall
audible_traffic_lights,town_hall
bells,town_hall
bike,town_hall
binary,town_hall
calle_closed,town_hall
car,town_hall
carnevale,town_hall
caution,town_hall
crowded_environment,town_hall
culture,town_hall
dangerous,town_hall
dead,town_hall
description,town_hall
door,town_hall
foundations,town_hall
friendship,town_hall
fruits,town_hall
garden,town_hall
germany,town_hall
girls,town_hall
he_lives_together,town_hall
headquarters,town_hall
hello,town_hall
hospital,town_hall
iglesia,town_hall
laramara,town_hall
legends,town_hall
library,town_hall
machine,town_hall
maritime,town_hall
market,town_hall
meeting,town_hall
mislata,town_hall
movement,town_hall
museum,town_hall
nature,town_hall
night,town_hall
obstacle,town_hall
odor,town_hall
park,town_hall
paseo,town_hall
people,town_hall
project,town_hall
rain,town_hall
restaurant,town_hall
scale,town_hall
sculpture,town_hall
sculptures,town_hall
sensations,town_hall
shop,town_hall
sole,town_hall
sport,town_hall
steps,town_hall
stop,town_hall
streets,town_hall
tactile,town_hall
temporary,town_hall
test,town_hall
theater,town_hall
touch,town_hall
tram,town_hall
tree,town_hall
university,town_hall
vaporetto,town_hall
vento,town_hall
vision,town_hall
voices,town_hall
wall,town_hall
water,town_hall
wells,town_hall
words_and_more,town_hall
._reference,toys
accessible,toys
ambient_noise,toys
art,toys
audible_traffic_lights,toys
bells,toys
bike,toys
binary,toys
birds,toys
blindwiki,toys
bridges,toys
calle_closed,toys
carnevale,toys
crowded_environment,toys
culture,toys
dangerous,toys
dead,toys
description,toys
easter,toys
fish,toys
foundations,toys
friendship,toys
garden,toys
girls,toys
headquarters,toys
hello,toys
history,toys
hospital,toys
iglesia,toys
lande,toys
laramara,toys
legends,toys
library,toys
luci,toys
machine,toys
maritime,toys
market,toys
meeting,toys
memorial,toys
mislata,toys
museum,toys
neighborhood,toys
night,toys
obstacle,toys
odor,toys
park,toys
perfumes,toys
piazza,toys
project,toys
rain,toys
restaurant,toys
scale,toys
sculpture,toys
shop,toys
sole,toys
sorocaba,toys
sport,toys
stop,toys
streets,toys
tactile,toys
temporary,toys
test,toys
theater,toys
touch,toys
tram,toys
tranquillity,toys
tree,toys
turismo,toys
university,toys
vaporetto,toys
vento,toys
vision,toys
voices,toys
wall,toys
water,toys
wells,toys
words_and_more,toys
work,toys
._reference,tradition
ambient_noise,tradition
art,tradition
bar,tradition
bike,tradition
binary,tradition
birds,tradition
bridges,tradition
calle_closed,tradition
car,tradition
carnevale,tradition
caution,tradition
crowded_environment,tradition
dangerous,tradition
dead,tradition
description,tradition
door,tradition
easter,tradition
fish,tradition
foundations,tradition
fruits,tradition
germany,tradition
girls,tradition
he_lives_together,tradition
headquarters,tradition
hello,tradition
hiking,tradition
history,tradition
hospital,tradition
lande,tradition
legends,tradition
library,tradition
luci,tradition
machine,tradition
maritime,tradition
market,tradition
meeting,tradition
memorial,tradition
movement,tradition
museum,tradition
nature,tradition
neighborhood,tradition
night,tradition
obstacle,tradition
odor,tradition
park,tradition
people,tradition
perfumes,tradition
project,tradition
restaurant,tradition
sculptures,tradition
sensations,tradition
shop,tradition
sole,tradition
sorocaba,tradition
steps,tradition
stop,tradition
streets,tradition
theater,tradition
touch,tradition
tram,tradition
tranquillity,tradition
turismo,tradition
university,tradition
vaporetto,tradition
venice,tradition
vento,tradition
wells,tradition
words_and_more,tradition
work,tradition
accessible,traditional_pastry
ambient_noise,traditional_pastry
art,traditional_pastry
audible_traffic_lights,traditional_pastry
bar,traditional_pastry
bells,traditional_pastry
binary,traditional_pastry
birds,traditional_pastry
blindwiki,traditional_pastry
bridges,traditional_pastry
calle_closed,traditional_pastry
carnevale,traditional_pastry
crowded_environment,traditional_pastry
culture,traditional_pastry
dangerous,traditional_pastry
description,traditional_pastry
fish,traditional_pastry
foundations,traditional_pastry
friendship,traditional_pastry
fruits,traditional_pastry
garden,traditional_pastry
headquarters,traditional_pastry
hiking,traditional_pastry
history,traditional_pastry
hospital,traditional_pastry
iglesia,traditional_pastry
lande,traditional_pastry
legends,traditional_pastry
library,traditional_pastry
machine,traditional_pastry
maritime,traditional_pastry
market,traditional_pastry
meeting,traditional_pastry
mislata,traditional_pastry
movement,traditional_pastry
museum,traditional_pastry
music,traditional_pastry
nature,traditional_pastry
neighborhood,traditional_pastry
park,traditional_pastry
paseo,traditional_pastry
people,traditional_pastry
piazza,traditional_pastry
project,traditional_pastry
restaurant,traditional_pastry
sculpture,traditional_pastry
sculptures,traditional_pastry
sorocaba,traditional_pastry
sport,traditional_pastry
stop,traditional_pastry
streets,traditional_pastry
tactile,traditional_pastry
theater,traditional_pastry
tram,traditional_pastry
tranquillity,traditional_pastry
university,traditional_pastry
vaporetto,traditional_pastry
venice,traditional_pastry
vento,traditional_pastry
voices,traditional_pastry
wall,traditional_pastry
wells,traditional_pastry
._reference,traffic
accessible,traffic
ambient_noise,traffic
art,traffic
audible_traffic_lights,traffic
bike,traffic
binary,traffic
birds,traffic
blindwiki,traffic
bridges,traffic
calle_closed,traffic
car,traffic
carnevale,traffic
caution,traffic
crowded_environment,traffic
culture,traffic
door,traffic
easter,traffic
fish,traffic
foundations,traffic
friendship,traffic
fruits,traffic
garden,traffic
girls,traffic
headquarters,traffic
hello,traffic
hiking,traffic
history,traffic
hospital,traffic
iglesia,traffic
lande,traffic
legends,traffic
library,traffic
luci,traffic
machine,traffic
maritime,traffic
market,traffic
meeting,traffic
memorial,traffic
mislata,traffic
nature,traffic
neighborhood,traffic
night,traffic
obstacle,traffic
odor,traffic
paseo,traffic
people,traffic
perfumes,traffic
project,traffic
rain,traffic
restaurant,traffic
scale,traffic
sculpture,traffic
sensations,traffic
shop,traffic
sole,traffic
sorocaba,traffic
sport,traffic
steps,traffic
stop,traffic
streets,traffic
tactile,traffic
temporary,traffic
test,traffic
touch,traffic
tram,traffic
tranquillity,traffic
tree,traffic
turismo,traffic
university,traffic
vaporetto,traffic
venice,traffic
vision,traffic
voices,traffic
wall,traffic
water,traffic
wells,traffic
33bienal,traffic_light
accessible,traffic_light
ambient_noise,traffic_light
art,traffic_light
audible_traffic_lights,traffic_light
bar,traffic_light
bells,traffic_light
binary,traffic_light
birds,traffic_light
blindwiki,traffic_light
bridges,traffic_light
car,traffic_light
carnevale,traffic_light
caution,traffic_light
crowded_environment,traffic_light
culture,traffic_light
dangerous,traffic_light
dead,traffic_light
description,traffic_light
door,traffic_light
fish,traffic_light
foundations,traffic_light
fruits,traffic_light
garden,traffic_light
girls,traffic_light
headquarters,traffic_light
hello,traffic_light
hiking,traffic_light
history,traffic_light
lande,traffic_light
laramara,traffic_light
legends,traffic_light
library,traffic_light
luci,traffic_light
machine,traffic_light
maritime,traffic_light
market,traffic_light
meeting,traffic_light
memorial,traffic_light
mislata,traffic_light
movement,traffic_light
museum,traffic_light
music,traffic_light
nature,traffic_light
night,traffic_light
odor,traffic_light
paseo,traffic_light
people,traffic_light
perfumes,traffic_light
piazza,traffic_light
project,traffic_light
rain,traffic_light
restaurant,traffic_light
scale,traffic_light
sculpture,traffic_light
shop,traffic_light
sole,traffic_light
sorocaba,traffic_light
sport,traffic_light
steps,traffic_light
stop,traffic_light
streets,traffic_light
tactile,traffic_light
temporary,traffic_light
test,traffic_light
theater,traffic_light
touch,traffic_light
tram,traffic_light
tree,traffic_light
turismo,traffic_light
university,traffic_light
vaporetto,traffic_light
venice,traffic_light
vision,traffic_light
voices,traffic_light
wall,traffic_light
water,traffic_light
wells,traffic_light
work,traffic_light
._reference,traffic_light_without_sound
accessible,traffic_light_without_sound
ambient_noise,traffic_light_without_sound
art,traffic_light_without_sound
audible_traffic_lights,traffic_light_without_sound
bar,traffic_light_without_sound
bike,traffic_light_without_sound
binary,traffic_light_without_sound
birds,traffic_light_without_sound
blindwiki,traffic_light_without_sound
bridges,traffic_light_without_sound
carnevale,traffic_light_without_sound
caution,traffic_light_without_sound
crowded_environment,traffic_light_without_sound
culture,traffic_light_without_sound
dangerous,traffic_light_without_sound
dead,traffic_light_without_sound
description,traffic_light_without_sound
fish,traffic_light_without_sound
fruits,traffic_light_without_sound
garden,traffic_light_without_sound
germany,traffic_light_without_sound
girls,traffic_light_without_sound
he_lives_together,traffic_light_without_sound
headquarters,traffic_light_without_sound
hello,traffic_light_without_sound
hiking,traffic_light_without_sound
history,traffic_light_without_sound
hospital,traffic_light_without_sound
laramara,traffic_light_without_sound
legends,traffic_light_without_sound
library,traffic_light_without_sound
luci,traffic_light_without_sound
machine,traffic_light_without_sound
maritime,traffic_light_without_sound
market,traffic_light_without_sound
meeting,traffic_light_without_sound
mislata,traffic_light_without_sound
movement,traffic_light_without_sound
museum,traffic_light_without_sound
music,traffic_light_without_sound
nature,traffic_light_without_sound
obstacle,traffic_light_without_sound
park,traffic_light_without_sound
people,traffic_light_without_sound
perfumes,traffic_light_without_sound
piazza,traffic_light_without_sound
rain,traffic_light_without_sound
restaurant,traffic_light_without_sound
scale,traffic_light_without_sound
sculpture,traffic_light_without_sound
sculptures,traffic_light_without_sound
sensations,traffic_light_without_sound
shop,traffic_light_without_sound
sole,traffic_light_without_sound
sorocaba,traffic_light_without_sound
sport,traffic_light_without_sound
steps,traffic_light_without_sound
stop,traffic_light_without_sound
streets,traffic_light_without_sound
tactile,traffic_light_without_sound
temporary,traffic_light_without_sound
test,traffic_light_without_sound
theater,traffic_light_without_sound
touch,traffic_light_without_sound
tram,traffic_light_without_sound
tranquillity,traffic_light_without_sound
tree,traffic_light_without_sound
university,traffic_light_without_sound
venice,traffic_light_without_sound
vento,traffic_light_without_sound
voices,traffic_light_without_sound
wall,traffic_light_without_sound
wells,traffic_light_without_sound
words_and_more,traffic_light_without_sound
work,traffic_light_without_sound
._reference,trail
accessible,trail
ambient_noise,trail
art,trail
audible_traffic_lights,trail
bar,trail
bells,trail
bike,trail
binary,trail
bridges,trail
calle_closed,trail
crowded_environment,trail
culture,trail
dead,trail
description,trail
door,trail
easter,trail
foundations,trail
fruits,trail
garden,trail
germany,trail
girls,trail
headquarters,trail
hello,trail
hiking,trail
history,trail
hospital,trail
lande,trail
library,trail
luci,trail
machine,trail
maritime,trail
market,trail
meeting,trail
memorial,trail
mislata,trail
museum,trail
music,trail
nature,trail
neighborhood,trail
night,trail
obstacle,trail
odor,trail
paseo,trail
people,trail
perfumes,trail
project,trail
rain,trail
restaurant,trail
scale,trail
sculptures,trail
sensations,trail
shop,trail
sole,trail
sport,trail
steps,trail
stop,trail
streets,trail
tactile,trail
temporary,trail
test,trail
theater,trail
touch,trail
tram,trail
tree,trail
university,trail
vaporetto,trail
venice,trail
vento,trail
water,trail
wells,trail
words_and_more,trail
work,trail
._reference,transport
33bienal,transport
accessible,transport
ambient_noise,transport
art,transport
audible_traffic_lights,transport
bar,transport
bells,transport
binary,transport
birds,transport
blindwiki,transport
bridges,transport
calle_closed,transport
carnevale,transport
caution,transport
crowded_environment,transport
dangerous,transport
dead,transport
description,transport
door,transport
easter,transport
fish,transport
foundations,transport
friendship,transport
fruits,transport
germany,transport
he_lives_together,transport
headquarters,transport
hiking,transport
history,transport
hospital,transport
iglesia,transport
laramara,transport
legends,transport
library,transport
luci,transport
machine,transport
maritime,transport
market,transport
meeting,transport
memorial,transport
movement,transport
museum,transport
music,transport
nature,transport
night,transport
obstacle,transport
odor,transport
park,transport
paseo,transport
project,transport
rain,transport
restaurant,transport
scale,transport
sculpture,transport
sensations,transport
sole,transport
sport,transport
streets,transport
tactile,transport
temporary,transport
test,transport
theater,transport
touch,transport
tram,transport
tranquillity,transport
tree,transport
turismo,transport
vaporetto,transport
venice,transport
vento,transport
voices,transport
water,transport
wells,transport
work,transport
._reference,trash
ambient_noise,trash
art,trash
audible_traffic_lights,trash
bar,trash
bells,trash
bike,trash
birds,trash
blindwiki,trash
calle_closed,trash
car,trash
caution,trash
culture,trash
dangerous,trash
dead,trash
description,trash
door,trash
easter,trash
fish,trash
foundations,trash
fruits,trash
garden,trash
girls,trash
he_lives_together,trash
history,trash
hospital,trash
lande,trash
legends,trash
library,trash
maritime,trash
market,trash
meeting,trash
mislata,trash
movement,trash
museum,trash
music,trash
nature,trash
neighborhood,trash
night,trash
obstacle,trash
odor,trash
park,trash
paseo,trash
people,trash
perfumes,trash
piazza,trash
rain,trash
scale,trash
sculptures,trash
sensations,trash
sorocaba,trash
sport,trash
steps,trash
stop,trash
streets,trash
temporary,trash
test,trash
theater,trash
tram,trash
tranquillity,trash
tree,trash
turismo,trash
vaporetto,trash
venice,trash
vision,trash
voices,trash
wall,trash
water,trash
work,trash
33bienal,travel
accessible,travel
ambient_noise,travel
art,travel
audible_traffic_lights,travel
bar,travel
bells,travel
binary,travel
birds,travel
blindwiki,travel
calle_closed,travel
car,travel
carnevale,travel
caution,travel
culture,travel
dangerous,travel
dead,travel
description,travel
door,travel
easter,travel
foundations,travel
friendship,travel
fruits,travel
garden,travel
germany,travel
girls,travel
he_lives_together,travel
headquarters,travel
hello,travel
hiking,travel
hospital,travel
iglesia,travel
legends,travel
luci,travel
machine,travel
maritime,travel
market,travel
memorial,travel
movement,travel
museum,travel
music,travel
nature,travel
neighborhood,travel
night,travel
obstacle,travel
odor,travel
park,travel
paseo,travel
people,travel
perfumes,travel
piazza,travel
project,travel
rain,travel
restaurant,travel
sculpture,travel
sculptures,travel
sensations,travel
shop,travel
sole,travel
sorocaba,travel
sport,travel
steps,travel
stop,travel
tactile,travel
temporary,travel
test,travel
theater,travel
touch,travel
tranquillity,travel
tree,travel
turismo,travel
university,travel
vaporetto,travel
venice,travel
vision,travel
voices,travel
wall,travel
water,travel
words_and_more,travel
work,travel
._reference,treats
33bienal,treats
accessible,treats
ambient_noise,treats
art,treats
audible_traffic_lights,treats
bar,treats
bells,treats
binary,treats
birds,treats
bridges,treats
car,treats
carnevale,treats
caution,treats
crowded_environment,treats
culture,treats
description,treats
door,treats
easter,treats
fish,treats
foundations,treats
friendship,treats
fruits,treats
garden,treats
germany,treats
girls,treats
headquarters,treats
hello,treats
hiking,treats
iglesia,treats
lande,treats
laramara,treats
legends,treats
library,treats
luci,treats
machine,treats
maritime,treats
market,treats
meeting,treats
memorial,treats
mislata,treats
movement,treats
museum,treats
music,treats
nature,treats
night,treats
obstacle,treats
odor,treats
paseo,treats
people,treats
perfumes,treats
piazza,treats
project,treats
rain,treats
restaurant,treats
scale,treats
sculpture,treats
sculptures,treats
sensations,treats
shop,treats
sole,treats
sorocaba,treats
sport,treats
stop,treats
tactile,treats
temporary,treats
test,treats
theater,treats
touch,treats
tram,treats
tranquillity,treats
tree,treats
turismo,treats
university,treats
venice,treats
vento,treats
vision,treats
voices,treats
wall,treats
water,treats
wells,treats
work,treats
._reference,trees
33bienal,trees
accessible,trees
ambient_noise,trees
art,trees
bar,trees
bells,trees
bike,trees
binary,trees
birds,trees
blindwiki,trees
bridges,trees
calle_closed,trees
car,trees
carnevale,trees
caution,trees
dangerous,trees
dead,trees
description,trees
door,trees
easter,trees
fish,trees
foundations,trees
friendship,trees
fruits,trees
garden,trees
germany,trees
girls,trees
he_lives_together,trees
headquarters,trees
hello,trees
hiking,trees
history,trees
hospital,trees
iglesia,trees
lande,trees
legends,trees
library,trees
luci,trees
machine,trees
maritime,trees
market,trees
meeting,trees
memorial,trees
movement,trees
museum,trees
music,trees
nature,trees
neighborhood,trees
night,trees
odor,trees
people,trees
perfumes,trees
piazza,trees
project,trees
rain,trees
restaurant,trees
sculpture,trees
sculptures,trees
shop,trees
sole,trees
sorocaba,trees
sport,trees
steps,trees
stop,trees
streets,trees
temporary,trees
touch,trees
tram,trees
tranquillity,trees
tree,trees
turismo,trees
university,trees
vaporetto,trees
venice,trees
vision,trees
voices,trees
wall,trees
water,trees
wells,trees
words_and_more,trees
work,trees
._reference,tunnels
accessible,tunnels
ambient_noise,tunnels
art,tunnels
audible_traffic_lights,tunnels
bar,tunnels
bike,tunnels
birds,tunnels
blindwiki,tunnels
calle_closed,tunnels
car,tunnels
carnevale,tunnels
caution,tunnels
culture,tunnels
description,tunnels
door,tunnels
easter,tunnels
fish,tunnels
fruits,tunnels
garden,tunnels
germany,tunnels
he_lives_together,tunnels
headquarters,tunnels
hello,tunnels
hiking,tunnels
history,tunnels
hospital,tunnels
lande,tunnels
legends,tunnels
library,tunnels
luci,tunnels
machine,tunnels
maritime,tunnels
market,tunnels
memorial,tunnels
mislata,tunnels
movement,tunnels
music,tunnels
nature,tunnels
neighborhood,tunnels
obstacle,tunnels
odor,tunnels
piazza,tunnels
project,tunnels
rain,tunnels
restaurant,tunnels
scale,tunnels
sole,tunnels
sorocaba,tunnels
sport,tunnels
steps,tunnels
stop,tunnels
streets,tunnels
tactile,tunnels
temporary,tunnels
test,tunnels
theater,tunnels
touch,tunnels
tranquillity,tunnels
tree,tunnels
turismo,tunnels
university,tunnels
vaporetto,tunnels
vision,tunnels
voices,tunnels
wells,tunnels
words_and_more,tunnels
work,tunnels
ambient_noise,u-bahn
art,u-bahn
bar,u-bahn
bells,u-bahn
binary,u-bahn
birds,u-bahn
blindwiki,u-bahn
bridges,u-bahn
calle_closed,u-bahn
car,u-bahn
carnevale,u-bahn
caution,u-bahn
crowded_environment,u-bahn
culture,u-bahn
dangerous,u-bahn
door,u-bahn
easter,u-bahn
fish,u-bahn
foundations,u-bahn
friendship,u-bahn
fruits,u-bahn
germany,u-bahn
he_lives_together,u-bahn
headquarters,u-bahn
hiking,u-bahn
history,u-bahn
hospital,u-bahn
iglesia,u-bahn
luci,u-bahn
machine,u-bahn
maritime,u-bahn
market,u-bahn
memorial,u-bahn
mislata,u-bahn
movement,u-bahn
museum,u-bahn
obstacle,u-bahn
odor,u-bahn
park,u-bahn
people,u-bahn
scale,u-bahn
sculpture,u-bahn
sculptures,u-bahn
shop,u-bahn
sole,u-bahn
steps,u-bahn
stop,u-bahn
streets,u-bahn
temporary,u-bahn
test,u-bahn
theater,u-bahn
tram,u-bahn
tranquillity,u-bahn
tree,u-bahn
university,u-bahn
vaporetto,u-bahn
venice,u-bahn
vento,u-bahn
voices,u-bahn
wall,u-bahn
water,u-bahn
wells,u-bahn
words_and_more,u-bahn
work,u-bahn
._reference,uncivic
33bienal,uncivic
accessible,uncivic
ambient_noise,uncivic
audible_traffic_lights,uncivic
bar,uncivic
bells,uncivic
bike,uncivic
binary,uncivic
birds,uncivic
blindwiki,uncivic
bridges,uncivic
carnevale,uncivic
crowded_environment,uncivic
culture,uncivic
dangerous,uncivic
dead,uncivic
description,uncivic
door,uncivic
easter,uncivic
fish,uncivic
foundations,uncivic
friendship,uncivic
fruits,uncivic
garden,uncivic
germany,uncivic
hello,uncivic
hiking,uncivic
hospital,uncivic
iglesia,uncivic
laramara,uncivic
legends,uncivic
library,uncivic
luci,uncivic
machine,uncivic
maritime,uncivic
market,uncivic
meeting,uncivic
memorial,uncivic
mislata,uncivic
music,uncivic
nature,uncivic
neighborhood,uncivic
night,uncivic
obstacle,uncivic
odor,uncivic
park,uncivic
paseo,uncivic
perfumes,uncivic
rain,uncivic
scale,uncivic
sculptures,uncivic
sensations,uncivic
shop,uncivic
sole,uncivic
sport,uncivic
steps,uncivic
tactile,uncivic
temporary,uncivic
test,uncivic
touch,uncivic
tram,uncivic
tranquillity,uncivic
tree,uncivic
turismo,uncivic
vaporetto,uncivic
venice,uncivic
vento,uncivic
vision,uncivic
wall,uncivic
wells,uncivic
words_and_more,uncivic
work,uncivic
._reference,upv
accessible,upv
ambient_noise,upv
bar,upv
binary,upv
birds,upv
blindwiki,upv
calle_closed,upv
car,upv
carnevale,upv
culture,upv
dead,upv
description,upv
door,upv
easter,upv
fish,upv
foundations,upv
fruits,upv
germany,upv
girls,upv
he_lives_together,upv
headquarters,upv
hello,upv
hiking,upv
history,upv
hospital,upv
iglesia,upv
laramara,upv
legends,upv
library,upv
luci,upv
machine,upv
maritime,upv
market,upv
meeting,upv
mislata,upv
movement,upv
museum,upv
music,upv
neighborhood,upv
night,upv
obstacle,upv
odor,upv
paseo,upv
people,upv
perfumes,upv
piazza,upv
project,upv
rain,upv
restaurant,upv
scale,upv
sculptures,upv
sensations,upv
shop,upv
sorocaba,upv
steps,upv
stop,upv
streets,upv
tactile,upv
touch,upv
tram,upv
tree,upv
turismo,upv
vaporetto,upv
venice,upv
vento,upv
vision,upv
voices,upv
wall,upv
water,upv
wells,upv
words_and_more,upv
._reference,urban_art
accessible,urban_art
ambient_noise,urban_art
audible_traffic_lights,urban_art
bells,urban_art
binary,urban_art
birds,urban_art
bridges,urban_art
calle_closed,urban_art
carnevale,urban_art
crowded_environment,urban_art
culture,urban_art
dangerous,urban_art
dead,urban_art
description,urban_art
easter,urban_art
fish,urban_art
friendship,urban_art
fruits,urban_art
garden,urban_art
girls,urban_art
headquarters,urban_art
hello,urban_art
hiking,urban_art
history,urban_art
hospital,urban_art
iglesia,urban_art
lande,urban_art
laramara,urban_art
legends,urban_art
library,urban_art
luci,urban_art
maritime,urban_art
market,urban_art
meeting,urban_art
memorial,urban_art
mislata,urban_art
movement,urban_art
museum,urban_art
music,urban_art
nature,urban_art
neighborhood,urban_art
night,urban_art
odor,urban_art
park,urban_art
paseo,urban_art
people,urban_art
perfumes,urban_art
piazza,urban_art
restaurant,urban_art
scale,urban_art
sculpture,urban_art
sensations,urban_art
shop,urban_art
sole,urban_art
sorocaba,urban_art
sport,urban_art
steps,urban_art
stop,urban_art
streets,urban_art
tactile,urban_art
temporary,urban_art
test,urban_art
theater,urban_art
touch,urban_art
tram,urban_art
tranquillity,urban_art
turismo,urban_art
university,urban_art
vaporetto,urban_art
venice,urban_art
vento,urban_art
vision,urban_art
voices,urban_art
wall,urban_art
water,urban_art
work,urban_art
33bienal,urban_details
accessible,urban_details
ambient_noise,urban_details
art,urban_details
bar,urban_details
bells,urban_details
bike,urban_details
binary,urban_details
birds,urban_details
blindwiki,urban_details
bridges,urban_details
calle_closed,urban_details
car,urban_details
caution,urban_details
crowded_environment,urban_details
culture,urban_details
dangerous,urban_details
dead,urban_details
description,urban_details
door,urban_details
easter,urban_details
fish,urban_details
foundations,urban_details
friendship,urban_details
fruits,urban_details
garden,urban_details
germany,urban_details
girls,urban_details
he_lives_together,urban_details
headquarters,urban_details
hiking,urban_details
iglesia,urban_details
laramara,urban_details
library,urban_details
machine,urban_details
market,urban_details
meeting,urban_details
memorial,urban_details
mislata,urban_details
museum,urban_details
music,urban_details
neighborhood,urban_details
night,urban_details
obstacle,urban_details
park,urban_details
paseo,urban_details
perfumes,urban_details
piazza,urban_details
project,urban_details
rain,urban_details
restaurant,urban_details
scale,urban_details
sculpture,urban_details
sculptures,urban_details
sensations,urban_details
shop,urban_details
sole,urban_details
steps,urban_details
stop,urban_details
streets,urban_details
tactile,urban_details
test,urban_details
theater,urban_details
touch,urban_details
tram,urban_details
tranquillity,urban_details
tree,urban_details
turismo,urban_details
university,urban_details
venice,urban_details
voices,urban_details
wall,urban_details
water,urban_details
wells,urban_details
words_and_more,urban_details
work,urban_details
._reference,urban_elements
accessible,urban_elements
art,urban_elements
bar,urban_elements
bells,urban_elements
bike,urban_elements
birds,urban_elements
blindwiki,urban_elements
bridges,urban_elements
calle_closed,urban_elements
carnevale,urban_elements
caution,urban_elements
crowded_environment,urban_elements
dangerous,urban_elements
dead,urban_elements
description,urban_elements
door,urban_elements
easter,urban_elements
fish,urban_elements
foundations,urban_elements
fruits,urban_elements
garden,urban_elements
germany,urban_elements
girls,urban_elements
he_lives_together,urban_elements
headquarters,urban_elements
hiking,urban_elements
history,urban_elements
hospital,urban_elements
lande,urban_elements
laramara,urban_elements
legends,urban_elements
library,urban_elements
machine,urban_elements
maritime,urban_elements
market,urban_elements
meeting,urban_elements
memorial,urban_elements
mislata,urban_elements
movement,urban_elements
museum,urban_elements
nature,urban_elements
neighborhood,urban_elements
night,urban_elements
obstacle,urban_elements
park,urban_elements
people,urban_elements
piazza,urban_elements
project,urban_elements
restaurant,urban_elements
scale,urban_elements
sculpture,urban_elements
sculptures,urban_elements
sensations,urban_elements
sole,urban_elements
sorocaba,urban_elements
sport,urban_elements
steps,urban_elements
stop,urban_elements
streets,urban_elements
tactile,urban_elements
temporary,urban_elements
theater,urban_elements
touch,urban_elements
tram,urban_elements
tranquillity,urban_elements
tree,urban_elements
turismo,urban_elements
venice,urban_elements
vento,urban_elements
vision,urban_elements
voices,urban_elements
wall,urban_elements
water,urban_elements
wells,urban_elements
words_and_more,urban_elements
work,urban_elements
._reference,utilities
accessible,utilities
ambient_noise,utilities
audible_traffic_lights,utilities
bar,utilities
bike,utilities
binary,utilities
birds,utilities
blindwiki,utilities
bridges,utilities
calle_closed,utilities
carnevale,utilities
crowded_environment,utilities
culture,utilities
dangerous,utilities
dead,utilities
description,utilities
easter,utilities
fish,utilities
foundations,utilities
friendship,utilities
fruits,utilities
garden,utilities
germany,utilities
girls,utilities
headquarters,utilities
hello,utilities
history,utilities
hospital,utilities
iglesia,utilities
lande,utilities
laramara,utilities
legends,utilities
luci,utilities
machine,utilities
maritime,utilities
market,utilities
meeting,utilities
memorial,utilities
mislata,utilities
music,utilities
nature,utilities
neighborhood,utilities
obstacle,utilities
odor,utilities
park,utilities
paseo,utilities
people,utilities
perfumes,utilities
piazza,utilities
project,utilities
rain,utilities
restaurant,utilities
scale,utilities
sculptures,utilities
sensations,utilities
shop,utilities
sole,utilities
sorocaba,utilities
sport,utilities
steps,utilities
stop,utilities
streets,utilities
tactile,utilities
temporary,utilities
test,utilities
theater,utilities
touch,utilities
tram,utilities
tranquillity,utilities
tree,utilities
turismo,utilities
university,utilities
vaporetto,utilities
venice,utilities
vento,utilities
vision,utilities
voices,utilities
wall,utilities
water,utilities
wells,utilities
words_and_more,utilities
work,utilities
33bienal,venetians
accessible,venetians
ambient_noise,venetians
art,venetians
audible_traffic_lights,venetians
bar,venetians
binary,venetians
birds,venetians
blindwiki,venetians
bridges,venetians
calle_closed,venetians
carnevale,venetians
caution,venetians
crowded_environment,venetians
culture,venetians
dangerous,venetians
dead,venetians
description,venetians
door,venetians
easter,venetians
fish,venetians
fruits,venetians
garden,venetians
girls,venetians
he_lives_together,venetians
headquarters,venetians
hello,venetians
hospital,venetians
iglesia,venetians
laramara,venetians
legends,venetians
library,venetians
machine,venetians
maritime,venetians
meeting,venetians
memorial,venetians
mislata,venetians
museum,venetians
nature,venetians
night,venetians
obstacle,venetians
park,venetians
perfumes,venetians
piazza,venetians
project,venetians
restaurant,venetians
scale,venetians
sculpture,venetians
sculptures,venetians
sole,venetians
sorocaba,venetians
sport,venetians
steps,venetians
streets,venetians
tactile,venetians
temporary,venetians
test,venetians
theater,venetians
touch,venetians
tranquillity,venetians
turismo,venetians
vaporetto,venetians
venice,venetians
vision,venetians
water,venetians
wells,venetians
words_and_more,venetians
work,venetians
._reference,venezia
33bienal,venezia
ambient_noise,venezia
audible_traffic_lights,venezia
binary,venezia
birds,venezia
blindwiki,venezia
bridges,venezia
car,venezia
caution,venezia
crowded_environment,venezia
culture,venezia
dangerous,venezia
dead,venezia
description,venezia
easter,venezia
fish,venezia
foundations,venezia
fruits,venezia
garden,venezia
germany,venezia
girls,venezia
he_lives_together,venezia
headquarters,venezia
hello,venezia
hiking,venezia
history,venezia
hospital,venezia
iglesia,venezia
lande,venezia
legends,venezia
library,venezia
luci,venezia
market,venezia
mislata,venezia
movement,venezia
music,venezia
nature,venezia
night,venezia
obstacle,venezia
odor,venezia
park,venezia
perfumes,venezia
project,venezia
restaurant,venezia
scale,venezia
sculptures,venezia
sensations,venezia
shop,venezia
sole,venezia
sorocaba,venezia
sport,venezia
steps,venezia
stop,venezia
tactile,venezia
temporary,venezia
test,venezia
theater,venezia
tram,venezia
tranquillity,venezia
tree,venezia
turismo,venezia
university,venezia
venice,venezia
vento,venezia
voices,venezia
wells,venezia
words_and_more,venezia
33bienal,venezuela
accessible,venezuela
ambient_noise,venezuela
art,venezuela
audible_traffic_lights,venezuela
bar,venezuela
binary,venezuela
birds,venezuela
bridges,venezuela
calle_closed,venezuela
car,venezuela
carnevale,venezuela
caution,venezuela
crowded_environment,venezuela
culture,venezuela
dead,venezuela
description,venezuela
easter,venezuela
fish,venezuela
foundations,venezuela
friendship,venezuela
fruits,venezuela
garden,venezuela
germany,venezuela
girls,venezuela
he_lives_together,venezuela
headquarters,venezuela
hello,venezuela
history,venezuela
hospital,venezuela
lande,venezuela
legends,venezuela
library,venezuela
luci,venezuela
machine,venezuela
maritime,venezuela
market,venezuela
memorial,venezuela
mislata,venezuela
music,venezuela
nature,venezuela
night,venezuela
obstacle,venezuela
park,venezuela
perfumes,venezuela
project,venezuela
rain,venezuela
restaurant,venezuela
scale,venezuela
sculpture,venezuela
sensations,venezuela
shop,venezuela
sole,venezuela
sorocaba,venezuela
sport,venezuela
stop,venezuela
streets,venezuela
tactile,venezuela
temporary,venezuela
theater,venezuela
touch,venezuela
tram,venezuela
tree,venezuela
vaporetto,venezuela
venice,venezuela
vento,venezuela
vision,venezuela
wall,venezuela
water,venezuela
wells,venezuela
words_and_more,venezuela
work,venezuela
._reference,venice_at_night
33bienal,venice_at_night
accessible,venice_at_night
ambient_noise,venice_at_night
art,venice_at_night
audible_traffic_lights,venice_at_night
bar,venice_at_night
bike,venice_at_night
binary,venice_at_night
birds,venice_at_night
blindwiki,venice_at_night
calle_closed,venice_at_night
car,venice_at_night
carnevale,venice_at_night
caution,venice_at_night
crowded_environment,venice_at_night
culture,venice_at_night
dangerous,venice_at_night
dead,venice_at_night
description,venice_at_night
easter,venice_at_night
foundations,venice_at_night
fruits,venice_at_night
garden,venice_at_night
germany,venice_at_night
girls,venice_at_night
he_lives_together,venice_at_night
headquarters,venice_at_night
hello,venice_at_night
history,venice_at_night
lande,venice_at_night
legends,venice_at_night
library,venice_at_night
luci,venice_at_night
machine,venice_at_night
maritime,venice_at_night
market,venice_at_night
memorial,venice_at_night
mislata,venice_at_night
movement,venice_at_night
music,venice_at_night
nature,venice_at_night
neighborhood,venice_at_night
night,venice_at_night
obstacle,venice_at_night
park,venice_at_night
perfumes,venice_at_night
rain,venice_at_night
scale,venice_at_night
sculpture,venice_at_night
sculptures,venice_at_night
sensations,venice_at_night
sorocaba,venice_at_night
sport,venice_at_night
steps,venice_at_night
stop,venice_at_night
streets,venice_at_night
tactile,venice_at_night
temporary,venice_at_night
test,venice_at_night
theater,venice_at_night
touch,venice_at_night
tranquillity,venice_at_night
tree,venice_at_night
turismo,venice_at_night
university,venice_at_night
vaporetto,venice_at_night
vision,venice_at_night
wall,venice_at_night
water,venice_at_night
wells,venice_at_night
words_and_more,venice_at_night
work,venice_at_night
33bienal,vergueiro
accessible,vergueiro
ambient_noise,vergueiro
art,vergueiro
audible_traffic_lights,vergueiro
bar,vergueiro
bells,vergueiro
bike,vergueiro
birds,vergueiro
blindwiki,vergueiro
bridges,vergueiro
calle_closed,vergueiro
car,vergueiro
carnevale,vergueiro
caution,vergueiro
crowded_environment,vergueiro
culture,vergueiro
dangerous,vergueiro
dead,vergueiro
description,vergueiro
easter,vergueiro
fish,vergueiro
foundations,vergueiro
friendship,vergueiro
fruits,vergueiro
germany,vergueiro
girls,vergueiro
he_lives_together,vergueiro
headquarters,vergueiro
hello,vergueiro
hiking,vergueiro
history,vergueiro
hospital,vergueiro
iglesia,vergueiro
lande,vergueiro
laramara,vergueiro
legends,vergueiro
luci,vergueiro
machine,vergueiro
maritime,vergueiro
market,vergueiro
meeting,vergueiro
memorial,vergueiro
mislata,vergueiro
movement,vergueiro
museum,vergueiro
music,vergueiro
nature,vergueiro
neighborhood,vergueiro
obstacle,vergueiro
park,vergueiro
paseo,vergueiro
people,vergueiro
piazza,vergueiro
project,vergueiro
rain,vergueiro
restaurant,vergueiro
scale,vergueiro
sculpture,vergueiro
sculptures,vergueiro
sensations,vergueiro
shop,vergueiro
sole,vergueiro
sorocaba,vergueiro
sport,vergueiro
stop,vergueiro
streets,vergueiro
tactile,vergueiro
temporary,vergueiro
test,vergueiro
tram,vergueiro
tranquillity,vergueiro
university,vergueiro
venice,vergueiro
vento,vergueiro
vision,vergueiro
voices,vergueiro
wall,vergueiro
work,vergueiro
._reference,view
33bienal,view
accessible,view
ambient_noise,view
art,view
audible_traffic_lights,view
bar,view
bells,view
bike,view
binary,view
birds,view
blindwiki,view
bridges,view
carnevale,view
caution,view
crowded_environment,view
culture,view
dangerous,view
door,view
easter,view
fish,view
foundations,view
friendship,view
fruits,view
garden,view
germany,view
girls,view
he_lives_together,view
headquarters,view
hello,view
history,view
hospital,view
iglesia,view
lande,view
legends,view
library,view
machine,view
market,view
meeting,view
memorial,view
mislata,view
movement,view
museum,view
music,view
nature,view
neighborhood,view
night,view
obstacle,view
park,view
paseo,view
people,view
perfumes,view
piazza,view
project,view
rain,view
restaurant,view
scale,view
sculpture,view
sculptures,view
sensations,view
shop,view
sole,view
sorocaba,view
sport,view
steps,view
stop,view
streets,view
tactile,view
test,view
theater,view
touch,view
tranquillity,view
tree,view
turismo,view
university,view
venice,view
vision,view
voices,view
wall,view
water,view
wells,view
words_and_more,view
._reference,vines
33bienal,vines
accessible,vines
art,vines
audible_traffic_lights,vines
bar,vines
bells,vines
bike,vines
binary,vines
birds,vines
blindwiki,vines
calle_closed,vines
car,vines
carnevale,vines
caution,vines
dangerous,vines
dead,vines
door,vines
easter,vines
fish,vines
friendship,vines
fruits,vines
garden,vines
germany,vines
girls,vines
he_lives_together,vines
headquarters,vines
hello,vines
history,vines
hospital,vines
iglesia,vines
lande,vines
laramara,vines
legends,vines
library,vines
luci,vines
machine,vines
maritime,vines
market,vines
memorial,vines
movement,vines
museum,vines
music,vines
neighborhood,vines
night,vines
obstacle,vines
odor,vines
park,vines
paseo,vines
people,vines
perfumes,vines
piazza,vines
project,vines
rain,vines
scale,vines
sculpture,vines
sculptures,vines
sensations,vines
shop,vines
sole,vines
sorocaba,vines
sport,vines
steps,vines
stop,vines
streets,vines
tactile,vines
temporary,vines
test,vines
theater,vines
tram,vines
tranquillity,vines
tree,vines
turismo,vines
university,vines
vaporetto,vines
venice,vines
vento,vines
vision,vines
voices,vines
wall,vines
water,vines
wells,vines
words_and_more,vines
work,vines
._reference,violin
accessible,violin
ambient_noise,violin
audible_traffic_lights,violin
bells,violin
binary,violin
birds,violin
blindwiki,violin
bridges,violin
car,violin
caution,violin
crowded_environment,violin
culture,violin
dangerous,violin
dead,violin
description,violin
door,violin
fish,violin
friendship,violin
fruits,violin
garden,violin
headquarters,violin
hello,violin
hiking,violin
history,violin
hospital,violin
iglesia,violin
laramara,violin
legends,violin
luci,violin
machine,violin
maritime,violin
market,violin
meeting,violin
mislata,violin
movement,violin
museum,violin
nature,violin
neighborhood,violin
night,violin
odor,violin
park,violin
paseo,violin
people,violin
perfumes,violin
piazza,violin
project,violin
rain,violin
scale,violin
sculpture,violin
sculptures,violin
sensations,violin
shop,violin
sole,violin
sorocaba,violin
sport,violin
steps,violin
stop,violin
streets,violin
tactile,violin
test,violin
theater,violin
tram,violin
tranquillity,violin
tree,violin
turismo,violin
university,violin
venice,violin
vento,violin
vision,violin
voices,violin
wall,violin
water,violin
wells,violin
work,violin
._reference,vision_australia
33bienal,vision_australia
accessible,vision_australia
ambient_noise,vision_australia
audible_traffic_lights,vision_australia
bar,vision_australia
bells,vision_australia
bike,vision_australia
binary,vision_australia
birds,vision_australia
bridges,vision_australia
calle_closed,vision_australia
car,vision_australia
carnevale,vision_australia
caution,vision_australia
crowded_environment,vision_australia
culture,vision_australia
dangerous,vision_australia
dead,vision_australia
description,vision_australia
door,vision_australia
easter,vision_australia
fish,vision_australia
foundations,vision_australia
friendship,vision_australia
fruits,vision_australia
garden,vision_australia
germany,vision_australia
girls,vision_australia
headquarters,vision_australia
hello,vision_australia
hiking,vision_australia
history,vision_australia
iglesia,vision_australia
lande,vision_australia
laramara,vision_australia
legends,vision_australia
library,vision_australia
luci,vision_australia
market,vision_australia
meeting,vision_australia
memorial,vision_australia
mislata,vision_australia
movement,vision_australia
museum,vision_australia
music,vision_australia
nature,vision_australia
neighborhood,vision_australia
night,vision_australia
obstacle,vision_australia
odor,vision_australia
people,vision_australia
perfumes,vision_australia
rain,vision_australia
restaurant,vision_australia
scale,vision_australia
sculpture,vision_australia
sculptures,vision_australia
sensations,vision_australia
shop,vision_australia
sorocaba,vision_australia
sport,vision_australia
steps,vision_australia
stop,vision_australia
streets,vision_australia
tactile,vision_australia
temporary,vision_australia
test,vision_australia
theater,vision_australia
touch,vision_australia
tram,vision_australia
tranquillity,vision_australia
tree,vision_australia
turismo,vision_australia
university,vision_australia
vaporetto,vision_australia
venice,vision_australia
vento,vision_australia
voices,vision_australia
wall,vision_australia
water,vision_australia
wells,vision_australia
work,vision_australia
._reference,voice
accessible,voice
ambient_noise,voice
art,voice
audible_traffic_lights,voice
bar,voice
binary,voice
birds,voice
blindwiki,voice
bridges,voice
calle_closed,voice
car,voice
carnevale,voice
caution,voice
crowded_environment,voice
culture,voice
dangerous,voice
dead,voice
description,voice
door,voice
easter,voice
fish,voice
foundations,voice
garden,voice
germany,voice
girls,voice
headquarters,voice
hello,voice
hiking,voice
hospital,voice
iglesia,voice
laramara,voice
legends,voice
library,voice
machine,voice
market,voice
meeting,voice
memorial,voice
mislata,voice
movement,voice
museum,voice
nature,voice
neighborhood,voice
night,voice
obstacle,voice
odor,voice
park,voice
paseo,voice
people,voice
perfumes,voice
project,voice
rain,voice
restaurant,voice
sculptures,voice
sensations,voice
shop,voice
sole,voice
sorocaba,voice
sport,voice
stop,voice
streets,voice
tactile,voice
temporary,voice
test,voice
theater,voice
touch,voice
tranquillity,voice
turismo,voice
university,voice
vaporetto,voice
vento,voice
voices,voice
wall,voice
water,voice
words_and_more,voice
._reference,wait
33bienal,wait
ambient_noise,wait
art,wait
audible_traffic_lights,wait
bar,wait
bells,wait
bike,wait
binary,wait
blindwiki,wait
bridges,wait
calle_closed,wait
car,wait
carnevale,wait
crowded_environment,wait
culture,wait
dead,wait
description,wait
door,wait
easter,wait
fish,wait
foundations,wait
friendship,wait
garden,wait
germany,wait
girls,wait
he_lives_together,wait
headquarters,wait
hello,wait
hospital,wait
iglesia,wait
lande,wait
laramara,wait
legends,wait
library,wait
luci,wait
market,wait
meeting,wait
memorial,wait
mislata,wait
nature,wait
neighborhood,wait
night,wait
odor,wait
perfumes,wait
piazza,wait
project,wait
rain,wait
restaurant,wait
scale,wait
sculptures,wait
sensations,wait
shop,wait
sole,wait
sorocaba,wait
sport,wait
steps,wait
stop,wait
streets,wait
temporary,wait
test,wait
touch,wait
tranquillity,wait
tree,wait
university,wait
vaporetto,wait
venice,wait
vision,wait
voices,wait
water,wait
wells,wait
words_and_more,wait
work,wait
._reference,walk
33bienal,walk
accessible,walk
ambient_noise,walk
art,walk
audible_traffic_lights,walk
bells,walk
bike,walk
binary,walk
birds,walk
blindwiki,walk
bridges,walk
calle_closed,walk
car,walk
carnevale,walk
caution,walk
culture,walk
dangerous,walk
dead,walk
description,walk
easter,walk
fish,walk
foundations,walk
fruits,walk
garden,walk
girls,walk
he_lives_together,walk
headquarters,walk
hiking,walk
history,walk
hospital,walk
iglesia,walk
lande,walk
laramara,walk
legends,walk
library,walk
luci,walk
machine,walk
market,walk
meeting,walk
memorial,walk
mislata,walk
music,walk
nature,walk
obstacle,walk
park,walk
paseo,walk
people,walk
perfumes,walk
project,walk
rain,walk
scale,walk
sculptures,walk
sole,walk
sport,walk
steps,walk
streets,walk
tactile,walk
temporary,walk
test,walk
theater,walk
touch,walk
tram,walk
tranquillity,walk
tree,walk
turismo,walk
university,walk
vaporetto,walk
venice,walk
vento,walk
vision,walk
wall,walk
water,walk
wells,walk
words_and_more,walk
._reference,water_danger
accessible,water_danger
ambient_noise,water_danger
audible_traffic_lights,water_danger
bar,water_danger
bike,water_danger
binary,water_danger
birds,water_danger
blindwiki,water_danger
calle_closed,water_danger
car,water_danger
carnevale,water_danger
caution,water_danger
crowded_environment,water_danger
dangerous,water_danger
dead,water_danger
easter,water_danger
fish,water_danger
foundations,water_danger
fruits,water_danger
garden,water_danger
germany,water_danger
girls,water_danger
he_lives_together,water_danger
headquarters,water_danger
hello,water_danger
hiking,water_danger
history,water_danger
hospital,water_danger
iglesia,water_danger
laramara,water_danger
legends,water_danger
library,water_danger
market,water_danger
mislata,water_danger
movement,water_danger
museum,water_danger
music,water_danger
nature,water_danger
night,water_danger
obstacle,water_danger
odor,water_danger
park,water_danger
paseo,water_danger
perfumes,water_danger
piazza,water_danger
project,water_danger
rain,water_danger
restaurant,water_danger
scale,water_danger
sculpture,water_danger
sculptures,water_danger
sorocaba,water_danger
sport,water_danger
steps,water_danger
stop,water_danger
streets,water_danger
tactile,water_danger
temporary,water_danger
test,water_danger
theater,water_danger
touch,water_danger
tree,water_danger
vaporetto,water_danger
venice,water_danger
voices,water_danger
wall,water_danger
water,water_danger
wells,water_danger
words_and_more,water_danger
._reference,water_fountain
33bienal,water_fountain
accessible,water_fountain
ambient_noise,water_fountain
art,water_fountain
audible_traffic_lights,water_fountain
bar,water_fountain
bells,water_fountain
bike,water_fountain
birds,water_fountain
blindwiki,water_fountain
bridges,water_fountain
calle_closed,water_fountain
car,water_fountain
caution,water_fountain
crowded_environment,water_fountain
description,water_fountain
door,water_fountain
easter,water_fountain
fish,water_fountain
foundations,water_fountain
friendship,water_fountain
fruits,water_fountain
girls,water_fountain
he_lives_together,water_fountain
headquarters,water_fountain
hello,water_fountain
hiking,water_fountain
history,water_fountain
hospital,water_fountain
iglesia,water_fountain
lande,water_fountain
laramara,water_fountain
legends,water_fountain
library,water_fountain
luci,water_fountain
meeting,water_fountain
memorial,water_fountain
movement,water_fountain
museum,water_fountain
nature,water_fountain
neighborhood,water_fountain
night,water_fountain
obstacle,water_fountain
odor,water_fountain
paseo,water_fountain
people,water_fountain
piazza,water_fountain
restaurant,water_fountain
sculptures,water_fountain
sensations,water_fountain
shop,water_fountain
sole,water_fountain
sorocaba,water_fountain
sport,water_fountain
steps,water_fountain
stop,water_fountain
streets,water_fountain
tactile,water_fountain
theater,water_fountain
touch,water_fountain
tram,water_fountain
tree,water_fountain
turismo,water_fountain
university,water_fountain
vaporetto,water_fountain
venice,water_fountain
vision,water_fountain
voices,water_fountain
wall,water_fountain
water,water_fountain
wells,water_fountain
words_and_more,water_fountain
work,water_fountain
._reference,water_pump
33bienal,water_pump
ambient_noise,water_pump
audible_traffic_lights,water_pump
bar,water_pump
bike,water_pump
binary,water_pump
birds,water_pump
blindwiki,water_pump
bridges,water_pump
car,water_pump
carnevale,water_pump
caution,water_pump
crowded_environment,water_pump
dangerous,water_pump
description,water_pump
door,water_pump
foundations,water_pump
fruits,water_pump
garden,water_pump
germany,water_pump
girls,water_pump
he_lives_together,water_pump
headquarters,water_pump
hello,water_pump
hiking,water_pump
history,water_pump
hospital,water_pump
laramara,water_pump
library,water_pump
luci,water_pump
machine,water_pump
maritime,water_pump
market,water_pump
meeting,water_pump
memorial,water_pump
museum,water_pump
music,water_pump
neighborhood,water_pump
night,water_pump
obstacle,water_pump
park,water_pump
people,water_pump
perfumes,water_pump
piazza,water_pump
project,water_pump
rain,water_pump
restaurant,water_pump
scale,water_pump
sculpture,water_pump
sculptures,water_pump
sensations,water_pump
sole,water_pump
sorocaba,water_pump
sport,water_pump
stop,water_pump
streets,water_pump
tactile,water_pump
theater,water_pump
touch,water_pump
tram,water_pump
tranquillity,water_pump
turismo,water_pump
venice,water_pump
vision,water_pump
voices,water_pump
water,water_pump
words_and_more,water_pump
work,water_pump
._reference,welcome
33bienal,welcome
accessible,welcome
ambient_noise,welcome
audible_traffic_lights,welcome
bar,welcome
bells,welcome
binary,welcome
birds,welcome
blindwiki,welcome
bridges,welcome
calle_closed,welcome
car,welcome
carnevale,welcome
caution,welcome
culture,welcome
dangerous,welcome
dead,welcome
description,welcome
door,welcome
easter,welcome
fish,welcome
foundations,welcome
fruits,welcome
garden,welcome
girls,welcome
headquarters,welcome
hello,welcome
hiking,welcome
hospital,welcome
iglesia,welcome
lande,welcome
laramara,welcome
legends,welcome
library,welcome
luci,welcome
machine,welcome
maritime,welcome
market,welcome
meeting,welcome
memorial,welcome
mislata,welcome
movement,welcome
neighborhood,welcome
park,welcome
paseo,welcome
people,welcome
perfumes,welcome
project,welcome
rain,welcome
restaurant,welcome
scale,welcome
sculpture,welcome
shop,welcome
sole,welcome
sport,welcome
stop,welcome
streets,welcome
tactile,welcome
temporary,welcome
test,welcome
theater,welcome
tram,welcome
tree,welcome
turismo,welcome
university,welcome
vento,welcome
vision,welcome
wells,welcome
words_and_more,welcome
work,welcome
accessible,well
art,well
audible_traffic_lights,well
bar,well
bells,well
bike,well
birds,well
blindwiki,well
bridges,well
car,well
crowded_environment,well
dangerous,well
dead,well
description,well
fish,well
friendship,well
fruits,well
garden,well
girls,well
he_lives_together,well
headquarters,well
iglesia,well
lande,well
legends,well
library,well
luci,well
maritime,well
meeting,well
mislata,well
movement,well
museum,well
music,well
nature,well
neighborhood,well
night,well
odor,well
park,well
people,well
project,well
restaurant,well
scale,well
sculpture,well
sculptures,well
sensations,well
sole,well
sorocaba,well
sport,well
steps,well
streets,well
tactile,well
temporary,well
test,well
touch,well
tram,well
tree,well
turismo,well
university,well
vaporetto,well
vento,well
vision,well
voices,well
wall,well
water,well
wells,well
words_and_more,well
work,well
33bienal,wood
accessible,wood
ambient_noise,wood
art,wood
audible_traffic_lights,wood
bar,wood
bells,wood
binary,wood
birds,wood
blindwiki,wood
bridges,wood
calle_closed,wood
car,wood
carnevale,wood
caution,wood
crowded_environment,wood
dangerous,wood
dead,wood
easter,wood
fish,wood
foundations,wood
friendship,wood
fruits,wood
garden,wood
girls,wood
headquarters,wood
hello,wood
hiking,wood
history,wood
hospital,wood
iglesia,wood
lande,wood
legends,wood
library,wood
luci,wood
machine,wood
market,wood
meeting,wood
memorial,wood
mislata,wood
movement,wood
museum,wood
music,wood
neighborhood,wood
night,wood
obstacle,wood
odor,wood
paseo,wood
people,wood
piazza,wood
rain,wood
restaurant,wood
scale,wood
sculptures,wood
sensations,wood
shop,wood
sole,wood
steps,wood
stop,wood
temporary,wood
test,wood
tram,wood
tranquillity,wood
tree,wood
turismo,wood
university,wood
vento,wood
vision,wood
voices,wood
wall,wood
water,wood
wells,wood
words_and_more,wood
work,wood
._reference,workshop
accessible,workshop
ambient_noise,workshop
art,workshop
audible_traffic_lights,workshop
bar,workshop
bells,workshop
bike,workshop
binary,workshop
birds,workshop
blindwiki,workshop
calle_closed,workshop
car,workshop
carnevale,workshop
caution,workshop
culture,workshop
dangerous,workshop
dead,workshop
description,workshop
door,workshop
easter,workshop
fish,workshop
foundations,workshop
friendship,workshop
fruits,workshop
girls,workshop
he_lives_together,workshop
headquarters,workshop
hiking,workshop
history,workshop
hospital,workshop
iglesia,workshop
lande,workshop
laramara,workshop
luci,workshop
machine,workshop
maritime,workshop
market,workshop
meeting,workshop
memorial,workshop
movement,workshop
museum,workshop
music,workshop
neighborhood,workshop
night,workshop
odor,workshop
park,workshop
paseo,workshop
perfumes,workshop
piazza,workshop
project,workshop
rain,workshop
scale,workshop
sculpture,workshop
sculptures,workshop
sensations,workshop
shop,workshop
sole,workshop
sport,workshop
steps,workshop
streets,workshop
tactile,workshop
temporary,workshop
theater,workshop
touch,workshop
tram,workshop
tranquillity,workshop
tree,workshop
turismo,workshop
university,workshop
vaporetto,workshop
venice,workshop
vento,workshop
vision,workshop
voices,workshop
wall,workshop
water,workshop
wells,workshop
words_and_more,workshop
work,workshop
33bienal,worksite
ambient_noise,worksite
art,worksite
audible_traffic_lights,worksite
bar,worksite
blindwiki,worksite
bridges,worksite
calle_closed,worksite
caution,worksite
culture,worksite
dangerous,worksite
description,worksite
door,worksite
fish,worksite
friendship,worksite
fruits,worksite
garden,worksite
germany,worksite
girls,worksite
he_lives_together,worksite
headquarters,worksite
hello,worksite
hiking,worksite
hospital,worksite
iglesia,worksite
lande,worksite
legends,worksite
luci,worksite
machine,worksite
maritime,worksite
market,worksite
meeting,worksite
memorial,worksite
mislata,worksite
music,worksite
nature,worksite
neighborhood,worksite
night,worksite
obstacle,worksite
odor,worksite
park,worksite
paseo,worksite
people,worksite
perfumes,worksite
piazza,worksite
project,worksite
restaurant,worksite
scale,worksite
sculpture,worksite
sculptures,worksite
sensations,worksite
shop,worksite
sole,worksite
sport,worksite
steps,worksite
streets,worksite
tactile,worksite
temporary,worksite
test,worksite
theater,worksite
touch,worksite
tram,worksite
tree,worksite
turismo,worksite
vaporetto,worksite
venice,worksite
vento,worksite
vision,worksite
voices,worksite
wall,worksite
wells,worksite
accessible,worm
ambient_noise,worm
bar,worm
bells,worm
binary,worm
birds,worm
blindwiki,worm
bridges,worm
calle_closed,worm
car,worm
caution,worm
dangerous,worm
dead,worm
description,worm
easter,worm
fish,worm
friendship,worm
fruits,worm
garden,worm
germany,worm
girls,worm
he_lives_together,worm
headquarters,worm
hello,worm
hiking,worm
history,worm
hospital,worm
iglesia,worm
laramara,worm
legends,worm
library,worm
luci,worm
market,worm
memorial,worm
mislata,worm
movement,worm
museum,worm
music,worm
neighborhood,worm
night,worm
obstacle,worm
park,worm
paseo,worm
people,worm
perfumes,worm
project,worm
restaurant,worm
scale,worm
sculpture,worm
sensations,worm
shop,worm
sole,worm
sorocaba,worm
sport,worm
steps,worm
stop,worm
streets,worm
tactile,worm
temporary,worm
test,worm
theater,worm
tram,worm
tranquillity,worm
turismo,worm
university,worm
venice,worm
vento,worm
vision,worm
voices,worm
wall,worm
water,worm
wells,worm
words_and_more,worm
work,worm
._reference,years
33bienal,years
accessible,years
ambient_noise,years
art,years
audible_traffic_lights,years
bells,years
binary,years
birds,years
blindwiki,years
bridges,years
car,years
carnevale,years
crowded_environment,years
culture,years
dangerous,years
description,years
door,years
easter,years
fish,years
foundations,years
friendship,years
garden,years
germany,years
he_lives_together,years
headquarters,years
hiking,years
history,years
hospital,years
laramara,years
legends,years
machine,years
maritime,years
market,years
meeting,years
mislata,years
movement,years
museum,years
music,years
nature,years
neighborhood,years
night,years
obstacle,years
odor,years
park,years
people,years
project,years
rain,years
scale,years
sculpture,years
sculptures,years
sensations,years
sole,years
stop,years
tactile,years
temporary,years
test,years
theater,years
tram,years
tranquillity,years
turismo,years
university,years
venice,years
vento,years
vision,years
voices,years
water,years
wells,years
words_and_more,years
work,years
._reference,yokoham
33bienal,yokoham
accessible,yokoham
art,yokoham
audible_traffic_lights,yokoham
bar,yokoham
binary,yokoham
birds,yokoham
bridges,yokoham
car,yokoham
carnevale,yokoham
crowded_environment,yokoham
culture,yokoham
dangerous,yokoham
dead,yokoham
description,yokoham
door,yokoham
easter,yokoham
fish,yokoham
foundations,yokoham
fruits,yokoham
garden,yokoham
girls,yokoham
headquarters,yokoham
hello,yokoham
hiking,yokoham
history,yokoham
hospital,yokoham
iglesia,yokoham
laramara,yokoham
legends,yokoham
library,yokoham
luci,yokoham
machine,yokoham
maritime,yokoham
meeting,yokoham
memorial,yokoham
movement,yokoham
music,yokoham
nature,yokoham
neighborhood,yokoham
night,yokoham
park,yokoham
paseo,yokoham
people,yokoham
perfumes,yokoham
piazza,yokoham
project,yokoham
rain,yokoham
restaurant,yokoham
scale,yokoham
sculpture,yokoham
sensations,yokoham
shop,yokoham
sole,yokoham
sorocaba,yokoham
sport,yokoham
steps,yokoham
stop,yokoham
streets,yokoham
tactile,yokoham
theater,yokoham
touch,yokoham
tram,yokoham
vaporetto,yokoham
venice,yokoham
vento,yokoham
vision,yokoham
voices,yokoham
wall,yokoham
water,yokoham
wells,yokoham
work,yokoham
